kafka1  | 2026-09-25T22:29:53.444041442Z ===> User
kafka1  | 2026-09-25T22:29:53.447167396Z uid=1000(appuser) gid=1000(appuser) groups=1000(appuser)
kafka1  | 2026-09-25T22:29:53.447619025Z ===> Configuring ...
kafka1  | 2026-09-25T22:29:53.453640564Z Running in KRaft mode...
kafka1  | 2026-09-25T22:29:57.206365376Z ===> Running preflight checks ... 
kafka1  | 2026-09-25T22:29:57.209473300Z ===> Check if /var/lib/kafka/data is writable ...
kafka1  | 2026-09-25T22:29:57.772227192Z ===> Running in KRaft mode, skipping Zookeeper health check...
kafka1  | 2026-09-25T22:29:57.772270740Z ===> Using provided cluster id MkU3OEVBNTcwNTJENDM2Qk ...
kafka1  | 2026-09-25T22:29:59.556415501Z ===> Launching ... 
kafka1  | 2026-09-25T22:29:59.572304220Z ===> Launching kafka ... 
kafka1  | 2026-09-25T22:30:00.152610511Z [2026-09-25 22:30:00,152] INFO Registered kafka:type=kafka.Log4jController MBean (kafka.utils.Log4jControllerRegistration$)
kafka1  | 2026-09-25T22:30:00.430357775Z [2026-09-25 22:30:00,429] INFO Setting -D jdk.tls.rejectClientInitiatedRenegotiation=true to disable client-initiated TLS renegotiation (org.apache.zookeeper.common.X509Util)
kafka1  | 2026-09-25T22:30:00.662353126Z [2026-09-25 22:30:00,662] INFO Registered signal handlers for TERM, INT, HUP (org.apache.kafka.common.utils.LoggingSignalHandler)
kafka1  | 2026-09-25T22:30:00.668067147Z [2026-09-25 22:30:00,667] INFO [ControllerServer id=1] Starting controller (kafka.server.ControllerServer)
kafka1  | 2026-09-25T22:30:01.116878445Z [2026-09-25 22:30:01,116] INFO Updated connection-accept-rate max connection creation rate to 2147483647 (kafka.network.ConnectionQuotas)
kafka1  | 2026-09-25T22:30:01.148882015Z [2026-09-25 22:30:01,148] INFO [SocketServer listenerType=CONTROLLER, nodeId=1] Created data-plane acceptor and processors for endpoint : ListenerName(CONTROLLER) (kafka.network.SocketServer)
kafka1  | 2026-09-25T22:30:01.157492821Z [2026-09-25 22:30:01,157] INFO authorizerStart completed for endpoint CONTROLLER. Endpoint is now READY. (org.apache.kafka.server.network.EndpointReadyFutures)
kafka1  | 2026-09-25T22:30:01.158427970Z [2026-09-25 22:30:01,158] INFO [SharedServer id=1] Starting SharedServer (kafka.server.SharedServer)
kafka1  | 2026-09-25T22:30:01.231378480Z [2026-09-25 22:30:01,230] INFO [LogLoader partition=__cluster_metadata-0, dir=/var/lib/kafka/data] Loading producer state till offset 0 with message format version 2 (kafka.log.UnifiedLog$)
kafka1  | 2026-09-25T22:30:01.232360429Z [2026-09-25 22:30:01,232] INFO [LogLoader partition=__cluster_metadata-0, dir=/var/lib/kafka/data] Reloading from producer snapshot and rebuilding producer state from offset 0 (kafka.log.UnifiedLog$)
kafka2  | 2026-09-25T22:29:52.970424679Z ===> User
kafka2  | 2026-09-25T22:29:52.974815767Z uid=1000(appuser) gid=1000(appuser) groups=1000(appuser)
kafka2  | 2026-09-25T22:29:52.975479683Z ===> Configuring ...
kafka2  | 2026-09-25T22:29:52.980930299Z Running in KRaft mode...
kafka2  | 2026-09-25T22:29:57.054467639Z ===> Running preflight checks ... 
kafka2  | 2026-09-25T22:29:57.058237421Z ===> Check if /var/lib/kafka/data is writable ...
kafka2  | 2026-09-25T22:29:57.572391470Z ===> Running in KRaft mode, skipping Zookeeper health check...
kafka2  | 2026-09-25T22:29:57.572423376Z ===> Using provided cluster id MkU3OEVBNTcwNTJENDM2Qk ...
kafka2  | 2026-09-25T22:29:59.552878987Z ===> Launching ... 
kafka2  | 2026-09-25T22:29:59.572308847Z ===> Launching kafka ... 
kafka2  | 2026-09-25T22:30:00.120876023Z [2026-09-25 22:30:00,120] INFO Registered kafka:type=kafka.Log4jController MBean (kafka.utils.Log4jControllerRegistration$)
kafka2  | 2026-09-25T22:30:00.386102429Z [2026-09-25 22:30:00,385] INFO Setting -D jdk.tls.rejectClientInitiatedRenegotiation=true to disable client-initiated TLS renegotiation (org.apache.zookeeper.common.X509Util)
kafka2  | 2026-09-25T22:30:00.638349172Z [2026-09-25 22:30:00,638] INFO Registered signal handlers for TERM, INT, HUP (org.apache.kafka.common.utils.LoggingSignalHandler)
kafka2  | 2026-09-25T22:30:00.644638550Z [2026-09-25 22:30:00,643] INFO [ControllerServer id=2] Starting controller (kafka.server.ControllerServer)
kafka2  | 2026-09-25T22:30:01.104249819Z [2026-09-25 22:30:01,103] INFO Updated connection-accept-rate max connection creation rate to 2147483647 (kafka.network.ConnectionQuotas)
kafka2  | 2026-09-25T22:30:01.143437423Z [2026-09-25 22:30:01,143] INFO [SocketServer listenerType=CONTROLLER, nodeId=2] Created data-plane acceptor and processors for endpoint : ListenerName(CONTROLLER) (kafka.network.SocketServer)
kafka2  | 2026-09-25T22:30:01.152969368Z [2026-09-25 22:30:01,152] INFO authorizerStart completed for endpoint CONTROLLER. Endpoint is now READY. (org.apache.kafka.server.network.EndpointReadyFutures)
kafka2  | 2026-09-25T22:30:01.153334900Z [2026-09-25 22:30:01,153] INFO [SharedServer id=2] Starting SharedServer (kafka.server.SharedServer)
kafka2  | 2026-09-25T22:30:01.226239330Z [2026-09-25 22:30:01,225] INFO [LogLoader partition=__cluster_metadata-0, dir=/var/lib/kafka/data] Loading producer state till offset 0 with message format version 2 (kafka.log.UnifiedLog$)
kafka2  | 2026-09-25T22:30:01.227386274Z [2026-09-25 22:30:01,227] INFO [LogLoader partition=__cluster_metadata-0, dir=/var/lib/kafka/data] Reloading from producer snapshot and rebuilding producer state from offset 0 (kafka.log.UnifiedLog$)
kafka2  | 2026-09-25T22:30:01.227500683Z [2026-09-25 22:30:01,227] INFO [LogLoader partition=__cluster_metadata-0, dir=/var/lib/kafka/data] Producer state recovery took 0ms for snapshot load and 0ms for segment recovery from offset 0 (kafka.log.UnifiedLog$)
kafka3  | 2026-09-25T22:29:53.188407680Z ===> User
kafka1  | 2026-09-25T22:30:01.232431391Z [2026-09-25 22:30:01,232] INFO [LogLoader partition=__cluster_metadata-0, dir=/var/lib/kafka/data] Producer state recovery took 0ms for snapshot load and 0ms for segment recovery from offset 0 (kafka.log.UnifiedLog$)
kafka1  | 2026-09-25T22:30:01.273909098Z [2026-09-25 22:30:01,273] INFO Initialized snapshots with IDs SortedSet() from /var/lib/kafka/data/__cluster_metadata-0 (kafka.raft.KafkaMetadataLog$)
kafka1  | 2026-09-25T22:30:01.289813401Z [2026-09-25 22:30:01,289] INFO [raft-expiration-reaper]: Starting (kafka.raft.TimingWheelExpirationService$ExpiredOperationReaper)
kafka1  | 2026-09-25T22:30:01.460165890Z [2026-09-25 22:30:01,459] INFO [RaftManager id=1] Completed transition to Unattached(epoch=0, voters=[1, 2, 3], electionTimeoutMs=1628) from null (org.apache.kafka.raft.QuorumState)
kafka1  | 2026-09-25T22:30:01.463467721Z [2026-09-25 22:30:01,463] INFO [kafka-1-raft-outbound-request-thread]: Starting (org.apache.kafka.raft.KafkaNetworkChannel$SendThread)
kafka1  | 2026-09-25T22:30:01.463509925Z [2026-09-25 22:30:01,463] INFO [kafka-1-raft-io-thread]: Starting (kafka.raft.KafkaRaftManager$RaftIoThread)
kafka1  | 2026-09-25T22:30:01.485174804Z [2026-09-25 22:30:01,484] INFO [MetadataLoader id=1] initializeNewPublishers: the loader is still catching up because we still don't know the high water mark yet. (org.apache.kafka.image.loader.MetadataLoader)
kafka1  | 2026-09-25T22:30:01.487164133Z [2026-09-25 22:30:01,486] INFO [RaftManager id=1] Registered the listener org.apache.kafka.image.loader.MetadataLoader@293625805 (org.apache.kafka.raft.KafkaRaftClient)
kafka1  | 2026-09-25T22:30:01.487197692Z [2026-09-25 22:30:01,486] INFO [ControllerServer id=1] Waiting for controller quorum voters future (kafka.server.ControllerServer)
kafka1  | 2026-09-25T22:30:01.487458341Z [2026-09-25 22:30:01,487] INFO [ControllerServer id=1] Finished waiting for controller quorum voters future (kafka.server.ControllerServer)
kafka1  | 2026-09-25T22:30:01.536163200Z [2026-09-25 22:30:01,535] INFO [QuorumController id=1] Creating new QuorumController with clusterId MkU3OEVBNTcwNTJENDM2Qk. (org.apache.kafka.controller.QuorumController)
kafka1  | 2026-09-25T22:30:01.536810835Z [2026-09-25 22:30:01,536] INFO [RaftManager id=1] Registered the listener org.apache.kafka.controller.QuorumController$QuorumMetaLogListener@695369572 (org.apache.kafka.raft.KafkaRaftClient)
kafka1  | 2026-09-25T22:30:01.549119233Z [2026-09-25 22:30:01,548] INFO [controller-1-ThrottledChannelReaper-Fetch]: Starting (kafka.server.ClientQuotaManager$ThrottledChannelReaper)
kafka1  | 2026-09-25T22:30:01.549942798Z [2026-09-25 22:30:01,549] INFO [controller-1-ThrottledChannelReaper-Produce]: Starting (kafka.server.ClientQuotaManager$ThrottledChannelReaper)
kafka1  | 2026-09-25T22:30:01.551964806Z [2026-09-25 22:30:01,551] INFO [controller-1-ThrottledChannelReaper-Request]: Starting (kafka.server.ClientQuotaManager$ThrottledChannelReaper)
kafka1  | 2026-09-25T22:30:01.555471056Z [2026-09-25 22:30:01,555] INFO [controller-1-ThrottledChannelReaper-ControllerMutation]: Starting (kafka.server.ClientQuotaManager$ThrottledChannelReaper)
kafka1  | 2026-09-25T22:30:01.586833796Z [2026-09-25 22:30:01,585] INFO [MetadataLoader id=1] initializeNewPublishers: the loader is still catching up because we still don't know the high water mark yet. (org.apache.kafka.image.loader.MetadataLoader)
kafka1  | 2026-09-25T22:30:01.591876055Z [2026-09-25 22:30:01,591] INFO [ExpirationReaper-1-AlterAcls]: Starting (kafka.server.DelayedOperationPurgatory$ExpiredOperationReaper)
kafka1  | 2026-09-25T22:30:01.621309217Z [2026-09-25 22:30:01,620] INFO [ControllerServer id=1] Waiting for the controller metadata publishers to be installed (kafka.server.ControllerServer)
kafka1  | 2026-09-25T22:30:01.622219907Z [2026-09-25 22:30:01,621] INFO [MetadataLoader id=1] initializeNewPublishers: the loader is still catching up because we still don't know the high water mark yet. (org.apache.kafka.image.loader.MetadataLoader)
kafka1  | 2026-09-25T22:30:01.622458669Z [2026-09-25 22:30:01,622] INFO [ControllerServer id=1] Finished waiting for the controller metadata publishers to be installed (kafka.server.ControllerServer)
kafka1  | 2026-09-25T22:30:01.624197972Z [2026-09-25 22:30:01,623] INFO [SocketServer listenerType=CONTROLLER, nodeId=1] Enabling request processing. (kafka.network.SocketServer)
kafka1  | 2026-09-25T22:30:01.634196716Z [2026-09-25 22:30:01,632] INFO Awaiting socket connections on kafka1:9093. (kafka.network.DataPlaneAcceptor)
kafka1  | 2026-09-25T22:30:01.661381274Z [2026-09-25 22:30:01,660] INFO [controller-1-to-controller-registration-channel-manager]: Starting (kafka.server.NodeToControllerRequestThread)
kafka1  | 2026-09-25T22:30:01.661683023Z [2026-09-25 22:30:01,661] INFO [ControllerServer id=1] Waiting for all of the authorizer futures to be completed (kafka.server.ControllerServer)
kafka1  | 2026-09-25T22:30:01.661700666Z [2026-09-25 22:30:01,661] INFO [ControllerServer id=1] Finished waiting for all of the authorizer futures to be completed (kafka.server.ControllerServer)
kafka1  | 2026-09-25T22:30:01.661703541Z [2026-09-25 22:30:01,661] INFO [ControllerServer id=1] Waiting for all of the SocketServer Acceptors to be started (kafka.server.ControllerServer)
kafka1  | 2026-09-25T22:30:01.661853588Z [2026-09-25 22:30:01,661] INFO [ControllerServer id=1] Finished waiting for all of the SocketServer Acceptors to be started (kafka.server.ControllerServer)
kafka1  | 2026-09-25T22:30:01.661870351Z [2026-09-25 22:30:01,661] INFO [ControllerRegistrationManager id=1 incarnation=R-C9ZIcqSpWYzRo0srjYKg] initialized channel manager. (kafka.server.ControllerRegistrationManager)
kafka1  | 2026-09-25T22:30:01.662370452Z [2026-09-25 22:30:01,662] INFO [ControllerRegistrationManager id=1 incarnation=R-C9ZIcqSpWYzRo0srjYKg] maybeSendControllerRegistration: cannot register yet because the metadata version is still 3.0-IV1, which does not support KIP-919 controller registration. (kafka.server.ControllerRegistrationManager)
kafka1  | 2026-09-25T22:30:01.662764237Z [2026-09-25 22:30:01,662] INFO [BrokerServer id=1] Transition from SHUTDOWN to STARTING (kafka.server.BrokerServer)
kafka1  | 2026-09-25T22:30:01.663953962Z [2026-09-25 22:30:01,663] INFO [BrokerServer id=1] Starting broker (kafka.server.BrokerServer)
kafka1  | 2026-09-25T22:30:01.672279450Z [2026-09-25 22:30:01,671] INFO [broker-1-ThrottledChannelReaper-Fetch]: Starting (kafka.server.ClientQuotaManager$ThrottledChannelReaper)
kafka1  | 2026-09-25T22:30:01.672643890Z [2026-09-25 22:30:01,672] INFO [broker-1-ThrottledChannelReaper-Produce]: Starting (kafka.server.ClientQuotaManager$ThrottledChannelReaper)
kafka1  | 2026-09-25T22:30:01.673642759Z [2026-09-25 22:30:01,673] INFO [broker-1-ThrottledChannelReaper-Request]: Starting (kafka.server.ClientQuotaManager$ThrottledChannelReaper)
kafka1  | 2026-09-25T22:30:01.675580795Z [2026-09-25 22:30:01,674] INFO [broker-1-ThrottledChannelReaper-ControllerMutation]: Starting (kafka.server.ClientQuotaManager$ThrottledChannelReaper)
kafka1  | 2026-09-25T22:30:01.715348623Z [2026-09-25 22:30:01,714] INFO [BrokerServer id=1] Waiting for controller quorum voters future (kafka.server.BrokerServer)
kafka1  | 2026-09-25T22:30:01.715394447Z [2026-09-25 22:30:01,715] INFO [BrokerServer id=1] Finished waiting for controller quorum voters future (kafka.server.BrokerServer)
kafka1  | 2026-09-25T22:30:01.719583146Z [2026-09-25 22:30:01,719] INFO [broker-1-to-controller-forwarding-channel-manager]: Starting (kafka.server.NodeToControllerRequestThread)
kafka1  | 2026-09-25T22:30:01.722731761Z [2026-09-25 22:30:01,722] INFO [MetadataLoader id=1] initializeNewPublishers: the loader is still catching up because we still don't know the high water mark yet. (org.apache.kafka.image.loader.MetadataLoader)
kafka1  | 2026-09-25T22:30:01.824631658Z [2026-09-25 22:30:01,823] INFO [MetadataLoader id=1] initializeNewPublishers: the loader is still catching up because we still don't know the high water mark yet. (org.apache.kafka.image.loader.MetadataLoader)
kafka1  | 2026-09-25T22:30:01.850030389Z [2026-09-25 22:30:01,841] INFO Updated connection-accept-rate max connection creation rate to 2147483647 (kafka.network.ConnectionQuotas)
kafka1  | 2026-09-25T22:30:01.913226685Z [2026-09-25 22:30:01,912] INFO [SocketServer listenerType=BROKER, nodeId=1] Created data-plane acceptor and processors for endpoint : ListenerName(PLAINTEXT) (kafka.network.SocketServer)
kafka1  | 2026-09-25T22:30:01.914834721Z [2026-09-25 22:30:01,913] INFO Updated connection-accept-rate max connection creation rate to 2147483647 (kafka.network.ConnectionQuotas)
kafka1  | 2026-09-25T22:30:01.931183490Z [2026-09-25 22:30:01,929] INFO [MetadataLoader id=1] initializeNewPublishers: the loader is still catching up because we still don't know the high water mark yet. (org.apache.kafka.image.loader.MetadataLoader)
kafka1  | 2026-09-25T22:30:01.935747327Z [2026-09-25 22:30:01,934] INFO [SocketServer listenerType=BROKER, nodeId=1] Created data-plane acceptor and processors for endpoint : ListenerName(EXTERNAL) (kafka.network.SocketServer)
kafka1  | 2026-09-25T22:30:01.965556726Z [2026-09-25 22:30:01,965] INFO [broker-1-to-controller-alter-partition-channel-manager]: Starting (kafka.server.NodeToControllerRequestThread)
kafka1  | 2026-09-25T22:30:01.989196180Z [2026-09-25 22:30:01,986] INFO [broker-1-to-controller-directory-assignments-channel-manager]: Starting (kafka.server.NodeToControllerRequestThread)
kafka1  | 2026-09-25T22:30:02.039336694Z [2026-09-25 22:30:02,037] INFO [MetadataLoader id=1] initializeNewPublishers: the loader is still catching up because we still don't know the high water mark yet. (org.apache.kafka.image.loader.MetadataLoader)
kafka1  | 2026-09-25T22:30:02.041421542Z [2026-09-25 22:30:02,040] INFO [ExpirationReaper-1-Fetch]: Starting (kafka.server.DelayedOperationPurgatory$ExpiredOperationReaper)
kafka1  | 2026-09-25T22:30:02.041451234Z [2026-09-25 22:30:02,037] INFO [ExpirationReaper-1-Produce]: Starting (kafka.server.DelayedOperationPurgatory$ExpiredOperationReaper)
kafka1  | 2026-09-25T22:30:02.044611219Z [2026-09-25 22:30:02,043] INFO [ExpirationReaper-1-DeleteRecords]: Starting (kafka.server.DelayedOperationPurgatory$ExpiredOperationReaper)
kafka1  | 2026-09-25T22:30:02.048214365Z [2026-09-25 22:30:02,047] INFO [ExpirationReaper-1-ElectLeader]: Starting (kafka.server.DelayedOperationPurgatory$ExpiredOperationReaper)
kafka1  | 2026-09-25T22:30:02.050623886Z [2026-09-25 22:30:02,048] INFO [ExpirationReaper-1-RemoteFetch]: Starting (kafka.server.DelayedOperationPurgatory$ExpiredOperationReaper)
kafka1  | 2026-09-25T22:30:02.098836291Z [2026-09-25 22:30:02,098] INFO [ExpirationReaper-1-Heartbeat]: Starting (kafka.server.DelayedOperationPurgatory$ExpiredOperationReaper)
kafka1  | 2026-09-25T22:30:02.099649558Z [2026-09-25 22:30:02,099] INFO [ExpirationReaper-1-Rebalance]: Starting (kafka.server.DelayedOperationPurgatory$ExpiredOperationReaper)
kafka1  | 2026-09-25T22:30:02.140609904Z [2026-09-25 22:30:02,140] INFO [MetadataLoader id=1] initializeNewPublishers: the loader is still catching up because we still don't know the high water mark yet. (org.apache.kafka.image.loader.MetadataLoader)
kafka2  | 2026-09-25T22:30:01.264228862Z [2026-09-25 22:30:01,263] INFO Initialized snapshots with IDs SortedSet() from /var/lib/kafka/data/__cluster_metadata-0 (kafka.raft.KafkaMetadataLog$)
kafka2  | 2026-09-25T22:30:01.278995964Z [2026-09-25 22:30:01,278] INFO [raft-expiration-reaper]: Starting (kafka.raft.TimingWheelExpirationService$ExpiredOperationReaper)
kafka2  | 2026-09-25T22:30:01.454706679Z [2026-09-25 22:30:01,454] INFO [RaftManager id=2] Completed transition to Unattached(epoch=0, voters=[1, 2, 3], electionTimeoutMs=1212) from null (org.apache.kafka.raft.QuorumState)
kafka2  | 2026-09-25T22:30:01.457836314Z [2026-09-25 22:30:01,457] INFO [kafka-2-raft-outbound-request-thread]: Starting (org.apache.kafka.raft.KafkaNetworkChannel$SendThread)
kafka2  | 2026-09-25T22:30:01.457875515Z [2026-09-25 22:30:01,457] INFO [kafka-2-raft-io-thread]: Starting (kafka.raft.KafkaRaftManager$RaftIoThread)
kafka2  | 2026-09-25T22:30:01.476455581Z [2026-09-25 22:30:01,476] INFO [MetadataLoader id=2] initializeNewPublishers: the loader is still catching up because we still don't know the high water mark yet. (org.apache.kafka.image.loader.MetadataLoader)
kafka2  | 2026-09-25T22:30:01.480080034Z [2026-09-25 22:30:01,479] INFO [RaftManager id=2] Registered the listener org.apache.kafka.image.loader.MetadataLoader@1621357857 (org.apache.kafka.raft.KafkaRaftClient)
kafka2  | 2026-09-25T22:30:01.480151152Z [2026-09-25 22:30:01,479] INFO [ControllerServer id=2] Waiting for controller quorum voters future (kafka.server.ControllerServer)
kafka2  | 2026-09-25T22:30:01.480158658Z [2026-09-25 22:30:01,479] INFO [ControllerServer id=2] Finished waiting for controller quorum voters future (kafka.server.ControllerServer)
kafka2  | 2026-09-25T22:30:01.527511737Z [2026-09-25 22:30:01,526] INFO [QuorumController id=2] Creating new QuorumController with clusterId MkU3OEVBNTcwNTJENDM2Qk. (org.apache.kafka.controller.QuorumController)
kafka1  | 2026-09-25T22:30:02.180050525Z [2026-09-25 22:30:02,179] INFO Unable to read the broker epoch in /var/lib/kafka/data. (kafka.log.LogManager)
kafka1  | 2026-09-25T22:30:02.182131337Z [2026-09-25 22:30:02,181] INFO [broker-1-to-controller-heartbeat-channel-manager]: Starting (kafka.server.NodeToControllerRequestThread)
kafka1  | 2026-09-25T22:30:02.194196704Z [2026-09-25 22:30:02,193] INFO [BrokerLifecycleManager id=1] Incarnation kNxjNBydRLGhlVGpN9dUWQ of broker 1 in cluster MkU3OEVBNTcwNTJENDM2Qk is now STARTING. (kafka.server.BrokerLifecycleManager)
kafka1  | 2026-09-25T22:30:02.221499292Z [2026-09-25 22:30:02,221] INFO [ExpirationReaper-1-AlterAcls]: Starting (kafka.server.DelayedOperationPurgatory$ExpiredOperationReaper)
kafka1  | 2026-09-25T22:30:02.241045091Z [2026-09-25 22:30:02,240] INFO [MetadataLoader id=1] initializeNewPublishers: the loader is still catching up because we still don't know the high water mark yet. (org.apache.kafka.image.loader.MetadataLoader)
kafka1  | 2026-09-25T22:30:02.280451611Z [2026-09-25 22:30:02,279] INFO [BrokerServer id=1] Waiting for the broker metadata publishers to be installed (kafka.server.BrokerServer)
kafka2  | 2026-09-25T22:30:01.527551682Z [2026-09-25 22:30:01,527] INFO [RaftManager id=2] Registered the listener org.apache.kafka.controller.QuorumController$QuorumMetaLogListener@113057231 (org.apache.kafka.raft.KafkaRaftClient)
kafka2  | 2026-09-25T22:30:01.537546139Z [2026-09-25 22:30:01,537] INFO [controller-2-ThrottledChannelReaper-Fetch]: Starting (kafka.server.ClientQuotaManager$ThrottledChannelReaper)
kafka2  | 2026-09-25T22:30:01.538727461Z [2026-09-25 22:30:01,538] INFO [controller-2-ThrottledChannelReaper-Produce]: Starting (kafka.server.ClientQuotaManager$ThrottledChannelReaper)
kafka2  | 2026-09-25T22:30:01.540691041Z [2026-09-25 22:30:01,540] INFO [controller-2-ThrottledChannelReaper-Request]: Starting (kafka.server.ClientQuotaManager$ThrottledChannelReaper)
kafka2  | 2026-09-25T22:30:01.543612111Z [2026-09-25 22:30:01,543] INFO [controller-2-ThrottledChannelReaper-ControllerMutation]: Starting (kafka.server.ClientQuotaManager$ThrottledChannelReaper)
kafka2  | 2026-09-25T22:30:01.576931850Z [2026-09-25 22:30:01,576] INFO [MetadataLoader id=2] initializeNewPublishers: the loader is still catching up because we still don't know the high water mark yet. (org.apache.kafka.image.loader.MetadataLoader)
kafka2  | 2026-09-25T22:30:01.589399659Z [2026-09-25 22:30:01,588] INFO [ExpirationReaper-2-AlterAcls]: Starting (kafka.server.DelayedOperationPurgatory$ExpiredOperationReaper)
kafka2  | 2026-09-25T22:30:01.618958710Z [2026-09-25 22:30:01,618] INFO [ControllerServer id=2] Waiting for the controller metadata publishers to be installed (kafka.server.ControllerServer)
kafka2  | 2026-09-25T22:30:01.619421485Z [2026-09-25 22:30:01,619] INFO [ControllerServer id=2] Finished waiting for the controller metadata publishers to be installed (kafka.server.ControllerServer)
kafka2  | 2026-09-25T22:30:01.619613695Z [2026-09-25 22:30:01,619] INFO [MetadataLoader id=2] initializeNewPublishers: the loader is still catching up because we still don't know the high water mark yet. (org.apache.kafka.image.loader.MetadataLoader)
kafka2  | 2026-09-25T22:30:01.620521675Z [2026-09-25 22:30:01,620] INFO [SocketServer listenerType=CONTROLLER, nodeId=2] Enabling request processing. (kafka.network.SocketServer)
kafka2  | 2026-09-25T22:30:01.630223888Z [2026-09-25 22:30:01,629] INFO Awaiting socket connections on kafka2:9093. (kafka.network.DataPlaneAcceptor)
kafka2  | 2026-09-25T22:30:01.652703053Z [2026-09-25 22:30:01,652] INFO [controller-2-to-controller-registration-channel-manager]: Starting (kafka.server.NodeToControllerRequestThread)
kafka2  | 2026-09-25T22:30:01.653331217Z [2026-09-25 22:30:01,652] INFO [ControllerServer id=2] Waiting for all of the authorizer futures to be completed (kafka.server.ControllerServer)
kafka2  | 2026-09-25T22:30:01.653351676Z [2026-09-25 22:30:01,653] INFO [ControllerServer id=2] Finished waiting for all of the authorizer futures to be completed (kafka.server.ControllerServer)
kafka2  | 2026-09-25T22:30:01.653353960Z [2026-09-25 22:30:01,653] INFO [ControllerRegistrationManager id=2 incarnation=9ezpG7YKRz6jCuKuKcZJUg] initialized channel manager. (kafka.server.ControllerRegistrationManager)
kafka2  | 2026-09-25T22:30:01.653510059Z [2026-09-25 22:30:01,653] INFO [ControllerServer id=2] Waiting for all of the SocketServer Acceptors to be started (kafka.server.ControllerServer)
kafka2  | 2026-09-25T22:30:01.653523958Z [2026-09-25 22:30:01,653] INFO [ControllerServer id=2] Finished waiting for all of the SocketServer Acceptors to be started (kafka.server.ControllerServer)
kafka2  | 2026-09-25T22:30:01.653963107Z [2026-09-25 22:30:01,653] INFO [ControllerRegistrationManager id=2 incarnation=9ezpG7YKRz6jCuKuKcZJUg] maybeSendControllerRegistration: cannot register yet because the metadata version is still 3.0-IV1, which does not support KIP-919 controller registration. (kafka.server.ControllerRegistrationManager)
kafka2  | 2026-09-25T22:30:01.657860151Z [2026-09-25 22:30:01,657] INFO [BrokerServer id=2] Transition from SHUTDOWN to STARTING (kafka.server.BrokerServer)
kafka2  | 2026-09-25T22:30:01.659384361Z [2026-09-25 22:30:01,659] INFO [BrokerServer id=2] Starting broker (kafka.server.BrokerServer)
kafka2  | 2026-09-25T22:30:01.673440432Z [2026-09-25 22:30:01,673] INFO [broker-2-ThrottledChannelReaper-Fetch]: Starting (kafka.server.ClientQuotaManager$ThrottledChannelReaper)
kafka2  | 2026-09-25T22:30:01.673658365Z [2026-09-25 22:30:01,673] INFO [broker-2-ThrottledChannelReaper-Produce]: Starting (kafka.server.ClientQuotaManager$ThrottledChannelReaper)
kafka2  | 2026-09-25T22:30:01.674644328Z [2026-09-25 22:30:01,674] INFO [broker-2-ThrottledChannelReaper-Request]: Starting (kafka.server.ClientQuotaManager$ThrottledChannelReaper)
kafka2  | 2026-09-25T22:30:01.675612761Z [2026-09-25 22:30:01,675] INFO [broker-2-ThrottledChannelReaper-ControllerMutation]: Starting (kafka.server.ClientQuotaManager$ThrottledChannelReaper)
kafka2  | 2026-09-25T22:30:01.709980190Z [2026-09-25 22:30:01,709] INFO [BrokerServer id=2] Waiting for controller quorum voters future (kafka.server.BrokerServer)
kafka2  | 2026-09-25T22:30:01.710002521Z [2026-09-25 22:30:01,709] INFO [BrokerServer id=2] Finished waiting for controller quorum voters future (kafka.server.BrokerServer)
kafka2  | 2026-09-25T22:30:01.713756144Z [2026-09-25 22:30:01,713] INFO [broker-2-to-controller-forwarding-channel-manager]: Starting (kafka.server.NodeToControllerRequestThread)
kafka2  | 2026-09-25T22:30:01.720396598Z [2026-09-25 22:30:01,719] INFO [MetadataLoader id=2] initializeNewPublishers: the loader is still catching up because we still don't know the high water mark yet. (org.apache.kafka.image.loader.MetadataLoader)
kafka2  | 2026-09-25T22:30:01.806756527Z [2026-09-25 22:30:01,805] INFO Updated connection-accept-rate max connection creation rate to 2147483647 (kafka.network.ConnectionQuotas)
kafka1  | 2026-09-25T22:30:02.280495601Z [2026-09-25 22:30:02,280] INFO [BrokerServer id=1] Finished waiting for the broker metadata publishers to be installed (kafka.server.BrokerServer)
kafka1  | 2026-09-25T22:30:02.280498063Z [2026-09-25 22:30:02,280] INFO [MetadataLoader id=1] initializeNewPublishers: the loader is still catching up because we still don't know the high water mark yet. (org.apache.kafka.image.loader.MetadataLoader)
kafka1  | 2026-09-25T22:30:02.280499872Z [2026-09-25 22:30:02,280] INFO [BrokerServer id=1] Waiting for the controller to acknowledge that we are caught up (kafka.server.BrokerServer)
kafka1  | 2026-09-25T22:30:02.381372708Z [2026-09-25 22:30:02,380] INFO [MetadataLoader id=1] initializeNewPublishers: the loader is still catching up because we still don't know the high water mark yet. (org.apache.kafka.image.loader.MetadataLoader)
kafka1  | 2026-09-25T22:30:02.481746726Z [2026-09-25 22:30:02,481] INFO [MetadataLoader id=1] initializeNewPublishers: the loader is still catching up because we still don't know the high water mark yet. (org.apache.kafka.image.loader.MetadataLoader)
kafka1  | 2026-09-25T22:30:02.582377921Z [2026-09-25 22:30:02,581] INFO [MetadataLoader id=1] initializeNewPublishers: the loader is still catching up because we still don't know the high water mark yet. (org.apache.kafka.image.loader.MetadataLoader)
kafka1  | 2026-09-25T22:30:02.636356956Z [2026-09-25 22:30:02,635] INFO [RaftManager id=1] Completed transition to Unattached(epoch=1, voters=[1, 2, 3], electionTimeoutMs=312) from Unattached(epoch=0, voters=[1, 2, 3], electionTimeoutMs=1628) (org.apache.kafka.raft.QuorumState)
kafka1  | 2026-09-25T22:30:02.640317376Z [2026-09-25 22:30:02,639] INFO [QuorumController id=1] In the new epoch 1, the leader is (none). (org.apache.kafka.controller.QuorumController)
kafka1  | 2026-09-25T22:30:02.647942633Z [2026-09-25 22:30:02,647] INFO [RaftManager id=1] Completed transition to Voted(epoch=1, votedId=2, voters=[1, 2, 3], electionTimeoutMs=1199) from Unattached(epoch=1, voters=[1, 2, 3], electionTimeoutMs=312) (org.apache.kafka.raft.QuorumState)
kafka1  | 2026-09-25T22:30:02.648593173Z [2026-09-25 22:30:02,648] INFO [RaftManager id=1] Vote request VoteRequestData(clusterId='MkU3OEVBNTcwNTJENDM2Qk', topics=[TopicData(topicName='__cluster_metadata', partitions=[PartitionData(partitionIndex=0, candidateEpoch=1, candidateId=2, lastOffsetEpoch=0, lastOffset=0)])]) with epoch 1 is granted (org.apache.kafka.raft.KafkaRaftClient)
kafka1  | 2026-09-25T22:30:02.682874629Z [2026-09-25 22:30:02,682] INFO [MetadataLoader id=1] initializeNewPublishers: the loader is still catching up because we still don't know the high water mark yet. (org.apache.kafka.image.loader.MetadataLoader)
kafka1  | 2026-09-25T22:30:02.703281441Z [2026-09-25 22:30:02,702] INFO [RaftManager id=1] Completed transition to FollowerState(fetchTimeoutMs=2000, epoch=1, leaderId=2, voters=[1, 2, 3], highWatermark=Optional.empty, fetchingSnapshot=Optional.empty) from Voted(epoch=1, votedId=2, voters=[1, 2, 3], electionTimeoutMs=1199) (org.apache.kafka.raft.QuorumState)
kafka1  | 2026-09-25T22:30:02.703886780Z [2026-09-25 22:30:02,703] INFO [QuorumController id=1] In the new epoch 1, the leader is 2. (org.apache.kafka.controller.QuorumController)
kafka1  | 2026-09-25T22:30:02.749439692Z [2026-09-25 22:30:02,747] INFO [broker-1-to-controller-forwarding-channel-manager]: Recorded new KRaft controller, from now on will use node kafka2:9093 (id: 2 rack: null) (kafka.server.NodeToControllerRequestThread)
kafka1  | 2026-09-25T22:30:02.772744106Z [2026-09-25 22:30:02,772] INFO [broker-1-to-controller-alter-partition-channel-manager]: Recorded new KRaft controller, from now on will use node kafka2:9093 (id: 2 rack: null) (kafka.server.NodeToControllerRequestThread)
kafka1  | 2026-09-25T22:30:02.783629690Z [2026-09-25 22:30:02,783] INFO [MetadataLoader id=1] initializeNewPublishers: the loader is still catching up because we still don't know the high water mark yet. (org.apache.kafka.image.loader.MetadataLoader)
kafka1  | 2026-09-25T22:30:02.791982644Z [2026-09-25 22:30:02,791] INFO [broker-1-to-controller-heartbeat-channel-manager]: Recorded new KRaft controller, from now on will use node kafka2:9093 (id: 2 rack: null) (kafka.server.NodeToControllerRequestThread)
kafka1  | 2026-09-25T22:30:02.794994261Z [2026-09-25 22:30:02,794] INFO [broker-1-to-controller-directory-assignments-channel-manager]: Recorded new KRaft controller, from now on will use node kafka2:9093 (id: 2 rack: null) (kafka.server.NodeToControllerRequestThread)
kafka1  | 2026-09-25T22:30:02.806686740Z [2026-09-25 22:30:02,806] INFO [controller-1-to-controller-registration-channel-manager]: Recorded new KRaft controller, from now on will use node kafka2:9093 (id: 2 rack: null) (kafka.server.NodeToControllerRequestThread)
kafka1  | 2026-09-25T22:30:02.834735653Z [2026-09-25 22:30:02,832] INFO [NodeToControllerChannelManager id=1 name=heartbeat] Client requested disconnect from node 2 (org.apache.kafka.clients.NetworkClient)
kafka1  | 2026-09-25T22:30:02.837257203Z [2026-09-25 22:30:02,836] INFO [broker-1-to-controller-heartbeat-channel-manager]: Recorded new KRaft controller, from now on will use node kafka2:9093 (id: 2 rack: null) (kafka.server.NodeToControllerRequestThread)
kafka1  | 2026-09-25T22:30:02.884343548Z [2026-09-25 22:30:02,883] INFO [MetadataLoader id=1] initializeNewPublishers: the loader is still catching up because we still don't know the high water mark yet. (org.apache.kafka.image.loader.MetadataLoader)
kafka1  | 2026-09-25T22:30:02.889742001Z [2026-09-25 22:30:02,886] INFO [broker-1-to-controller-heartbeat-channel-manager]: Recorded new KRaft controller, from now on will use node kafka2:9093 (id: 2 rack: null) (kafka.server.NodeToControllerRequestThread)
kafka1  | 2026-09-25T22:30:02.986023155Z [2026-09-25 22:30:02,984] INFO [MetadataLoader id=1] initializeNewPublishers: the loader is still catching up because we still don't know the high water mark yet. (org.apache.kafka.image.loader.MetadataLoader)
kafka1  | 2026-09-25T22:30:02.989012772Z [2026-09-25 22:30:02,988] INFO [RaftManager id=1] High watermark set to Optional[LogOffsetMetadata(offset=1, metadata=Optional.empty)] for the first time for epoch 1 (org.apache.kafka.raft.FollowerState)
kafka1  | 2026-09-25T22:30:03.036640161Z [2026-09-25 22:30:03,036] INFO [MetadataLoader id=1] maybePublishMetadata(LOG_DELTA): The loader is still catching up because we have not loaded a controller record as of offset 0 and high water mark is 1 (org.apache.kafka.image.loader.MetadataLoader)
kafka1  | 2026-09-25T22:30:03.040195856Z [2026-09-25 22:30:03,039] INFO [BrokerLifecycleManager id=1] Successfully registered broker 1 with broker epoch 6 (kafka.server.BrokerLifecycleManager)
kafka1  | 2026-09-25T22:30:03.086760240Z [2026-09-25 22:30:03,086] INFO [MetadataLoader id=1] initializeNewPublishers: The loader finished catching up to the current high water mark of 1 (org.apache.kafka.image.loader.MetadataLoader)
kafka1  | 2026-09-25T22:30:03.097294819Z [2026-09-25 22:30:03,096] INFO [MetadataLoader id=1] InitializeNewPublishers: initializing SnapshotGenerator with a snapshot at offset 0 (org.apache.kafka.image.loader.MetadataLoader)
kafka1  | 2026-09-25T22:30:03.097814243Z [2026-09-25 22:30:03,097] INFO [MetadataLoader id=1] InitializeNewPublishers: initializing KRaftMetadataCachePublisher with a snapshot at offset 0 (org.apache.kafka.image.loader.MetadataLoader)
kafka1  | 2026-09-25T22:30:03.097841535Z [2026-09-25 22:30:03,097] INFO [MetadataLoader id=1] InitializeNewPublishers: initializing FeaturesPublisher with a snapshot at offset 0 (org.apache.kafka.image.loader.MetadataLoader)
kafka1  | 2026-09-25T22:30:03.098128441Z [2026-09-25 22:30:03,097] INFO [ControllerServer id=1] Loaded new metadata Features(version=3.0-IV1, finalizedFeatures={metadata.version=1}, finalizedFeaturesEpoch=0). (org.apache.kafka.metadata.publisher.FeaturesPublisher)
kafka1  | 2026-09-25T22:30:03.098135218Z [2026-09-25 22:30:03,098] INFO [MetadataLoader id=1] InitializeNewPublishers: initializing ControllerRegistrationsPublisher with a snapshot at offset 0 (org.apache.kafka.image.loader.MetadataLoader)
kafka1  | 2026-09-25T22:30:03.099741256Z [2026-09-25 22:30:03,098] INFO [MetadataLoader id=1] InitializeNewPublishers: initializing ControllerRegistrationManager with a snapshot at offset 0 (org.apache.kafka.image.loader.MetadataLoader)
kafka1  | 2026-09-25T22:30:03.102806645Z [2026-09-25 22:30:03,102] INFO [MetadataLoader id=1] InitializeNewPublishers: initializing DynamicConfigPublisher controller id=1 with a snapshot at offset 0 (org.apache.kafka.image.loader.MetadataLoader)
kafka1  | 2026-09-25T22:30:03.103058056Z [2026-09-25 22:30:03,102] INFO [ControllerRegistrationManager id=1 incarnation=R-C9ZIcqSpWYzRo0srjYKg] maybeSendControllerRegistration: cannot register yet because the metadata version is still 3.0-IV1, which does not support KIP-919 controller registration. (kafka.server.ControllerRegistrationManager)
kafka1  | 2026-09-25T22:30:03.105867860Z [2026-09-25 22:30:03,105] INFO [MetadataLoader id=1] InitializeNewPublishers: initializing DynamicClientQuotaPublisher controller id=1 with a snapshot at offset 0 (org.apache.kafka.image.loader.MetadataLoader)
kafka1  | 2026-09-25T22:30:03.106701862Z [2026-09-25 22:30:03,106] INFO [MetadataLoader id=1] InitializeNewPublishers: initializing ScramPublisher controller id=1 with a snapshot at offset 0 (org.apache.kafka.image.loader.MetadataLoader)
kafka1  | 2026-09-25T22:30:03.108545107Z [2026-09-25 22:30:03,108] INFO [MetadataLoader id=1] InitializeNewPublishers: initializing DelegationTokenPublisher controller id=1 with a snapshot at offset 0 (org.apache.kafka.image.loader.MetadataLoader)
kafka1  | 2026-09-25T22:30:03.111564146Z [2026-09-25 22:30:03,111] INFO [MetadataLoader id=1] InitializeNewPublishers: initializing ControllerMetadataMetricsPublisher with a snapshot at offset 0 (org.apache.kafka.image.loader.MetadataLoader)
kafka1  | 2026-09-25T22:30:03.112320165Z [2026-09-25 22:30:03,111] INFO [MetadataLoader id=1] InitializeNewPublishers: initializing AclPublisher controller id=1 with a snapshot at offset 0 (org.apache.kafka.image.loader.MetadataLoader)
kafka1  | 2026-09-25T22:30:03.114862577Z [2026-09-25 22:30:03,113] INFO [MetadataLoader id=1] InitializeNewPublishers: initializing MetadataVersionPublisher(id=1) with a snapshot at offset 0 (org.apache.kafka.image.loader.MetadataLoader)
kafka1  | 2026-09-25T22:30:03.114940485Z [2026-09-25 22:30:03,114] INFO [MetadataLoader id=1] InitializeNewPublishers: initializing BrokerMetadataPublisher with a snapshot at offset 0 (org.apache.kafka.image.loader.MetadataLoader)
kafka1  | 2026-09-25T22:30:03.116577559Z [2026-09-25 22:30:03,116] INFO [BrokerMetadataPublisher id=1] Publishing initial metadata at offset OffsetAndEpoch(offset=0, epoch=1) with metadata.version 3.0-IV1. (kafka.server.metadata.BrokerMetadataPublisher)
kafka1  | 2026-09-25T22:30:03.122887611Z [2026-09-25 22:30:03,122] INFO Loading logs from log dirs ArraySeq(/var/lib/kafka/data) (kafka.log.LogManager)
kafka1  | 2026-09-25T22:30:03.135538475Z [2026-09-25 22:30:03,132] INFO No logs found to be loaded in /var/lib/kafka/data (kafka.log.LogManager)
kafka1  | 2026-09-25T22:30:03.147988888Z [2026-09-25 22:30:03,147] INFO Loaded 0 logs in 25ms (kafka.log.LogManager)
kafka1  | 2026-09-25T22:30:03.148803445Z [2026-09-25 22:30:03,148] INFO Starting log cleanup with a period of 300000 ms. (kafka.log.LogManager)
kafka1  | 2026-09-25T22:30:03.151545744Z [2026-09-25 22:30:03,150] INFO Starting log flusher with a default period of 9223372036854775807 ms. (kafka.log.LogManager)
kafka1  | 2026-09-25T22:30:03.173896983Z [2026-09-25 22:30:03,173] INFO Starting the log cleaner (kafka.log.LogCleaner)
kafka1  | 2026-09-25T22:30:03.343181471Z [2026-09-25 22:30:03,342] INFO [kafka-log-cleaner-thread-0]: Starting (kafka.log.LogCleaner$CleanerThread)
kafka1  | 2026-09-25T22:30:03.367617728Z [2026-09-25 22:30:03,367] INFO [LogDirFailureHandler]: Starting (kafka.server.ReplicaManager$LogDirFailureHandler)
kafka1  | 2026-09-25T22:30:03.371960888Z [2026-09-25 22:30:03,371] INFO [AddPartitionsToTxnSenderThread-1]: Starting (kafka.server.AddPartitionsToTxnManager)
kafka1  | 2026-09-25T22:30:03.375869752Z [2026-09-25 22:30:03,374] INFO [GroupCoordinator 1]: Starting up. (kafka.coordinator.group.GroupCoordinator)
kafka1  | 2026-09-25T22:30:03.380833547Z [2026-09-25 22:30:03,380] INFO [GroupCoordinator 1]: Startup complete. (kafka.coordinator.group.GroupCoordinator)
kafka1  | 2026-09-25T22:30:03.384149286Z [2026-09-25 22:30:03,381] INFO [QuorumController id=1] Replayed BeginTransactionRecord(name='Bootstrap records') at offset 1. (org.apache.kafka.controller.OffsetControlManager)
kafka1  | 2026-09-25T22:30:03.384158842Z [2026-09-25 22:30:03,381] INFO [TransactionCoordinator id=1] Starting up. (kafka.coordinator.transaction.TransactionCoordinator)
kafka1  | 2026-09-25T22:30:03.384160532Z [2026-09-25 22:30:03,382] INFO [QuorumController id=1] Replayed a FeatureLevelRecord setting metadata version to 3.7-IV4 (org.apache.kafka.controller.FeatureControlManager)
kafka1  | 2026-09-25T22:30:03.384161930Z [2026-09-25 22:30:03,383] INFO [QuorumController id=1] Replayed EndTransactionRecord() at offset 4. (org.apache.kafka.controller.OffsetControlManager)
kafka1  | 2026-09-25T22:30:03.387364738Z [2026-09-25 22:30:03,385] INFO [TransactionCoordinator id=1] Startup complete. (kafka.coordinator.transaction.TransactionCoordinator)
kafka1  | 2026-09-25T22:30:03.387470206Z [2026-09-25 22:30:03,386] INFO [TxnMarkerSenderThread-1]: Starting (kafka.coordinator.transaction.TransactionMarkerChannelManager)
kafka1  | 2026-09-25T22:30:03.390721318Z [2026-09-25 22:30:03,390] INFO [QuorumController id=1] Replayed initial RegisterBrokerRecord for broker 2: RegisterBrokerRecord(brokerId=2, isMigratingZkBroker=false, incarnationId=3Z2sSrHbSfe05nTPZFp1pQ, brokerEpoch=5, endPoints=[BrokerEndpoint(name='PLAINTEXT', host='kafka2', port=9092, securityProtocol=0), BrokerEndpoint(name='EXTERNAL', host='localhost', port=29092, securityProtocol=0)], features=[BrokerFeature(name='metadata.version', minSupportedVersion=1, maxSupportedVersion=19)], rack=null, fenced=true, inControlledShutdown=false, logDirs=[aVi532WiNDfbBF-6jrUHpA]) (org.apache.kafka.controller.ClusterControlManager)
kafka1  | 2026-09-25T22:30:03.391203953Z [2026-09-25 22:30:03,390] INFO [QuorumController id=1] Replayed initial RegisterBrokerRecord for broker 1: RegisterBrokerRecord(brokerId=1, isMigratingZkBroker=false, incarnationId=kNxjNBydRLGhlVGpN9dUWQ, brokerEpoch=6, endPoints=[BrokerEndpoint(name='PLAINTEXT', host='kafka1', port=9092, securityProtocol=0), BrokerEndpoint(name='EXTERNAL', host='localhost', port=19092, securityProtocol=0)], features=[BrokerFeature(name='metadata.version', minSupportedVersion=1, maxSupportedVersion=19)], rack=null, fenced=true, inControlledShutdown=false, logDirs=[fM_CM2CHzFPLaSPW0Ctb9Q]) (org.apache.kafka.controller.ClusterControlManager)
kafka1  | 2026-09-25T22:30:03.391513790Z [2026-09-25 22:30:03,391] INFO [QuorumController id=1] Replayed initial RegisterBrokerRecord for broker 3: RegisterBrokerRecord(brokerId=3, isMigratingZkBroker=false, incarnationId=NCF8zWS_Toqn1voX7J7S0Q, brokerEpoch=7, endPoints=[BrokerEndpoint(name='PLAINTEXT', host='kafka3', port=9092, securityProtocol=0), BrokerEndpoint(name='EXTERNAL', host='localhost', port=39092, securityProtocol=0)], features=[BrokerFeature(name='metadata.version', minSupportedVersion=1, maxSupportedVersion=19)], rack=null, fenced=true, inControlledShutdown=false, logDirs=[raOOhb1PofWlkOr7knf3lw]) (org.apache.kafka.controller.ClusterControlManager)
kafka1  | 2026-09-25T22:30:03.398928951Z [2026-09-25 22:30:03,398] INFO [MetadataLoader id=1] InitializeNewPublishers: initializing BrokerRegistrationTracker(id=1) with a snapshot at offset 0 (org.apache.kafka.image.loader.MetadataLoader)
kafka1  | 2026-09-25T22:30:03.402549929Z [2026-09-25 22:30:03,402] INFO [ControllerServer id=1] Loaded new metadata Features(version=3.7-IV4, finalizedFeatures={metadata.version=19}, finalizedFeaturesEpoch=7). (org.apache.kafka.metadata.publisher.FeaturesPublisher)
kafka1  | 2026-09-25T22:30:03.405813810Z [2026-09-25 22:30:03,405] INFO [ControllerRegistrationManager id=1 incarnation=R-C9ZIcqSpWYzRo0srjYKg] sendControllerRegistration: attempting to send ControllerRegistrationRequestData(controllerId=1, incarnationId=R-C9ZIcqSpWYzRo0srjYKg, zkMigrationReady=false, listeners=[Listener(name='CONTROLLER', host='kafka1', port=9093, securityProtocol=0)], features=[Feature(name='metadata.version', minSupportedVersion=1, maxSupportedVersion=19)]) (kafka.server.ControllerRegistrationManager)
kafka1  | 2026-09-25T22:30:03.440323332Z [2026-09-25 22:30:03,440] INFO [ControllerRegistrationManager id=1 incarnation=R-C9ZIcqSpWYzRo0srjYKg] RegistrationResponseHandler: controller acknowledged ControllerRegistrationRequest. (kafka.server.ControllerRegistrationManager)
kafka1  | 2026-09-25T22:30:03.442294648Z [2026-09-25 22:30:03,442] INFO [QuorumController id=1] Replayed RegisterControllerRecord contaning ControllerRegistration(id=2, incarnationId=9ezpG7YKRz6jCuKuKcZJUg, zkMigrationReady=false, listeners=[Endpoint(listenerName='CONTROLLER', securityProtocol=PLAINTEXT, host='kafka2', port=9093)], supportedFeatures={metadata.version: 1-19}). (org.apache.kafka.controller.ClusterControlManager)
kafka1  | 2026-09-25T22:30:03.478510074Z [2026-09-25 22:30:03,478] INFO [BrokerLifecycleManager id=1] The broker has caught up. Transitioning from STARTING to RECOVERY. (kafka.server.BrokerLifecycleManager)
kafka1  | 2026-09-25T22:30:03.479098392Z [2026-09-25 22:30:03,478] INFO [QuorumController id=1] Replayed BrokerRegistrationChangeRecord modifying the registration for broker 2: BrokerRegistrationChangeRecord(brokerId=2, brokerEpoch=5, fenced=-1, inControlledShutdown=0, logDirs=[]) (org.apache.kafka.controller.ClusterControlManager)
kafka1  | 2026-09-25T22:30:03.479483905Z [2026-09-25 22:30:03,479] INFO [BrokerServer id=1] Finished waiting for the controller to acknowledge that we are caught up (kafka.server.BrokerServer)
kafka1  | 2026-09-25T22:30:03.479573738Z [2026-09-25 22:30:03,479] INFO [QuorumController id=1] Replayed RegisterControllerRecord contaning ControllerRegistration(id=3, incarnationId=jRYPKiyISiyVdqOWNyRCCg, zkMigrationReady=false, listeners=[Endpoint(listenerName='CONTROLLER', securityProtocol=PLAINTEXT, host='kafka3', port=9093)], supportedFeatures={metadata.version: 1-19}). (org.apache.kafka.controller.ClusterControlManager)
kafka1  | 2026-09-25T22:30:03.479770721Z [2026-09-25 22:30:03,479] INFO [BrokerServer id=1] Waiting for the initial broker metadata update to be published (kafka.server.BrokerServer)
kafka1  | 2026-09-25T22:30:03.479782096Z [2026-09-25 22:30:03,479] INFO [BrokerServer id=1] Finished waiting for the initial broker metadata update to be published (kafka.server.BrokerServer)
kafka1  | 2026-09-25T22:30:03.479845294Z [2026-09-25 22:30:03,479] INFO [ControllerRegistrationManager id=1 incarnation=R-C9ZIcqSpWYzRo0srjYKg] Our registration has been persisted to the metadata log. (kafka.server.ControllerRegistrationManager)
kafka1  | 2026-09-25T22:30:03.480032213Z [2026-09-25 22:30:03,479] INFO [QuorumController id=1] Replayed RegisterControllerRecord contaning ControllerRegistration(id=1, incarnationId=R-C9ZIcqSpWYzRo0srjYKg, zkMigrationReady=false, listeners=[Endpoint(listenerName='CONTROLLER', securityProtocol=PLAINTEXT, host='kafka1', port=9093)], supportedFeatures={metadata.version: 1-19}). (org.apache.kafka.controller.ClusterControlManager)
kafka1  | 2026-09-25T22:30:03.482130310Z [2026-09-25 22:30:03,481] INFO KafkaConfig values: 
kafka1  | 2026-09-25T22:30:03.482157855Z 	advertised.listeners = PLAINTEXT://kafka1:9092,EXTERNAL://localhost:19092
kafka1  | 2026-09-25T22:30:03.482161905Z 	alter.config.policy.class.name = null
kafka1  | 2026-09-25T22:30:03.482169446Z 	alter.log.dirs.replication.quota.window.num = 11
kafka1  | 2026-09-25T22:30:03.482171622Z 	alter.log.dirs.replication.quota.window.size.seconds = 1
kafka1  | 2026-09-25T22:30:03.482173685Z 	authorizer.class.name = 
kafka1  | 2026-09-25T22:30:03.482175916Z 	auto.create.topics.enable = true
kafka1  | 2026-09-25T22:30:03.482178104Z 	auto.include.jmx.reporter = true
kafka1  | 2026-09-25T22:30:03.482180356Z 	auto.leader.rebalance.enable = true
kafka1  | 2026-09-25T22:30:03.482182489Z 	background.threads = 10
kafka1  | 2026-09-25T22:30:03.482184988Z 	broker.heartbeat.interval.ms = 2000
kafka1  | 2026-09-25T22:30:03.482187096Z 	broker.id = 1
kafka1  | 2026-09-25T22:30:03.482193799Z 	broker.id.generation.enable = true
kafka1  | 2026-09-25T22:30:03.482216965Z 	broker.rack = null
kafka1  | 2026-09-25T22:30:03.482220102Z 	broker.session.timeout.ms = 9000
kafka1  | 2026-09-25T22:30:03.482222402Z 	client.quota.callback.class = null
kafka1  | 2026-09-25T22:30:03.482224389Z 	compression.type = producer
kafka1  | 2026-09-25T22:30:03.482233003Z 	connection.failed.authentication.delay.ms = 100
kafka1  | 2026-09-25T22:30:03.482235634Z 	connections.max.idle.ms = 600000
kafka1  | 2026-09-25T22:30:03.482237699Z 	connections.max.reauth.ms = 0
kafka1  | 2026-09-25T22:30:03.482239999Z 	control.plane.listener.name = null
kafka1  | 2026-09-25T22:30:03.482242251Z 	controlled.shutdown.enable = true
kafka1  | 2026-09-25T22:30:03.482248564Z 	controlled.shutdown.max.retries = 3
kafka1  | 2026-09-25T22:30:03.482251961Z 	controlled.shutdown.retry.backoff.ms = 5000
kafka1  | 2026-09-25T22:30:03.482253932Z 	controller.listener.names = CONTROLLER
kafka1  | 2026-09-25T22:30:03.482256109Z 	controller.quorum.append.linger.ms = 25
kafka1  | 2026-09-25T22:30:03.482258147Z 	controller.quorum.election.backoff.max.ms = 1000
kafka1  | 2026-09-25T22:30:03.482260477Z 	controller.quorum.election.timeout.ms = 1000
kafka1  | 2026-09-25T22:30:03.482262485Z 	controller.quorum.fetch.timeout.ms = 2000
kafka1  | 2026-09-25T22:30:03.482267414Z 	controller.quorum.request.timeout.ms = 2000
kafka1  | 2026-09-25T22:30:03.482271460Z 	controller.quorum.retry.backoff.ms = 20
kafka1  | 2026-09-25T22:30:03.482273797Z 	controller.quorum.voters = [1@kafka1:9093, 2@kafka2:9093, 3@kafka3:9093]
kafka1  | 2026-09-25T22:30:03.482276079Z 	controller.quota.window.num = 11
kafka1  | 2026-09-25T22:30:03.482278197Z 	controller.quota.window.size.seconds = 1
kafka1  | 2026-09-25T22:30:03.482280304Z 	controller.socket.timeout.ms = 30000
kafka1  | 2026-09-25T22:30:03.482282258Z 	create.topic.policy.class.name = null
kafka1  | 2026-09-25T22:30:03.482284200Z 	default.replication.factor = 3
kafka1  | 2026-09-25T22:30:03.482291811Z 	delegation.token.expiry.check.interval.ms = 3600000
kafka3  | 2026-09-25T22:29:53.189871412Z uid=1000(appuser) gid=1000(appuser) groups=1000(appuser)
kafka3  | 2026-09-25T22:29:53.190338955Z ===> Configuring ...
kafka3  | 2026-09-25T22:29:53.195107647Z Running in KRaft mode...
kafka3  | 2026-09-25T22:29:57.031037346Z ===> Running preflight checks ... 
kafka3  | 2026-09-25T22:29:57.039278342Z ===> Check if /var/lib/kafka/data is writable ...
kafka3  | 2026-09-25T22:29:57.591288392Z ===> Running in KRaft mode, skipping Zookeeper health check...
kafka3  | 2026-09-25T22:29:57.591319804Z ===> Using provided cluster id MkU3OEVBNTcwNTJENDM2Qk ...
kafka3  | 2026-09-25T22:29:59.545474166Z ===> Launching ... 
kafka3  | 2026-09-25T22:29:59.569300907Z ===> Launching kafka ... 
kafka3  | 2026-09-25T22:30:00.099518966Z [2026-09-25 22:30:00,098] INFO Registered kafka:type=kafka.Log4jController MBean (kafka.utils.Log4jControllerRegistration$)
kafka3  | 2026-09-25T22:30:00.377078827Z [2026-09-25 22:30:00,376] INFO Setting -D jdk.tls.rejectClientInitiatedRenegotiation=true to disable client-initiated TLS renegotiation (org.apache.zookeeper.common.X509Util)
kafka3  | 2026-09-25T22:30:00.638292741Z [2026-09-25 22:30:00,637] INFO Registered signal handlers for TERM, INT, HUP (org.apache.kafka.common.utils.LoggingSignalHandler)
kafka3  | 2026-09-25T22:30:00.645047764Z [2026-09-25 22:30:00,644] INFO [ControllerServer id=3] Starting controller (kafka.server.ControllerServer)
kafka3  | 2026-09-25T22:30:01.115103999Z [2026-09-25 22:30:01,114] INFO Updated connection-accept-rate max connection creation rate to 2147483647 (kafka.network.ConnectionQuotas)
kafka3  | 2026-09-25T22:30:01.145905703Z [2026-09-25 22:30:01,145] INFO [SocketServer listenerType=CONTROLLER, nodeId=3] Created data-plane acceptor and processors for endpoint : ListenerName(CONTROLLER) (kafka.network.SocketServer)
kafka3  | 2026-09-25T22:30:01.152960678Z [2026-09-25 22:30:01,152] INFO authorizerStart completed for endpoint CONTROLLER. Endpoint is now READY. (org.apache.kafka.server.network.EndpointReadyFutures)
kafka3  | 2026-09-25T22:30:01.153579308Z [2026-09-25 22:30:01,153] INFO [SharedServer id=3] Starting SharedServer (kafka.server.SharedServer)
kafka3  | 2026-09-25T22:30:01.226982356Z [2026-09-25 22:30:01,226] INFO [LogLoader partition=__cluster_metadata-0, dir=/var/lib/kafka/data] Loading producer state till offset 0 with message format version 2 (kafka.log.UnifiedLog$)
kafka3  | 2026-09-25T22:30:01.228415205Z [2026-09-25 22:30:01,227] INFO [LogLoader partition=__cluster_metadata-0, dir=/var/lib/kafka/data] Reloading from producer snapshot and rebuilding producer state from offset 0 (kafka.log.UnifiedLog$)
kafka3  | 2026-09-25T22:30:01.228439686Z [2026-09-25 22:30:01,228] INFO [LogLoader partition=__cluster_metadata-0, dir=/var/lib/kafka/data] Producer state recovery took 0ms for snapshot load and 0ms for segment recovery from offset 0 (kafka.log.UnifiedLog$)
kafka3  | 2026-09-25T22:30:01.269726399Z [2026-09-25 22:30:01,269] INFO Initialized snapshots with IDs SortedSet() from /var/lib/kafka/data/__cluster_metadata-0 (kafka.raft.KafkaMetadataLog$)
kafka3  | 2026-09-25T22:30:01.282846420Z [2026-09-25 22:30:01,282] INFO [raft-expiration-reaper]: Starting (kafka.raft.TimingWheelExpirationService$ExpiredOperationReaper)
kafka3  | 2026-09-25T22:30:01.470478709Z [2026-09-25 22:30:01,470] INFO [RaftManager id=3] Completed transition to Unattached(epoch=0, voters=[1, 2, 3], electionTimeoutMs=1937) from null (org.apache.kafka.raft.QuorumState)
kafka3  | 2026-09-25T22:30:01.475932475Z [2026-09-25 22:30:01,475] INFO [kafka-3-raft-outbound-request-thread]: Starting (org.apache.kafka.raft.KafkaNetworkChannel$SendThread)
kafka3  | 2026-09-25T22:30:01.475985085Z [2026-09-25 22:30:01,475] INFO [kafka-3-raft-io-thread]: Starting (kafka.raft.KafkaRaftManager$RaftIoThread)
kafka3  | 2026-09-25T22:30:01.501700627Z [2026-09-25 22:30:01,501] INFO [MetadataLoader id=3] initializeNewPublishers: the loader is still catching up because we still don't know the high water mark yet. (org.apache.kafka.image.loader.MetadataLoader)
kafka3  | 2026-09-25T22:30:01.504212468Z [2026-09-25 22:30:01,503] INFO [RaftManager id=3] Registered the listener org.apache.kafka.image.loader.MetadataLoader@1621357857 (org.apache.kafka.raft.KafkaRaftClient)
kafka3  | 2026-09-25T22:30:01.504261531Z [2026-09-25 22:30:01,503] INFO [ControllerServer id=3] Waiting for controller quorum voters future (kafka.server.ControllerServer)
kafka3  | 2026-09-25T22:30:01.504331854Z [2026-09-25 22:30:01,504] INFO [ControllerServer id=3] Finished waiting for controller quorum voters future (kafka.server.ControllerServer)
kafka3  | 2026-09-25T22:30:01.575907261Z [2026-09-25 22:30:01,575] INFO [QuorumController id=3] Creating new QuorumController with clusterId MkU3OEVBNTcwNTJENDM2Qk. (org.apache.kafka.controller.QuorumController)
kafka3  | 2026-09-25T22:30:01.579563581Z [2026-09-25 22:30:01,579] INFO [RaftManager id=3] Registered the listener org.apache.kafka.controller.QuorumController$QuorumMetaLogListener@113057231 (org.apache.kafka.raft.KafkaRaftClient)
kafka3  | 2026-09-25T22:30:01.590318535Z [2026-09-25 22:30:01,589] INFO [controller-3-ThrottledChannelReaper-Fetch]: Starting (kafka.server.ClientQuotaManager$ThrottledChannelReaper)
kafka3  | 2026-09-25T22:30:01.591650923Z [2026-09-25 22:30:01,591] INFO [controller-3-ThrottledChannelReaper-Produce]: Starting (kafka.server.ClientQuotaManager$ThrottledChannelReaper)
kafka3  | 2026-09-25T22:30:01.594242117Z [2026-09-25 22:30:01,593] INFO [controller-3-ThrottledChannelReaper-Request]: Starting (kafka.server.ClientQuotaManager$ThrottledChannelReaper)
kafka3  | 2026-09-25T22:30:01.600371517Z [2026-09-25 22:30:01,599] INFO [controller-3-ThrottledChannelReaper-ControllerMutation]: Starting (kafka.server.ClientQuotaManager$ThrottledChannelReaper)
kafka3  | 2026-09-25T22:30:01.603269350Z [2026-09-25 22:30:01,602] INFO [MetadataLoader id=3] initializeNewPublishers: the loader is still catching up because we still don't know the high water mark yet. (org.apache.kafka.image.loader.MetadataLoader)
kafka3  | 2026-09-25T22:30:01.636281385Z [2026-09-25 22:30:01,635] INFO [ExpirationReaper-3-AlterAcls]: Starting (kafka.server.DelayedOperationPurgatory$ExpiredOperationReaper)
kafka3  | 2026-09-25T22:30:01.664954707Z [2026-09-25 22:30:01,664] INFO [ControllerServer id=3] Waiting for the controller metadata publishers to be installed (kafka.server.ControllerServer)
kafka3  | 2026-09-25T22:30:01.665728731Z [2026-09-25 22:30:01,665] INFO [MetadataLoader id=3] initializeNewPublishers: the loader is still catching up because we still don't know the high water mark yet. (org.apache.kafka.image.loader.MetadataLoader)
kafka3  | 2026-09-25T22:30:01.665920570Z [2026-09-25 22:30:01,665] INFO [ControllerServer id=3] Finished waiting for the controller metadata publishers to be installed (kafka.server.ControllerServer)
kafka3  | 2026-09-25T22:30:01.667209012Z [2026-09-25 22:30:01,666] INFO [SocketServer listenerType=CONTROLLER, nodeId=3] Enabling request processing. (kafka.network.SocketServer)
kafka3  | 2026-09-25T22:30:01.673644178Z [2026-09-25 22:30:01,673] INFO Awaiting socket connections on kafka3:9093. (kafka.network.DataPlaneAcceptor)
kafka3  | 2026-09-25T22:30:01.687139508Z [2026-09-25 22:30:01,686] INFO [controller-3-to-controller-registration-channel-manager]: Starting (kafka.server.NodeToControllerRequestThread)
kafka3  | 2026-09-25T22:30:01.687832161Z [2026-09-25 22:30:01,687] INFO [ControllerServer id=3] Waiting for all of the authorizer futures to be completed (kafka.server.ControllerServer)
kafka3  | 2026-09-25T22:30:01.688111347Z [2026-09-25 22:30:01,687] INFO [ControllerRegistrationManager id=3 incarnation=jRYPKiyISiyVdqOWNyRCCg] initialized channel manager. (kafka.server.ControllerRegistrationManager)
kafka3  | 2026-09-25T22:30:01.688457938Z [2026-09-25 22:30:01,687] INFO [ControllerServer id=3] Finished waiting for all of the authorizer futures to be completed (kafka.server.ControllerServer)
kafka3  | 2026-09-25T22:30:01.688471903Z [2026-09-25 22:30:01,688] INFO [ControllerServer id=3] Waiting for all of the SocketServer Acceptors to be started (kafka.server.ControllerServer)
kafka3  | 2026-09-25T22:30:01.688474975Z [2026-09-25 22:30:01,688] INFO [ControllerServer id=3] Finished waiting for all of the SocketServer Acceptors to be started (kafka.server.ControllerServer)
kafka3  | 2026-09-25T22:30:01.689985623Z [2026-09-25 22:30:01,689] INFO [ControllerRegistrationManager id=3 incarnation=jRYPKiyISiyVdqOWNyRCCg] maybeSendControllerRegistration: cannot register yet because the metadata version is still 3.0-IV1, which does not support KIP-919 controller registration. (kafka.server.ControllerRegistrationManager)
kafka3  | 2026-09-25T22:30:01.693123629Z [2026-09-25 22:30:01,692] INFO [BrokerServer id=3] Transition from SHUTDOWN to STARTING (kafka.server.BrokerServer)
kafka3  | 2026-09-25T22:30:01.694249742Z [2026-09-25 22:30:01,693] INFO [BrokerServer id=3] Starting broker (kafka.server.BrokerServer)
kafka3  | 2026-09-25T22:30:01.705668630Z [2026-09-25 22:30:01,705] INFO [broker-3-ThrottledChannelReaper-Fetch]: Starting (kafka.server.ClientQuotaManager$ThrottledChannelReaper)
kafka3  | 2026-09-25T22:30:01.706074517Z [2026-09-25 22:30:01,705] INFO [broker-3-ThrottledChannelReaper-Produce]: Starting (kafka.server.ClientQuotaManager$ThrottledChannelReaper)
kafka3  | 2026-09-25T22:30:01.707749742Z [2026-09-25 22:30:01,707] INFO [broker-3-ThrottledChannelReaper-Request]: Starting (kafka.server.ClientQuotaManager$ThrottledChannelReaper)
kafka3  | 2026-09-25T22:30:01.709808382Z [2026-09-25 22:30:01,709] INFO [broker-3-ThrottledChannelReaper-ControllerMutation]: Starting (kafka.server.ClientQuotaManager$ThrottledChannelReaper)
kafka3  | 2026-09-25T22:30:01.777105745Z [2026-09-25 22:30:01,775] INFO [MetadataLoader id=3] initializeNewPublishers: the loader is still catching up because we still don't know the high water mark yet. (org.apache.kafka.image.loader.MetadataLoader)
kafka3  | 2026-09-25T22:30:01.778986046Z [2026-09-25 22:30:01,777] INFO [BrokerServer id=3] Waiting for controller quorum voters future (kafka.server.BrokerServer)
kafka3  | 2026-09-25T22:30:01.779016238Z [2026-09-25 22:30:01,778] INFO [BrokerServer id=3] Finished waiting for controller quorum voters future (kafka.server.BrokerServer)
kafka3  | 2026-09-25T22:30:01.787625008Z [2026-09-25 22:30:01,787] INFO [broker-3-to-controller-forwarding-channel-manager]: Starting (kafka.server.NodeToControllerRequestThread)
kafka3  | 2026-09-25T22:30:01.881082596Z [2026-09-25 22:30:01,877] INFO [MetadataLoader id=3] initializeNewPublishers: the loader is still catching up because we still don't know the high water mark yet. (org.apache.kafka.image.loader.MetadataLoader)
kafka3  | 2026-09-25T22:30:01.927849971Z [2026-09-25 22:30:01,927] INFO Updated connection-accept-rate max connection creation rate to 2147483647 (kafka.network.ConnectionQuotas)
kafka3  | 2026-09-25T22:30:01.943258142Z [2026-09-25 22:30:01,942] INFO [SocketServer listenerType=BROKER, nodeId=3] Created data-plane acceptor and processors for endpoint : ListenerName(PLAINTEXT) (kafka.network.SocketServer)
kafka3  | 2026-09-25T22:30:01.944172801Z [2026-09-25 22:30:01,943] INFO Updated connection-accept-rate max connection creation rate to 2147483647 (kafka.network.ConnectionQuotas)
kafka3  | 2026-09-25T22:30:01.974928420Z [2026-09-25 22:30:01,974] INFO [SocketServer listenerType=BROKER, nodeId=3] Created data-plane acceptor and processors for endpoint : ListenerName(EXTERNAL) (kafka.network.SocketServer)
kafka3  | 2026-09-25T22:30:01.978315033Z [2026-09-25 22:30:01,977] INFO [MetadataLoader id=3] initializeNewPublishers: the loader is still catching up because we still don't know the high water mark yet. (org.apache.kafka.image.loader.MetadataLoader)
kafka3  | 2026-09-25T22:30:01.995866434Z [2026-09-25 22:30:01,995] INFO [broker-3-to-controller-alter-partition-channel-manager]: Starting (kafka.server.NodeToControllerRequestThread)
kafka1  | 2026-09-25T22:30:03.482294235Z 	delegation.token.expiry.time.ms = 86400000
kafka1  | 2026-09-25T22:30:03.482296426Z 	delegation.token.master.key = null
kafka1  | 2026-09-25T22:30:03.482298728Z 	delegation.token.max.lifetime.ms = 604800000
kafka1  | 2026-09-25T22:30:03.482300761Z 	delegation.token.secret.key = null
kafka1  | 2026-09-25T22:30:03.482302932Z 	delete.records.purgatory.purge.interval.requests = 1
kafka1  | 2026-09-25T22:30:03.482305252Z 	delete.topic.enable = true
kafka1  | 2026-09-25T22:30:03.482307430Z 	early.start.listeners = null
kafka1  | 2026-09-25T22:30:03.482309360Z 	eligible.leader.replicas.enable = false
kafka1  | 2026-09-25T22:30:03.482311500Z 	fetch.max.bytes = 57671680
kafka1  | 2026-09-25T22:30:03.482313954Z 	fetch.purgatory.purge.interval.requests = 1000
kafka1  | 2026-09-25T22:30:03.482327149Z 	group.consumer.assignors = [org.apache.kafka.coordinator.group.assignor.UniformAssignor, org.apache.kafka.coordinator.group.assignor.RangeAssignor]
kafka1  | 2026-09-25T22:30:03.482330780Z 	group.consumer.heartbeat.interval.ms = 5000
kafka1  | 2026-09-25T22:30:03.482333120Z 	group.consumer.max.heartbeat.interval.ms = 15000
kafka1  | 2026-09-25T22:30:03.482335503Z 	group.consumer.max.session.timeout.ms = 60000
kafka1  | 2026-09-25T22:30:03.482337828Z 	group.consumer.max.size = 2147483647
kafka1  | 2026-09-25T22:30:03.482342969Z 	group.consumer.min.heartbeat.interval.ms = 5000
kafka1  | 2026-09-25T22:30:03.482348180Z 	group.consumer.min.session.timeout.ms = 45000
kafka1  | 2026-09-25T22:30:03.482350440Z 	group.consumer.session.timeout.ms = 45000
kafka1  | 2026-09-25T22:30:03.482352431Z 	group.coordinator.new.enable = false
kafka1  | 2026-09-25T22:30:03.482354667Z 	group.coordinator.rebalance.protocols = [classic]
kafka1  | 2026-09-25T22:30:03.482356991Z 	group.coordinator.threads = 1
kafka1  | 2026-09-25T22:30:03.482358842Z 	group.initial.rebalance.delay.ms = 0
kafka1  | 2026-09-25T22:30:03.482360892Z 	group.max.session.timeout.ms = 1800000
kafka1  | 2026-09-25T22:30:03.482362857Z 	group.max.size = 2147483647
kafka1  | 2026-09-25T22:30:03.482364722Z 	group.min.session.timeout.ms = 6000
kafka1  | 2026-09-25T22:30:03.482366973Z 	initial.broker.registration.timeout.ms = 60000
kafka3  | 2026-09-25T22:30:02.017227556Z [2026-09-25 22:30:02,016] INFO [broker-3-to-controller-directory-assignments-channel-manager]: Starting (kafka.server.NodeToControllerRequestThread)
kafka2  | 2026-09-25T22:30:01.824454936Z [2026-09-25 22:30:01,822] INFO [MetadataLoader id=2] initializeNewPublishers: the loader is still catching up because we still don't know the high water mark yet. (org.apache.kafka.image.loader.MetadataLoader)
kafka2  | 2026-09-25T22:30:01.840420617Z [2026-09-25 22:30:01,839] INFO [SocketServer listenerType=BROKER, nodeId=2] Created data-plane acceptor and processors for endpoint : ListenerName(PLAINTEXT) (kafka.network.SocketServer)
kafka2  | 2026-09-25T22:30:01.841264043Z [2026-09-25 22:30:01,840] INFO Updated connection-accept-rate max connection creation rate to 2147483647 (kafka.network.ConnectionQuotas)
kafka2  | 2026-09-25T22:30:01.855271921Z [2026-09-25 22:30:01,854] INFO [SocketServer listenerType=BROKER, nodeId=2] Created data-plane acceptor and processors for endpoint : ListenerName(EXTERNAL) (kafka.network.SocketServer)
kafka2  | 2026-09-25T22:30:01.881195826Z [2026-09-25 22:30:01,879] INFO [broker-2-to-controller-alter-partition-channel-manager]: Starting (kafka.server.NodeToControllerRequestThread)
kafka2  | 2026-09-25T22:30:01.916317694Z [2026-09-25 22:30:01,915] INFO [broker-2-to-controller-directory-assignments-channel-manager]: Starting (kafka.server.NodeToControllerRequestThread)
kafka2  | 2026-09-25T22:30:01.923400024Z [2026-09-25 22:30:01,923] INFO [MetadataLoader id=2] initializeNewPublishers: the loader is still catching up because we still don't know the high water mark yet. (org.apache.kafka.image.loader.MetadataLoader)
kafka2  | 2026-09-25T22:30:01.978765766Z [2026-09-25 22:30:01,978] INFO [ExpirationReaper-2-Produce]: Starting (kafka.server.DelayedOperationPurgatory$ExpiredOperationReaper)
kafka2  | 2026-09-25T22:30:01.991180674Z [2026-09-25 22:30:01,990] INFO [ExpirationReaper-2-Fetch]: Starting (kafka.server.DelayedOperationPurgatory$ExpiredOperationReaper)
kafka2  | 2026-09-25T22:30:01.994063779Z [2026-09-25 22:30:01,993] INFO [ExpirationReaper-2-DeleteRecords]: Starting (kafka.server.DelayedOperationPurgatory$ExpiredOperationReaper)
kafka2  | 2026-09-25T22:30:01.997503024Z [2026-09-25 22:30:01,996] INFO [ExpirationReaper-2-ElectLeader]: Starting (kafka.server.DelayedOperationPurgatory$ExpiredOperationReaper)
kafka2  | 2026-09-25T22:30:02.000895370Z [2026-09-25 22:30:02,000] INFO [ExpirationReaper-2-RemoteFetch]: Starting (kafka.server.DelayedOperationPurgatory$ExpiredOperationReaper)
kafka2  | 2026-09-25T22:30:02.027626994Z [2026-09-25 22:30:02,027] INFO [MetadataLoader id=2] initializeNewPublishers: the loader is still catching up because we still don't know the high water mark yet. (org.apache.kafka.image.loader.MetadataLoader)
kafka2  | 2026-09-25T22:30:02.058180035Z [2026-09-25 22:30:02,057] INFO [ExpirationReaper-2-Heartbeat]: Starting (kafka.server.DelayedOperationPurgatory$ExpiredOperationReaper)
kafka2  | 2026-09-25T22:30:02.059664697Z [2026-09-25 22:30:02,059] INFO [ExpirationReaper-2-Rebalance]: Starting (kafka.server.DelayedOperationPurgatory$ExpiredOperationReaper)
kafka2  | 2026-09-25T22:30:02.130072474Z [2026-09-25 22:30:02,128] INFO [MetadataLoader id=2] initializeNewPublishers: the loader is still catching up because we still don't know the high water mark yet. (org.apache.kafka.image.loader.MetadataLoader)
kafka2  | 2026-09-25T22:30:02.136291382Z [2026-09-25 22:30:02,135] INFO Unable to read the broker epoch in /var/lib/kafka/data. (kafka.log.LogManager)
kafka2  | 2026-09-25T22:30:02.138148039Z [2026-09-25 22:30:02,137] INFO [broker-2-to-controller-heartbeat-channel-manager]: Starting (kafka.server.NodeToControllerRequestThread)
kafka2  | 2026-09-25T22:30:02.152556790Z [2026-09-25 22:30:02,151] INFO [BrokerLifecycleManager id=2] Incarnation 3Z2sSrHbSfe05nTPZFp1pQ of broker 2 in cluster MkU3OEVBNTcwNTJENDM2Qk is now STARTING. (kafka.server.BrokerLifecycleManager)
kafka2  | 2026-09-25T22:30:02.178081290Z [2026-09-25 22:30:02,177] INFO [ExpirationReaper-2-AlterAcls]: Starting (kafka.server.DelayedOperationPurgatory$ExpiredOperationReaper)
kafka2  | 2026-09-25T22:30:02.230578314Z [2026-09-25 22:30:02,229] INFO [MetadataLoader id=2] initializeNewPublishers: the loader is still catching up because we still don't know the high water mark yet. (org.apache.kafka.image.loader.MetadataLoader)
kafka2  | 2026-09-25T22:30:02.236640779Z [2026-09-25 22:30:02,236] INFO [BrokerServer id=2] Waiting for the broker metadata publishers to be installed (kafka.server.BrokerServer)
kafka2  | 2026-09-25T22:30:02.236717521Z [2026-09-25 22:30:02,236] INFO [MetadataLoader id=2] initializeNewPublishers: the loader is still catching up because we still don't know the high water mark yet. (org.apache.kafka.image.loader.MetadataLoader)
kafka2  | 2026-09-25T22:30:02.236995214Z [2026-09-25 22:30:02,236] INFO [BrokerServer id=2] Finished waiting for the broker metadata publishers to be installed (kafka.server.BrokerServer)
kafka2  | 2026-09-25T22:30:02.237009567Z [2026-09-25 22:30:02,236] INFO [BrokerServer id=2] Waiting for the controller to acknowledge that we are caught up (kafka.server.BrokerServer)
kafka2  | 2026-09-25T22:30:02.337681758Z [2026-09-25 22:30:02,337] INFO [MetadataLoader id=2] initializeNewPublishers: the loader is still catching up because we still don't know the high water mark yet. (org.apache.kafka.image.loader.MetadataLoader)
kafka2  | 2026-09-25T22:30:02.438317771Z [2026-09-25 22:30:02,437] INFO [MetadataLoader id=2] initializeNewPublishers: the loader is still catching up because we still don't know the high water mark yet. (org.apache.kafka.image.loader.MetadataLoader)
kafka2  | 2026-09-25T22:30:02.523379112Z [2026-09-25 22:30:02,522] INFO [RaftManager id=2] Completed transition to CandidateState(localId=2, epoch=1, retries=1, voteStates={1=UNRECORDED, 2=GRANTED, 3=UNRECORDED}, highWatermark=Optional.empty, electionTimeoutMs=1144) from Unattached(epoch=0, voters=[1, 2, 3], electionTimeoutMs=1212) (org.apache.kafka.raft.QuorumState)
kafka2  | 2026-09-25T22:30:02.526519097Z [2026-09-25 22:30:02,525] INFO [QuorumController id=2] In the new epoch 1, the leader is (none). (org.apache.kafka.controller.QuorumController)
kafka2  | 2026-09-25T22:30:02.539063249Z [2026-09-25 22:30:02,538] INFO [MetadataLoader id=2] initializeNewPublishers: the loader is still catching up because we still don't know the high water mark yet. (org.apache.kafka.image.loader.MetadataLoader)
kafka2  | 2026-09-25T22:30:02.639823040Z [2026-09-25 22:30:02,639] INFO [MetadataLoader id=2] initializeNewPublishers: the loader is still catching up because we still don't know the high water mark yet. (org.apache.kafka.image.loader.MetadataLoader)
kafka2  | 2026-09-25T22:30:02.659742897Z [2026-09-25 22:30:02,659] INFO [RaftManager id=2] Completed transition to Leader(localId=2, epoch=1, epochStartOffset=0, highWatermark=Optional.empty, voterStates={1=ReplicaState(nodeId=1, endOffset=Optional.empty, lastFetchTimestamp=-1, lastCaughtUpTimestamp=-1, hasAcknowledgedLeader=false), 2=ReplicaState(nodeId=2, endOffset=Optional.empty, lastFetchTimestamp=-1, lastCaughtUpTimestamp=-1, hasAcknowledgedLeader=true), 3=ReplicaState(nodeId=3, endOffset=Optional.empty, lastFetchTimestamp=-1, lastCaughtUpTimestamp=-1, hasAcknowledgedLeader=false)}) from CandidateState(localId=2, epoch=1, retries=1, voteStates={1=GRANTED, 2=GRANTED, 3=UNRECORDED}, highWatermark=Optional.empty, electionTimeoutMs=1144) (org.apache.kafka.raft.QuorumState)
kafka2  | 2026-09-25T22:30:02.685581124Z [2026-09-25 22:30:02,685] INFO [controller-2-to-controller-registration-channel-manager]: Recorded new KRaft controller, from now on will use node kafka2:9093 (id: 2 rack: null) (kafka.server.NodeToControllerRequestThread)
kafka2  | 2026-09-25T22:30:02.692843231Z [2026-09-25 22:30:02,692] INFO [broker-2-to-controller-alter-partition-channel-manager]: Recorded new KRaft controller, from now on will use node kafka2:9093 (id: 2 rack: null) (kafka.server.NodeToControllerRequestThread)
kafka2  | 2026-09-25T22:30:02.723488629Z [2026-09-25 22:30:02,723] INFO [broker-2-to-controller-directory-assignments-channel-manager]: Recorded new KRaft controller, from now on will use node kafka2:9093 (id: 2 rack: null) (kafka.server.NodeToControllerRequestThread)
kafka2  | 2026-09-25T22:30:02.726637953Z [2026-09-25 22:30:02,726] INFO [broker-2-to-controller-forwarding-channel-manager]: Recorded new KRaft controller, from now on will use node kafka2:9093 (id: 2 rack: null) (kafka.server.NodeToControllerRequestThread)
kafka2  | 2026-09-25T22:30:02.740412896Z [2026-09-25 22:30:02,739] INFO [MetadataLoader id=2] initializeNewPublishers: the loader is still catching up because we still don't know the high water mark yet. (org.apache.kafka.image.loader.MetadataLoader)
kafka2  | 2026-09-25T22:30:02.742192489Z [2026-09-25 22:30:02,741] INFO [broker-2-to-controller-heartbeat-channel-manager]: Recorded new KRaft controller, from now on will use node kafka2:9093 (id: 2 rack: null) (kafka.server.NodeToControllerRequestThread)
kafka2  | 2026-09-25T22:30:02.758509575Z [2026-09-25 22:30:02,757] INFO [QuorumController id=2] registerBroker: event failed with NotControllerException in 454 microseconds. Exception message: The active controller appears to be node 2. (org.apache.kafka.controller.QuorumController)
kafka2  | 2026-09-25T22:30:02.762336567Z [2026-09-25 22:30:02,761] INFO [NodeToControllerChannelManager id=2 name=heartbeat] Client requested disconnect from node 2 (org.apache.kafka.clients.NetworkClient)
kafka2  | 2026-09-25T22:30:02.763655335Z [2026-09-25 22:30:02,763] INFO [broker-2-to-controller-heartbeat-channel-manager]: Recorded new KRaft controller, from now on will use node kafka2:9093 (id: 2 rack: null) (kafka.server.NodeToControllerRequestThread)
kafka2  | 2026-09-25T22:30:02.819056923Z [2026-09-25 22:30:02,815] INFO [broker-2-to-controller-heartbeat-channel-manager]: Recorded new KRaft controller, from now on will use node kafka2:9093 (id: 2 rack: null) (kafka.server.NodeToControllerRequestThread)
kafka2  | 2026-09-25T22:30:02.819126580Z [2026-09-25 22:30:02,815] INFO [QuorumController id=2] registerBroker: event failed with NotControllerException in 99 microseconds. Exception message: The active controller appears to be node 2. (org.apache.kafka.controller.QuorumController)
kafka2  | 2026-09-25T22:30:02.821735716Z [2026-09-25 22:30:02,821] INFO [QuorumController id=2] registerBroker: event failed with NotControllerException in 127 microseconds. Exception message: The active controller appears to be node 2. (org.apache.kafka.controller.QuorumController)
kafka2  | 2026-09-25T22:30:02.834731362Z [2026-09-25 22:30:02,834] INFO [QuorumController id=2] registerBroker: event failed with NotControllerException in 247 microseconds. Exception message: The active controller appears to be node 2. (org.apache.kafka.controller.QuorumController)
kafka2  | 2026-09-25T22:30:02.836115301Z [2026-09-25 22:30:02,835] INFO [NodeToControllerChannelManager id=2 name=heartbeat] Client requested disconnect from node 2 (org.apache.kafka.clients.NetworkClient)
kafka2  | 2026-09-25T22:30:02.836541041Z [2026-09-25 22:30:02,836] INFO [broker-2-to-controller-heartbeat-channel-manager]: Recorded new KRaft controller, from now on will use node kafka2:9093 (id: 2 rack: null) (kafka.server.NodeToControllerRequestThread)
kafka2  | 2026-09-25T22:30:02.841270386Z [2026-09-25 22:30:02,840] INFO [MetadataLoader id=2] initializeNewPublishers: the loader is still catching up because we still don't know the high water mark yet. (org.apache.kafka.image.loader.MetadataLoader)
kafka2  | 2026-09-25T22:30:02.872887235Z [2026-09-25 22:30:02,871] INFO [RaftManager id=2] High watermark set to LogOffsetMetadata(offset=1, metadata=Optional[(segmentBaseOffset=0,relativePositionInSegment=106)]) for the first time for epoch 1 based on indexOfHw 1 and voters [ReplicaState(nodeId=2, endOffset=Optional[LogOffsetMetadata(offset=1, metadata=Optional[(segmentBaseOffset=0,relativePositionInSegment=106)])], lastFetchTimestamp=-1, lastCaughtUpTimestamp=-1, hasAcknowledgedLeader=true), ReplicaState(nodeId=3, endOffset=Optional[LogOffsetMetadata(offset=1, metadata=Optional[(segmentBaseOffset=0,relativePositionInSegment=106)])], lastFetchTimestamp=1790375402867, lastCaughtUpTimestamp=1790375402867, hasAcknowledgedLeader=true), ReplicaState(nodeId=1, endOffset=Optional[LogOffsetMetadata(offset=0, metadata=Optional[(segmentBaseOffset=0,relativePositionInSegment=0)])], lastFetchTimestamp=1790375402767, lastCaughtUpTimestamp=-1, hasAcknowledgedLeader=true)] (org.apache.kafka.raft.LeaderState)
kafka2  | 2026-09-25T22:30:02.889801822Z [2026-09-25 22:30:02,887] INFO [broker-2-to-controller-heartbeat-channel-manager]: Recorded new KRaft controller, from now on will use node kafka2:9093 (id: 2 rack: null) (kafka.server.NodeToControllerRequestThread)
kafka2  | 2026-09-25T22:30:02.896246245Z [2026-09-25 22:30:02,895] INFO [MetadataLoader id=2] maybePublishMetadata(LOG_DELTA): The loader is still catching up because we have not loaded a controller record as of offset 0 and high water mark is 1 (org.apache.kafka.image.loader.MetadataLoader)
kafka1  | 2026-09-25T22:30:03.482368911Z 	inter.broker.listener.name = PLAINTEXT
kafka3  | 2026-09-25T22:30:02.050599272Z [2026-09-25 22:30:02,050] INFO [ExpirationReaper-3-Produce]: Starting (kafka.server.DelayedOperationPurgatory$ExpiredOperationReaper)
kafka3  | 2026-09-25T22:30:02.053549478Z [2026-09-25 22:30:02,053] INFO [ExpirationReaper-3-Fetch]: Starting (kafka.server.DelayedOperationPurgatory$ExpiredOperationReaper)
kafka3  | 2026-09-25T22:30:02.056800189Z [2026-09-25 22:30:02,055] INFO [ExpirationReaper-3-DeleteRecords]: Starting (kafka.server.DelayedOperationPurgatory$ExpiredOperationReaper)
kafka3  | 2026-09-25T22:30:02.064367097Z [2026-09-25 22:30:02,063] INFO [ExpirationReaper-3-ElectLeader]: Starting (kafka.server.DelayedOperationPurgatory$ExpiredOperationReaper)
kafka3  | 2026-09-25T22:30:02.067868780Z [2026-09-25 22:30:02,067] INFO [ExpirationReaper-3-RemoteFetch]: Starting (kafka.server.DelayedOperationPurgatory$ExpiredOperationReaper)
kafka3  | 2026-09-25T22:30:02.078966350Z [2026-09-25 22:30:02,078] INFO [MetadataLoader id=3] initializeNewPublishers: the loader is still catching up because we still don't know the high water mark yet. (org.apache.kafka.image.loader.MetadataLoader)
kafka3  | 2026-09-25T22:30:02.110071125Z [2026-09-25 22:30:02,109] INFO [ExpirationReaper-3-Heartbeat]: Starting (kafka.server.DelayedOperationPurgatory$ExpiredOperationReaper)
kafka3  | 2026-09-25T22:30:02.111127611Z [2026-09-25 22:30:02,110] INFO [ExpirationReaper-3-Rebalance]: Starting (kafka.server.DelayedOperationPurgatory$ExpiredOperationReaper)
kafka3  | 2026-09-25T22:30:02.179700210Z [2026-09-25 22:30:02,179] INFO [MetadataLoader id=3] initializeNewPublishers: the loader is still catching up because we still don't know the high water mark yet. (org.apache.kafka.image.loader.MetadataLoader)
kafka3  | 2026-09-25T22:30:02.185439326Z [2026-09-25 22:30:02,184] INFO Unable to read the broker epoch in /var/lib/kafka/data. (kafka.log.LogManager)
kafka3  | 2026-09-25T22:30:02.189041781Z [2026-09-25 22:30:02,188] INFO [broker-3-to-controller-heartbeat-channel-manager]: Starting (kafka.server.NodeToControllerRequestThread)
kafka3  | 2026-09-25T22:30:02.197750537Z [2026-09-25 22:30:02,197] INFO [BrokerLifecycleManager id=3] Incarnation NCF8zWS_Toqn1voX7J7S0Q of broker 3 in cluster MkU3OEVBNTcwNTJENDM2Qk is now STARTING. (kafka.server.BrokerLifecycleManager)
kafka3  | 2026-09-25T22:30:02.218734828Z [2026-09-25 22:30:02,218] INFO [ExpirationReaper-3-AlterAcls]: Starting (kafka.server.DelayedOperationPurgatory$ExpiredOperationReaper)
kafka3  | 2026-09-25T22:30:02.278211663Z [2026-09-25 22:30:02,277] INFO [BrokerServer id=3] Waiting for the broker metadata publishers to be installed (kafka.server.BrokerServer)
kafka3  | 2026-09-25T22:30:02.278289263Z [2026-09-25 22:30:02,277] INFO [MetadataLoader id=3] initializeNewPublishers: the loader is still catching up because we still don't know the high water mark yet. (org.apache.kafka.image.loader.MetadataLoader)
kafka3  | 2026-09-25T22:30:02.278297271Z [2026-09-25 22:30:02,277] INFO [BrokerServer id=3] Finished waiting for the broker metadata publishers to be installed (kafka.server.BrokerServer)
kafka3  | 2026-09-25T22:30:02.278314926Z [2026-09-25 22:30:02,278] INFO [BrokerServer id=3] Waiting for the controller to acknowledge that we are caught up (kafka.server.BrokerServer)
kafka3  | 2026-09-25T22:30:02.378982945Z [2026-09-25 22:30:02,378] INFO [MetadataLoader id=3] initializeNewPublishers: the loader is still catching up because we still don't know the high water mark yet. (org.apache.kafka.image.loader.MetadataLoader)
kafka3  | 2026-09-25T22:30:02.480050962Z [2026-09-25 22:30:02,479] INFO [MetadataLoader id=3] initializeNewPublishers: the loader is still catching up because we still don't know the high water mark yet. (org.apache.kafka.image.loader.MetadataLoader)
kafka3  | 2026-09-25T22:30:02.580430230Z [2026-09-25 22:30:02,580] INFO [MetadataLoader id=3] initializeNewPublishers: the loader is still catching up because we still don't know the high water mark yet. (org.apache.kafka.image.loader.MetadataLoader)
kafka3  | 2026-09-25T22:30:02.642741626Z [2026-09-25 22:30:02,642] INFO [RaftManager id=3] Completed transition to Unattached(epoch=1, voters=[1, 2, 3], electionTimeoutMs=604) from Unattached(epoch=0, voters=[1, 2, 3], electionTimeoutMs=1937) (org.apache.kafka.raft.QuorumState)
kafka3  | 2026-09-25T22:30:02.646041186Z [2026-09-25 22:30:02,645] INFO [QuorumController id=3] In the new epoch 1, the leader is (none). (org.apache.kafka.controller.QuorumController)
kafka3  | 2026-09-25T22:30:02.650872791Z [2026-09-25 22:30:02,650] INFO [RaftManager id=3] Completed transition to Voted(epoch=1, votedId=2, voters=[1, 2, 3], electionTimeoutMs=1511) from Unattached(epoch=1, voters=[1, 2, 3], electionTimeoutMs=604) (org.apache.kafka.raft.QuorumState)
kafka3  | 2026-09-25T22:30:02.652553859Z [2026-09-25 22:30:02,652] INFO [RaftManager id=3] Vote request VoteRequestData(clusterId='MkU3OEVBNTcwNTJENDM2Qk', topics=[TopicData(topicName='__cluster_metadata', partitions=[PartitionData(partitionIndex=0, candidateEpoch=1, candidateId=2, lastOffsetEpoch=0, lastOffset=0)])]) with epoch 1 is granted (org.apache.kafka.raft.KafkaRaftClient)
kafka3  | 2026-09-25T22:30:02.680827019Z [2026-09-25 22:30:02,680] INFO [MetadataLoader id=3] initializeNewPublishers: the loader is still catching up because we still don't know the high water mark yet. (org.apache.kafka.image.loader.MetadataLoader)
kafka3  | 2026-09-25T22:30:02.701177307Z [2026-09-25 22:30:02,700] INFO [RaftManager id=3] Completed transition to FollowerState(fetchTimeoutMs=2000, epoch=1, leaderId=2, voters=[1, 2, 3], highWatermark=Optional.empty, fetchingSnapshot=Optional.empty) from Voted(epoch=1, votedId=2, voters=[1, 2, 3], electionTimeoutMs=1511) (org.apache.kafka.raft.QuorumState)
kafka3  | 2026-09-25T22:30:02.701677634Z [2026-09-25 22:30:02,701] INFO [QuorumController id=3] In the new epoch 1, the leader is 2. (org.apache.kafka.controller.QuorumController)
kafka3  | 2026-09-25T22:30:02.722226248Z [2026-09-25 22:30:02,721] INFO [broker-3-to-controller-directory-assignments-channel-manager]: Recorded new KRaft controller, from now on will use node kafka2:9093 (id: 2 rack: null) (kafka.server.NodeToControllerRequestThread)
kafka3  | 2026-09-25T22:30:02.733119920Z [2026-09-25 22:30:02,732] INFO [controller-3-to-controller-registration-channel-manager]: Recorded new KRaft controller, from now on will use node kafka2:9093 (id: 2 rack: null) (kafka.server.NodeToControllerRequestThread)
kafka3  | 2026-09-25T22:30:02.781588434Z [2026-09-25 22:30:02,780] INFO [MetadataLoader id=3] initializeNewPublishers: the loader is still catching up because we still don't know the high water mark yet. (org.apache.kafka.image.loader.MetadataLoader)
kafka3  | 2026-09-25T22:30:02.794196913Z [2026-09-25 22:30:02,793] INFO [broker-3-to-controller-heartbeat-channel-manager]: Recorded new KRaft controller, from now on will use node kafka2:9093 (id: 2 rack: null) (kafka.server.NodeToControllerRequestThread)
kafka3  | 2026-09-25T22:30:02.807227805Z [2026-09-25 22:30:02,806] INFO [broker-3-to-controller-alter-partition-channel-manager]: Recorded new KRaft controller, from now on will use node kafka2:9093 (id: 2 rack: null) (kafka.server.NodeToControllerRequestThread)
kafka3  | 2026-09-25T22:30:02.811824933Z [2026-09-25 22:30:02,811] INFO [broker-3-to-controller-forwarding-channel-manager]: Recorded new KRaft controller, from now on will use node kafka2:9093 (id: 2 rack: null) (kafka.server.NodeToControllerRequestThread)
kafka3  | 2026-09-25T22:30:02.819723779Z [2026-09-25 22:30:02,818] INFO [NodeToControllerChannelManager id=3 name=heartbeat] Client requested disconnect from node 2 (org.apache.kafka.clients.NetworkClient)
kafka1  | 2026-09-25T22:30:03.482370730Z 	inter.broker.protocol.version = 3.7-IV4
kafka1  | 2026-09-25T22:30:03.482372787Z 	kafka.metrics.polling.interval.secs = 10
kafka1  | 2026-09-25T22:30:03.482375047Z 	kafka.metrics.reporters = []
kafka1  | 2026-09-25T22:30:03.482376753Z 	leader.imbalance.check.interval.seconds = 300
kafka1  | 2026-09-25T22:30:03.482378940Z 	leader.imbalance.per.broker.percentage = 10
kafka1  | 2026-09-25T22:30:03.482380986Z 	listener.security.protocol.map = CONTROLLER:PLAINTEXT,PLAINTEXT:PLAINTEXT,EXTERNAL:PLAINTEXT
kafka1  | 2026-09-25T22:30:03.482383358Z 	listeners = PLAINTEXT://kafka1:9092,CONTROLLER://kafka1:9093,EXTERNAL://0.0.0.0:19092
kafka1  | 2026-09-25T22:30:03.482385545Z 	log.cleaner.backoff.ms = 15000
kafka3  | 2026-09-25T22:30:02.831066661Z [2026-09-25 22:30:02,830] INFO [broker-3-to-controller-heartbeat-channel-manager]: Recorded new KRaft controller, from now on will use node kafka2:9093 (id: 2 rack: null) (kafka.server.NodeToControllerRequestThread)
kafka3  | 2026-09-25T22:30:02.879922356Z [2026-09-25 22:30:02,879] INFO [broker-3-to-controller-heartbeat-channel-manager]: Recorded new KRaft controller, from now on will use node kafka2:9093 (id: 2 rack: null) (kafka.server.NodeToControllerRequestThread)
kafka3  | 2026-09-25T22:30:02.882319589Z [2026-09-25 22:30:02,881] INFO [MetadataLoader id=3] initializeNewPublishers: the loader is still catching up because we still don't know the high water mark yet. (org.apache.kafka.image.loader.MetadataLoader)
kafka3  | 2026-09-25T22:30:02.900294632Z [2026-09-25 22:30:02,899] INFO [NodeToControllerChannelManager id=3 name=heartbeat] Client requested disconnect from node 2 (org.apache.kafka.clients.NetworkClient)
kafka3  | 2026-09-25T22:30:02.900512032Z [2026-09-25 22:30:02,900] INFO [broker-3-to-controller-heartbeat-channel-manager]: Recorded new KRaft controller, from now on will use node kafka2:9093 (id: 2 rack: null) (kafka.server.NodeToControllerRequestThread)
kafka3  | 2026-09-25T22:30:02.951671048Z [2026-09-25 22:30:02,951] INFO [broker-3-to-controller-heartbeat-channel-manager]: Recorded new KRaft controller, from now on will use node kafka2:9093 (id: 2 rack: null) (kafka.server.NodeToControllerRequestThread)
kafka3  | 2026-09-25T22:30:02.982887961Z [2026-09-25 22:30:02,982] INFO [MetadataLoader id=3] initializeNewPublishers: the loader is still catching up because we still don't know the high water mark yet. (org.apache.kafka.image.loader.MetadataLoader)
kafka3  | 2026-09-25T22:30:02.989049055Z [2026-09-25 22:30:02,988] INFO [RaftManager id=3] High watermark set to Optional[LogOffsetMetadata(offset=1, metadata=Optional.empty)] for the first time for epoch 1 (org.apache.kafka.raft.FollowerState)
kafka3  | 2026-09-25T22:30:03.033557882Z [2026-09-25 22:30:03,030] INFO [MetadataLoader id=3] maybePublishMetadata(LOG_DELTA): The loader is still catching up because we have not loaded a controller record as of offset 0 and high water mark is 1 (org.apache.kafka.image.loader.MetadataLoader)
kafka3  | 2026-09-25T22:30:03.040245075Z [2026-09-25 22:30:03,039] INFO [BrokerLifecycleManager id=3] Successfully registered broker 3 with broker epoch 7 (kafka.server.BrokerLifecycleManager)
kafka3  | 2026-09-25T22:30:03.083405170Z [2026-09-25 22:30:03,082] INFO [MetadataLoader id=3] initializeNewPublishers: The loader finished catching up to the current high water mark of 1 (org.apache.kafka.image.loader.MetadataLoader)
kafka3  | 2026-09-25T22:30:03.101594984Z [2026-09-25 22:30:03,101] INFO [MetadataLoader id=3] InitializeNewPublishers: initializing SnapshotGenerator with a snapshot at offset 0 (org.apache.kafka.image.loader.MetadataLoader)
kafka3  | 2026-09-25T22:30:03.102368824Z [2026-09-25 22:30:03,101] INFO [MetadataLoader id=3] InitializeNewPublishers: initializing KRaftMetadataCachePublisher with a snapshot at offset 0 (org.apache.kafka.image.loader.MetadataLoader)
kafka3  | 2026-09-25T22:30:03.102425915Z [2026-09-25 22:30:03,102] INFO [MetadataLoader id=3] InitializeNewPublishers: initializing FeaturesPublisher with a snapshot at offset 0 (org.apache.kafka.image.loader.MetadataLoader)
kafka3  | 2026-09-25T22:30:03.102571596Z [2026-09-25 22:30:03,102] INFO [ControllerServer id=3] Loaded new metadata Features(version=3.0-IV1, finalizedFeatures={metadata.version=1}, finalizedFeaturesEpoch=0). (org.apache.kafka.metadata.publisher.FeaturesPublisher)
kafka3  | 2026-09-25T22:30:03.102584983Z [2026-09-25 22:30:03,102] INFO [MetadataLoader id=3] InitializeNewPublishers: initializing ControllerRegistrationsPublisher with a snapshot at offset 0 (org.apache.kafka.image.loader.MetadataLoader)
kafka3  | 2026-09-25T22:30:03.102597866Z [2026-09-25 22:30:03,102] INFO [MetadataLoader id=3] InitializeNewPublishers: initializing ControllerRegistrationManager with a snapshot at offset 0 (org.apache.kafka.image.loader.MetadataLoader)
kafka3  | 2026-09-25T22:30:03.103501437Z [2026-09-25 22:30:03,103] INFO [MetadataLoader id=3] InitializeNewPublishers: initializing DynamicConfigPublisher controller id=3 with a snapshot at offset 0 (org.apache.kafka.image.loader.MetadataLoader)
kafka3  | 2026-09-25T22:30:03.103526871Z [2026-09-25 22:30:03,103] INFO [ControllerRegistrationManager id=3 incarnation=jRYPKiyISiyVdqOWNyRCCg] maybeSendControllerRegistration: cannot register yet because the metadata version is still 3.0-IV1, which does not support KIP-919 controller registration. (kafka.server.ControllerRegistrationManager)
kafka3  | 2026-09-25T22:30:03.105259425Z [2026-09-25 22:30:03,104] INFO [MetadataLoader id=3] InitializeNewPublishers: initializing DynamicClientQuotaPublisher controller id=3 with a snapshot at offset 0 (org.apache.kafka.image.loader.MetadataLoader)
kafka3  | 2026-09-25T22:30:03.106294512Z [2026-09-25 22:30:03,105] INFO [MetadataLoader id=3] InitializeNewPublishers: initializing ScramPublisher controller id=3 with a snapshot at offset 0 (org.apache.kafka.image.loader.MetadataLoader)
kafka3  | 2026-09-25T22:30:03.108538661Z [2026-09-25 22:30:03,107] INFO [MetadataLoader id=3] InitializeNewPublishers: initializing DelegationTokenPublisher controller id=3 with a snapshot at offset 0 (org.apache.kafka.image.loader.MetadataLoader)
kafka3  | 2026-09-25T22:30:03.118857669Z [2026-09-25 22:30:03,118] INFO [MetadataLoader id=3] InitializeNewPublishers: initializing ControllerMetadataMetricsPublisher with a snapshot at offset 0 (org.apache.kafka.image.loader.MetadataLoader)
kafka3  | 2026-09-25T22:30:03.119657398Z [2026-09-25 22:30:03,119] INFO [MetadataLoader id=3] InitializeNewPublishers: initializing AclPublisher controller id=3 with a snapshot at offset 0 (org.apache.kafka.image.loader.MetadataLoader)
kafka3  | 2026-09-25T22:30:03.120986802Z [2026-09-25 22:30:03,120] INFO [MetadataLoader id=3] InitializeNewPublishers: initializing MetadataVersionPublisher(id=3) with a snapshot at offset 0 (org.apache.kafka.image.loader.MetadataLoader)
kafka3  | 2026-09-25T22:30:03.121341121Z [2026-09-25 22:30:03,120] INFO [MetadataLoader id=3] InitializeNewPublishers: initializing BrokerMetadataPublisher with a snapshot at offset 0 (org.apache.kafka.image.loader.MetadataLoader)
kafka3  | 2026-09-25T22:30:03.122712788Z [2026-09-25 22:30:03,121] INFO [BrokerMetadataPublisher id=3] Publishing initial metadata at offset OffsetAndEpoch(offset=0, epoch=1) with metadata.version 3.0-IV1. (kafka.server.metadata.BrokerMetadataPublisher)
kafka3  | 2026-09-25T22:30:03.125341586Z [2026-09-25 22:30:03,124] INFO Loading logs from log dirs ArraySeq(/var/lib/kafka/data) (kafka.log.LogManager)
kafka3  | 2026-09-25T22:30:03.141704925Z [2026-09-25 22:30:03,141] INFO No logs found to be loaded in /var/lib/kafka/data (kafka.log.LogManager)
kafka3  | 2026-09-25T22:30:03.158258164Z [2026-09-25 22:30:03,157] INFO Loaded 0 logs in 29ms (kafka.log.LogManager)
kafka3  | 2026-09-25T22:30:03.159563805Z [2026-09-25 22:30:03,159] INFO Starting log cleanup with a period of 300000 ms. (kafka.log.LogManager)
kafka3  | 2026-09-25T22:30:03.161673365Z [2026-09-25 22:30:03,161] INFO Starting log flusher with a default period of 9223372036854775807 ms. (kafka.log.LogManager)
kafka3  | 2026-09-25T22:30:03.177832884Z [2026-09-25 22:30:03,176] INFO Starting the log cleaner (kafka.log.LogCleaner)
kafka3  | 2026-09-25T22:30:03.336022227Z [2026-09-25 22:30:03,335] INFO [kafka-log-cleaner-thread-0]: Starting (kafka.log.LogCleaner$CleanerThread)
kafka3  | 2026-09-25T22:30:03.349815769Z [2026-09-25 22:30:03,349] INFO [LogDirFailureHandler]: Starting (kafka.server.ReplicaManager$LogDirFailureHandler)
kafka3  | 2026-09-25T22:30:03.351935108Z [2026-09-25 22:30:03,351] INFO [AddPartitionsToTxnSenderThread-3]: Starting (kafka.server.AddPartitionsToTxnManager)
kafka3  | 2026-09-25T22:30:03.353390062Z [2026-09-25 22:30:03,353] INFO [GroupCoordinator 3]: Starting up. (kafka.coordinator.group.GroupCoordinator)
kafka3  | 2026-09-25T22:30:03.357926331Z [2026-09-25 22:30:03,357] INFO [GroupCoordinator 3]: Startup complete. (kafka.coordinator.group.GroupCoordinator)
kafka3  | 2026-09-25T22:30:03.360266496Z [2026-09-25 22:30:03,359] INFO [TransactionCoordinator id=3] Starting up. (kafka.coordinator.transaction.TransactionCoordinator)
kafka3  | 2026-09-25T22:30:03.363338061Z [2026-09-25 22:30:03,362] INFO [QuorumController id=3] Replayed BeginTransactionRecord(name='Bootstrap records') at offset 1. (org.apache.kafka.controller.OffsetControlManager)
kafka3  | 2026-09-25T22:30:03.364302517Z [2026-09-25 22:30:03,364] INFO [QuorumController id=3] Replayed a FeatureLevelRecord setting metadata version to 3.7-IV4 (org.apache.kafka.controller.FeatureControlManager)
kafka3  | 2026-09-25T22:30:03.364328161Z [2026-09-25 22:30:03,364] INFO [TxnMarkerSenderThread-3]: Starting (kafka.coordinator.transaction.TransactionMarkerChannelManager)
kafka3  | 2026-09-25T22:30:03.364929667Z [2026-09-25 22:30:03,364] INFO [TransactionCoordinator id=3] Startup complete. (kafka.coordinator.transaction.TransactionCoordinator)
kafka3  | 2026-09-25T22:30:03.364960097Z [2026-09-25 22:30:03,364] INFO [QuorumController id=3] Replayed EndTransactionRecord() at offset 4. (org.apache.kafka.controller.OffsetControlManager)
kafka3  | 2026-09-25T22:30:03.371030046Z [2026-09-25 22:30:03,370] INFO [QuorumController id=3] Replayed initial RegisterBrokerRecord for broker 2: RegisterBrokerRecord(brokerId=2, isMigratingZkBroker=false, incarnationId=3Z2sSrHbSfe05nTPZFp1pQ, brokerEpoch=5, endPoints=[BrokerEndpoint(name='PLAINTEXT', host='kafka2', port=9092, securityProtocol=0), BrokerEndpoint(name='EXTERNAL', host='localhost', port=29092, securityProtocol=0)], features=[BrokerFeature(name='metadata.version', minSupportedVersion=1, maxSupportedVersion=19)], rack=null, fenced=true, inControlledShutdown=false, logDirs=[aVi532WiNDfbBF-6jrUHpA]) (org.apache.kafka.controller.ClusterControlManager)
kafka3  | 2026-09-25T22:30:03.371593390Z [2026-09-25 22:30:03,371] INFO [QuorumController id=3] Replayed initial RegisterBrokerRecord for broker 1: RegisterBrokerRecord(brokerId=1, isMigratingZkBroker=false, incarnationId=kNxjNBydRLGhlVGpN9dUWQ, brokerEpoch=6, endPoints=[BrokerEndpoint(name='PLAINTEXT', host='kafka1', port=9092, securityProtocol=0), BrokerEndpoint(name='EXTERNAL', host='localhost', port=19092, securityProtocol=0)], features=[BrokerFeature(name='metadata.version', minSupportedVersion=1, maxSupportedVersion=19)], rack=null, fenced=true, inControlledShutdown=false, logDirs=[fM_CM2CHzFPLaSPW0Ctb9Q]) (org.apache.kafka.controller.ClusterControlManager)
kafka3  | 2026-09-25T22:30:03.372045995Z [2026-09-25 22:30:03,371] INFO [QuorumController id=3] Replayed initial RegisterBrokerRecord for broker 3: RegisterBrokerRecord(brokerId=3, isMigratingZkBroker=false, incarnationId=NCF8zWS_Toqn1voX7J7S0Q, brokerEpoch=7, endPoints=[BrokerEndpoint(name='PLAINTEXT', host='kafka3', port=9092, securityProtocol=0), BrokerEndpoint(name='EXTERNAL', host='localhost', port=39092, securityProtocol=0)], features=[BrokerFeature(name='metadata.version', minSupportedVersion=1, maxSupportedVersion=19)], rack=null, fenced=true, inControlledShutdown=false, logDirs=[raOOhb1PofWlkOr7knf3lw]) (org.apache.kafka.controller.ClusterControlManager)
kafka3  | 2026-09-25T22:30:03.384084940Z [2026-09-25 22:30:03,383] INFO [MetadataLoader id=3] InitializeNewPublishers: initializing BrokerRegistrationTracker(id=3) with a snapshot at offset 0 (org.apache.kafka.image.loader.MetadataLoader)
kafka3  | 2026-09-25T22:30:03.387767184Z [2026-09-25 22:30:03,387] INFO [ControllerServer id=3] Loaded new metadata Features(version=3.7-IV4, finalizedFeatures={metadata.version=19}, finalizedFeaturesEpoch=7). (org.apache.kafka.metadata.publisher.FeaturesPublisher)
kafka3  | 2026-09-25T22:30:03.392548918Z [2026-09-25 22:30:03,392] INFO [ControllerRegistrationManager id=3 incarnation=jRYPKiyISiyVdqOWNyRCCg] sendControllerRegistration: attempting to send ControllerRegistrationRequestData(controllerId=3, incarnationId=jRYPKiyISiyVdqOWNyRCCg, zkMigrationReady=false, listeners=[Listener(name='CONTROLLER', host='kafka3', port=9093, securityProtocol=0)], features=[Feature(name='metadata.version', minSupportedVersion=1, maxSupportedVersion=19)]) (kafka.server.ControllerRegistrationManager)
kafka3  | 2026-09-25T22:30:03.439345399Z [2026-09-25 22:30:03,438] INFO [ControllerRegistrationManager id=3 incarnation=jRYPKiyISiyVdqOWNyRCCg] RegistrationResponseHandler: controller acknowledged ControllerRegistrationRequest. (kafka.server.ControllerRegistrationManager)
kafka3  | 2026-09-25T22:30:03.442058587Z [2026-09-25 22:30:03,441] INFO [QuorumController id=3] Replayed RegisterControllerRecord contaning ControllerRegistration(id=2, incarnationId=9ezpG7YKRz6jCuKuKcZJUg, zkMigrationReady=false, listeners=[Endpoint(listenerName='CONTROLLER', securityProtocol=PLAINTEXT, host='kafka2', port=9093)], supportedFeatures={metadata.version: 1-19}). (org.apache.kafka.controller.ClusterControlManager)
kafka3  | 2026-09-25T22:30:03.478541521Z [2026-09-25 22:30:03,478] INFO [BrokerLifecycleManager id=3] The broker has caught up. Transitioning from STARTING to RECOVERY. (kafka.server.BrokerLifecycleManager)
kafka3  | 2026-09-25T22:30:03.478785982Z [2026-09-25 22:30:03,478] INFO [QuorumController id=3] Replayed BrokerRegistrationChangeRecord modifying the registration for broker 2: BrokerRegistrationChangeRecord(brokerId=2, brokerEpoch=5, fenced=-1, inControlledShutdown=0, logDirs=[]) (org.apache.kafka.controller.ClusterControlManager)
kafka3  | 2026-09-25T22:30:03.478856067Z [2026-09-25 22:30:03,478] INFO [BrokerServer id=3] Finished waiting for the controller to acknowledge that we are caught up (kafka.server.BrokerServer)
kafka3  | 2026-09-25T22:30:03.479006968Z [2026-09-25 22:30:03,478] INFO [BrokerServer id=3] Waiting for the initial broker metadata update to be published (kafka.server.BrokerServer)
kafka3  | 2026-09-25T22:30:03.479019089Z [2026-09-25 22:30:03,478] INFO [BrokerServer id=3] Finished waiting for the initial broker metadata update to be published (kafka.server.BrokerServer)
kafka3  | 2026-09-25T22:30:03.479258241Z [2026-09-25 22:30:03,479] INFO [QuorumController id=3] Replayed RegisterControllerRecord contaning ControllerRegistration(id=3, incarnationId=jRYPKiyISiyVdqOWNyRCCg, zkMigrationReady=false, listeners=[Endpoint(listenerName='CONTROLLER', securityProtocol=PLAINTEXT, host='kafka3', port=9093)], supportedFeatures={metadata.version: 1-19}). (org.apache.kafka.controller.ClusterControlManager)
kafka3  | 2026-09-25T22:30:03.479513112Z [2026-09-25 22:30:03,479] INFO [QuorumController id=3] Replayed RegisterControllerRecord contaning ControllerRegistration(id=1, incarnationId=R-C9ZIcqSpWYzRo0srjYKg, zkMigrationReady=false, listeners=[Endpoint(listenerName='CONTROLLER', securityProtocol=PLAINTEXT, host='kafka1', port=9093)], supportedFeatures={metadata.version: 1-19}). (org.apache.kafka.controller.ClusterControlManager)
kafka3  | 2026-09-25T22:30:03.479520503Z [2026-09-25 22:30:03,479] INFO [ControllerRegistrationManager id=3 incarnation=jRYPKiyISiyVdqOWNyRCCg] Our registration has been persisted to the metadata log. (kafka.server.ControllerRegistrationManager)
kafka3  | 2026-09-25T22:30:03.481839866Z [2026-09-25 22:30:03,481] INFO KafkaConfig values: 
kafka3  | 2026-09-25T22:30:03.481866897Z 	advertised.listeners = PLAINTEXT://kafka3:9092,EXTERNAL://localhost:39092
kafka3  | 2026-09-25T22:30:03.481873607Z 	alter.config.policy.class.name = null
kafka2  | 2026-09-25T22:30:02.897416818Z [2026-09-25 22:30:02,895] INFO [QuorumController id=2] registerBroker: event failed with NotControllerException in 58 microseconds. Exception message: The active controller appears to be node 2. (org.apache.kafka.controller.QuorumController)
kafka2  | 2026-09-25T22:30:02.898637465Z [2026-09-25 22:30:02,898] INFO [QuorumController id=2] Becoming the active controller at epoch 1, next write offset 1. (org.apache.kafka.controller.QuorumController)
kafka2  | 2026-09-25T22:30:02.923890486Z [2026-09-25 22:30:02,923] WARN [QuorumController id=2] Performing controller activation. The metadata log appears to be empty. Appending 1 bootstrap record(s) in metadata transaction at metadata.version 3.7-IV4 from bootstrap source 'the binary bootstrap metadata file: /var/lib/kafka/data/bootstrap.checkpoint'. Setting the ZK migration state to NONE since this is a de-novo KRaft cluster. (org.apache.kafka.controller.QuorumController)
kafka2  | 2026-09-25T22:30:02.930018893Z [2026-09-25 22:30:02,926] INFO [QuorumController id=2] Replayed BeginTransactionRecord(name='Bootstrap records') at offset 1. (org.apache.kafka.controller.OffsetControlManager)
kafka2  | 2026-09-25T22:30:02.931528582Z [2026-09-25 22:30:02,931] INFO [QuorumController id=2] Replayed a FeatureLevelRecord setting metadata version to 3.7-IV4 (org.apache.kafka.controller.FeatureControlManager)
kafka2  | 2026-09-25T22:30:02.939262280Z [2026-09-25 22:30:02,938] INFO [QuorumController id=2] Replayed EndTransactionRecord() at offset 4. (org.apache.kafka.controller.OffsetControlManager)
kafka2  | 2026-09-25T22:30:02.942859724Z [2026-09-25 22:30:02,941] INFO [MetadataLoader id=2] initializeNewPublishers: The loader finished catching up to the current high water mark of 1 (org.apache.kafka.image.loader.MetadataLoader)
kafka2  | 2026-09-25T22:30:02.955279654Z [2026-09-25 22:30:02,954] INFO [MetadataLoader id=2] InitializeNewPublishers: initializing SnapshotGenerator with a snapshot at offset 0 (org.apache.kafka.image.loader.MetadataLoader)
kafka2  | 2026-09-25T22:30:02.955898089Z [2026-09-25 22:30:02,955] INFO [MetadataLoader id=2] InitializeNewPublishers: initializing KRaftMetadataCachePublisher with a snapshot at offset 0 (org.apache.kafka.image.loader.MetadataLoader)
kafka2  | 2026-09-25T22:30:02.956223177Z [2026-09-25 22:30:02,956] INFO [MetadataLoader id=2] InitializeNewPublishers: initializing FeaturesPublisher with a snapshot at offset 0 (org.apache.kafka.image.loader.MetadataLoader)
kafka2  | 2026-09-25T22:30:02.956496783Z [2026-09-25 22:30:02,956] INFO [ControllerServer id=2] Loaded new metadata Features(version=3.0-IV1, finalizedFeatures={metadata.version=1}, finalizedFeaturesEpoch=0). (org.apache.kafka.metadata.publisher.FeaturesPublisher)
kafka2  | 2026-09-25T22:30:02.956522485Z [2026-09-25 22:30:02,956] INFO [MetadataLoader id=2] InitializeNewPublishers: initializing ControllerRegistrationsPublisher with a snapshot at offset 0 (org.apache.kafka.image.loader.MetadataLoader)
kafka2  | 2026-09-25T22:30:02.956622295Z [2026-09-25 22:30:02,956] INFO [MetadataLoader id=2] InitializeNewPublishers: initializing ControllerRegistrationManager with a snapshot at offset 0 (org.apache.kafka.image.loader.MetadataLoader)
kafka2  | 2026-09-25T22:30:02.957405126Z [2026-09-25 22:30:02,957] INFO [MetadataLoader id=2] InitializeNewPublishers: initializing DynamicConfigPublisher controller id=2 with a snapshot at offset 0 (org.apache.kafka.image.loader.MetadataLoader)
kafka2  | 2026-09-25T22:30:02.958994897Z [2026-09-25 22:30:02,958] INFO [MetadataLoader id=2] InitializeNewPublishers: initializing DynamicClientQuotaPublisher controller id=2 with a snapshot at offset 0 (org.apache.kafka.image.loader.MetadataLoader)
kafka2  | 2026-09-25T22:30:02.959650548Z [2026-09-25 22:30:02,959] INFO [ControllerRegistrationManager id=2 incarnation=9ezpG7YKRz6jCuKuKcZJUg] maybeSendControllerRegistration: cannot register yet because the metadata version is still 3.0-IV1, which does not support KIP-919 controller registration. (kafka.server.ControllerRegistrationManager)
kafka2  | 2026-09-25T22:30:02.960348940Z [2026-09-25 22:30:02,959] INFO [MetadataLoader id=2] InitializeNewPublishers: initializing ScramPublisher controller id=2 with a snapshot at offset 0 (org.apache.kafka.image.loader.MetadataLoader)
kafka2  | 2026-09-25T22:30:02.961767241Z [2026-09-25 22:30:02,961] INFO [QuorumController id=2] Replayed initial RegisterBrokerRecord for broker 2: RegisterBrokerRecord(brokerId=2, isMigratingZkBroker=false, incarnationId=3Z2sSrHbSfe05nTPZFp1pQ, brokerEpoch=5, endPoints=[BrokerEndpoint(name='PLAINTEXT', host='kafka2', port=9092, securityProtocol=0), BrokerEndpoint(name='EXTERNAL', host='localhost', port=29092, securityProtocol=0)], features=[BrokerFeature(name='metadata.version', minSupportedVersion=1, maxSupportedVersion=19)], rack=null, fenced=true, inControlledShutdown=false, logDirs=[aVi532WiNDfbBF-6jrUHpA]) (org.apache.kafka.controller.ClusterControlManager)
kafka2  | 2026-09-25T22:30:02.961809366Z [2026-09-25 22:30:02,961] INFO [MetadataLoader id=2] InitializeNewPublishers: initializing DelegationTokenPublisher controller id=2 with a snapshot at offset 0 (org.apache.kafka.image.loader.MetadataLoader)
kafka2  | 2026-09-25T22:30:02.963292805Z [2026-09-25 22:30:02,962] INFO [QuorumController id=2] Replayed initial RegisterBrokerRecord for broker 1: RegisterBrokerRecord(brokerId=1, isMigratingZkBroker=false, incarnationId=kNxjNBydRLGhlVGpN9dUWQ, brokerEpoch=6, endPoints=[BrokerEndpoint(name='PLAINTEXT', host='kafka1', port=9092, securityProtocol=0), BrokerEndpoint(name='EXTERNAL', host='localhost', port=19092, securityProtocol=0)], features=[BrokerFeature(name='metadata.version', minSupportedVersion=1, maxSupportedVersion=19)], rack=null, fenced=true, inControlledShutdown=false, logDirs=[fM_CM2CHzFPLaSPW0Ctb9Q]) (org.apache.kafka.controller.ClusterControlManager)
kafka2  | 2026-09-25T22:30:02.964277032Z [2026-09-25 22:30:02,963] INFO [QuorumController id=2] Replayed initial RegisterBrokerRecord for broker 3: RegisterBrokerRecord(brokerId=3, isMigratingZkBroker=false, incarnationId=NCF8zWS_Toqn1voX7J7S0Q, brokerEpoch=7, endPoints=[BrokerEndpoint(name='PLAINTEXT', host='kafka3', port=9092, securityProtocol=0), BrokerEndpoint(name='EXTERNAL', host='localhost', port=39092, securityProtocol=0)], features=[BrokerFeature(name='metadata.version', minSupportedVersion=1, maxSupportedVersion=19)], rack=null, fenced=true, inControlledShutdown=false, logDirs=[raOOhb1PofWlkOr7knf3lw]) (org.apache.kafka.controller.ClusterControlManager)
kafka2  | 2026-09-25T22:30:02.964461097Z [2026-09-25 22:30:02,964] INFO [MetadataLoader id=2] InitializeNewPublishers: initializing ControllerMetadataMetricsPublisher with a snapshot at offset 0 (org.apache.kafka.image.loader.MetadataLoader)
kafka2  | 2026-09-25T22:30:02.965285951Z [2026-09-25 22:30:02,964] INFO [MetadataLoader id=2] InitializeNewPublishers: initializing AclPublisher controller id=2 with a snapshot at offset 0 (org.apache.kafka.image.loader.MetadataLoader)
kafka2  | 2026-09-25T22:30:02.966645927Z [2026-09-25 22:30:02,965] INFO [MetadataLoader id=2] InitializeNewPublishers: initializing MetadataVersionPublisher(id=2) with a snapshot at offset 0 (org.apache.kafka.image.loader.MetadataLoader)
kafka2  | 2026-09-25T22:30:02.966731521Z [2026-09-25 22:30:02,966] INFO [MetadataLoader id=2] InitializeNewPublishers: initializing BrokerMetadataPublisher with a snapshot at offset 0 (org.apache.kafka.image.loader.MetadataLoader)
kafka2  | 2026-09-25T22:30:02.968188202Z [2026-09-25 22:30:02,967] INFO [BrokerMetadataPublisher id=2] Publishing initial metadata at offset OffsetAndEpoch(offset=0, epoch=1) with metadata.version 3.0-IV1. (kafka.server.metadata.BrokerMetadataPublisher)
kafka2  | 2026-09-25T22:30:02.974692617Z [2026-09-25 22:30:02,974] INFO Loading logs from log dirs ArraySeq(/var/lib/kafka/data) (kafka.log.LogManager)
kafka1  | 2026-09-25T22:30:03.482387567Z 	log.cleaner.dedupe.buffer.size = 134217728
kafka1  | 2026-09-25T22:30:03.482389639Z 	log.cleaner.delete.retention.ms = 86400000
kafka1  | 2026-09-25T22:30:03.482392167Z 	log.cleaner.enable = true
kafka1  | 2026-09-25T22:30:03.482394194Z 	log.cleaner.io.buffer.load.factor = 0.9
kafka1  | 2026-09-25T22:30:03.482396623Z 	log.cleaner.io.buffer.size = 524288
kafka1  | 2026-09-25T22:30:03.482399045Z 	log.cleaner.io.max.bytes.per.second = 1.7976931348623157E308
kafka1  | 2026-09-25T22:30:03.482401478Z 	log.cleaner.max.compaction.lag.ms = 9223372036854775807
kafka1  | 2026-09-25T22:30:03.482408332Z 	log.cleaner.min.cleanable.ratio = 0.5
kafka1  | 2026-09-25T22:30:03.482411893Z 	log.cleaner.min.compaction.lag.ms = 0
kafka1  | 2026-09-25T22:30:03.482418235Z 	log.cleaner.threads = 1
kafka1  | 2026-09-25T22:30:03.482420398Z 	log.cleanup.policy = [delete]
kafka1  | 2026-09-25T22:30:03.482422302Z 	log.dir = /tmp/kafka-logs
kafka1  | 2026-09-25T22:30:03.482424004Z 	log.dirs = /var/lib/kafka/data
kafka1  | 2026-09-25T22:30:03.482425848Z 	log.flush.interval.messages = 9223372036854775807
kafka1  | 2026-09-25T22:30:03.482427747Z 	log.flush.interval.ms = null
kafka1  | 2026-09-25T22:30:03.482429560Z 	log.flush.offset.checkpoint.interval.ms = 60000
kafka1  | 2026-09-25T22:30:03.482432002Z 	log.flush.scheduler.interval.ms = 9223372036854775807
kafka1  | 2026-09-25T22:30:03.482433916Z 	log.flush.start.offset.checkpoint.interval.ms = 60000
kafka1  | 2026-09-25T22:30:03.482435790Z 	log.index.interval.bytes = 4096
kafka1  | 2026-09-25T22:30:03.482437626Z 	log.index.size.max.bytes = 10485760
kafka1  | 2026-09-25T22:30:03.482439737Z 	log.local.retention.bytes = -2
kafka1  | 2026-09-25T22:30:03.482441518Z 	log.local.retention.ms = -2
kafka1  | 2026-09-25T22:30:03.482443350Z 	log.message.downconversion.enable = true
kafka1  | 2026-09-25T22:30:03.482446293Z 	log.message.format.version = 3.0-IV1
kafka1  | 2026-09-25T22:30:03.482448406Z 	log.message.timestamp.after.max.ms = 9223372036854775807
kafka1  | 2026-09-25T22:30:03.482450317Z 	log.message.timestamp.before.max.ms = 9223372036854775807
kafka1  | 2026-09-25T22:30:03.482452416Z 	log.message.timestamp.difference.max.ms = 9223372036854775807
kafka1  | 2026-09-25T22:30:03.482454319Z 	log.message.timestamp.type = CreateTime
kafka1  | 2026-09-25T22:30:03.482456170Z 	log.preallocate = false
kafka1  | 2026-09-25T22:30:03.482458221Z 	log.retention.bytes = -1
kafka1  | 2026-09-25T22:30:03.482460412Z 	log.retention.check.interval.ms = 300000
kafka1  | 2026-09-25T22:30:03.482462529Z 	log.retention.hours = 168
kafka1  | 2026-09-25T22:30:03.482464559Z 	log.retention.minutes = null
kafka1  | 2026-09-25T22:30:03.482466446Z 	log.retention.ms = null
kafka1  | 2026-09-25T22:30:03.482468311Z 	log.roll.hours = 168
kafka1  | 2026-09-25T22:30:03.482470415Z 	log.roll.jitter.hours = 0
kafka1  | 2026-09-25T22:30:03.482472536Z 	log.roll.jitter.ms = null
kafka1  | 2026-09-25T22:30:03.482474815Z 	log.roll.ms = null
kafka1  | 2026-09-25T22:30:03.482476855Z 	log.segment.bytes = 1073741824
kafka1  | 2026-09-25T22:30:03.482478926Z 	log.segment.delete.delay.ms = 60000
kafka1  | 2026-09-25T22:30:03.482480874Z 	max.connection.creation.rate = 2147483647
kafka1  | 2026-09-25T22:30:03.482482828Z 	max.connections = 2147483647
kafka1  | 2026-09-25T22:30:03.482485026Z 	max.connections.per.ip = 2147483647
kafka1  | 2026-09-25T22:30:03.482487074Z 	max.connections.per.ip.overrides = 
kafka1  | 2026-09-25T22:30:03.482494922Z 	max.incremental.fetch.session.cache.slots = 1000
kafka1  | 2026-09-25T22:30:03.482505514Z 	message.max.bytes = 1048588
kafka1  | 2026-09-25T22:30:03.482508030Z 	metadata.log.dir = null
kafka1  | 2026-09-25T22:30:03.482510417Z 	metadata.log.max.record.bytes.between.snapshots = 20971520
kafka1  | 2026-09-25T22:30:03.482512802Z 	metadata.log.max.snapshot.interval.ms = 3600000
kafka1  | 2026-09-25T22:30:03.482515151Z 	metadata.log.segment.bytes = 1073741824
kafka1  | 2026-09-25T22:30:03.482517141Z 	metadata.log.segment.min.bytes = 8388608
kafka1  | 2026-09-25T22:30:03.482524756Z 	metadata.log.segment.ms = 604800000
kafka1  | 2026-09-25T22:30:03.482526006Z 	metadata.max.idle.interval.ms = 500
kafka1  | 2026-09-25T22:30:03.482527487Z 	metadata.max.retention.bytes = 104857600
kafka2  | 2026-09-25T22:30:02.987990951Z [2026-09-25 22:30:02,987] INFO No logs found to be loaded in /var/lib/kafka/data (kafka.log.LogManager)
kafka3  | 2026-09-25T22:30:03.481875578Z 	alter.log.dirs.replication.quota.window.num = 11
kafka3  | 2026-09-25T22:30:03.481882473Z 	alter.log.dirs.replication.quota.window.size.seconds = 1
kafka3  | 2026-09-25T22:30:03.481884867Z 	authorizer.class.name = 
kafka3  | 2026-09-25T22:30:03.481886767Z 	auto.create.topics.enable = true
kafka3  | 2026-09-25T22:30:03.481912270Z 	auto.include.jmx.reporter = true
kafka3  | 2026-09-25T22:30:03.481916731Z 	auto.leader.rebalance.enable = true
kafka3  | 2026-09-25T22:30:03.481918455Z 	background.threads = 10
kafka3  | 2026-09-25T22:30:03.481920037Z 	broker.heartbeat.interval.ms = 2000
kafka3  | 2026-09-25T22:30:03.481921614Z 	broker.id = 3
kafka3  | 2026-09-25T22:30:03.481923728Z 	broker.id.generation.enable = true
kafka3  | 2026-09-25T22:30:03.481925348Z 	broker.rack = null
kafka3  | 2026-09-25T22:30:03.481926897Z 	broker.session.timeout.ms = 9000
kafka2  | 2026-09-25T22:30:03.010304968Z [2026-09-25 22:30:03,009] INFO Loaded 0 logs in 34ms (kafka.log.LogManager)
kafka2  | 2026-09-25T22:30:03.012197880Z [2026-09-25 22:30:03,011] INFO Starting log cleanup with a period of 300000 ms. (kafka.log.LogManager)
kafka2  | 2026-09-25T22:30:03.016505824Z [2026-09-25 22:30:03,015] INFO Starting log flusher with a default period of 9223372036854775807 ms. (kafka.log.LogManager)
kafka2  | 2026-09-25T22:30:03.039819679Z [2026-09-25 22:30:03,039] INFO [BrokerLifecycleManager id=2] Successfully registered broker 2 with broker epoch 5 (kafka.server.BrokerLifecycleManager)
kafka2  | 2026-09-25T22:30:03.052384192Z [2026-09-25 22:30:03,051] INFO Starting the log cleaner (kafka.log.LogCleaner)
kafka2  | 2026-09-25T22:30:03.265224585Z [2026-09-25 22:30:03,264] INFO [kafka-log-cleaner-thread-0]: Starting (kafka.log.LogCleaner$CleanerThread)
kafka2  | 2026-09-25T22:30:03.272407638Z [2026-09-25 22:30:03,271] INFO [LogDirFailureHandler]: Starting (kafka.server.ReplicaManager$LogDirFailureHandler)
kafka2  | 2026-09-25T22:30:03.273168595Z [2026-09-25 22:30:03,272] INFO [AddPartitionsToTxnSenderThread-2]: Starting (kafka.server.AddPartitionsToTxnManager)
kafka2  | 2026-09-25T22:30:03.274412073Z [2026-09-25 22:30:03,274] INFO [GroupCoordinator 2]: Starting up. (kafka.coordinator.group.GroupCoordinator)
kafka2  | 2026-09-25T22:30:03.277582491Z [2026-09-25 22:30:03,277] INFO [GroupCoordinator 2]: Startup complete. (kafka.coordinator.group.GroupCoordinator)
kafka2  | 2026-09-25T22:30:03.278542671Z [2026-09-25 22:30:03,278] INFO [TransactionCoordinator id=2] Starting up. (kafka.coordinator.transaction.TransactionCoordinator)
kafka2  | 2026-09-25T22:30:03.281595457Z [2026-09-25 22:30:03,281] INFO [TxnMarkerSenderThread-2]: Starting (kafka.coordinator.transaction.TransactionMarkerChannelManager)
kafka2  | 2026-09-25T22:30:03.281859455Z [2026-09-25 22:30:03,281] INFO [TransactionCoordinator id=2] Startup complete. (kafka.coordinator.transaction.TransactionCoordinator)
kafka2  | 2026-09-25T22:30:03.288145497Z [2026-09-25 22:30:03,287] INFO [MetadataLoader id=2] InitializeNewPublishers: initializing BrokerRegistrationTracker(id=2) with a snapshot at offset 0 (org.apache.kafka.image.loader.MetadataLoader)
kafka2  | 2026-09-25T22:30:03.291726687Z [2026-09-25 22:30:03,290] INFO [ControllerServer id=2] Loaded new metadata Features(version=3.7-IV4, finalizedFeatures={metadata.version=19}, finalizedFeaturesEpoch=7). (org.apache.kafka.metadata.publisher.FeaturesPublisher)
kafka2  | 2026-09-25T22:30:03.294525457Z [2026-09-25 22:30:03,294] INFO [ControllerRegistrationManager id=2 incarnation=9ezpG7YKRz6jCuKuKcZJUg] sendControllerRegistration: attempting to send ControllerRegistrationRequestData(controllerId=2, incarnationId=9ezpG7YKRz6jCuKuKcZJUg, zkMigrationReady=false, listeners=[Listener(name='CONTROLLER', host='kafka2', port=9093, securityProtocol=0)], features=[Feature(name='metadata.version', minSupportedVersion=1, maxSupportedVersion=19)]) (kafka.server.ControllerRegistrationManager)
kafka2  | 2026-09-25T22:30:03.306371462Z [2026-09-25 22:30:03,305] INFO [QuorumController id=2] Replayed RegisterControllerRecord contaning ControllerRegistration(id=2, incarnationId=9ezpG7YKRz6jCuKuKcZJUg, zkMigrationReady=false, listeners=[Endpoint(listenerName='CONTROLLER', securityProtocol=PLAINTEXT, host='kafka2', port=9093)], supportedFeatures={metadata.version: 1-19}). (org.apache.kafka.controller.ClusterControlManager)
kafka2  | 2026-09-25T22:30:03.355897755Z [2026-09-25 22:30:03,355] INFO [ControllerRegistrationManager id=2 incarnation=9ezpG7YKRz6jCuKuKcZJUg] Our registration has been persisted to the metadata log. (kafka.server.ControllerRegistrationManager)
kafka2  | 2026-09-25T22:30:03.361351677Z [2026-09-25 22:30:03,360] INFO [ControllerRegistrationManager id=2 incarnation=9ezpG7YKRz6jCuKuKcZJUg] RegistrationResponseHandler: controller acknowledged ControllerRegistrationRequest. (kafka.server.ControllerRegistrationManager)
kafka2  | 2026-09-25T22:30:03.362142087Z [2026-09-25 22:30:03,361] INFO [BrokerLifecycleManager id=2] The broker has caught up. Transitioning from STARTING to RECOVERY. (kafka.server.BrokerLifecycleManager)
kafka2  | 2026-09-25T22:30:03.362172618Z [2026-09-25 22:30:03,361] INFO [BrokerServer id=2] Finished waiting for the controller to acknowledge that we are caught up (kafka.server.BrokerServer)
kafka2  | 2026-09-25T22:30:03.362204191Z [2026-09-25 22:30:03,362] INFO [BrokerServer id=2] Waiting for the initial broker metadata update to be published (kafka.server.BrokerServer)
kafka3  | 2026-09-25T22:30:03.481928437Z 	client.quota.callback.class = null
kafka3  | 2026-09-25T22:30:03.481930083Z 	compression.type = producer
kafka3  | 2026-09-25T22:30:03.481935215Z 	connection.failed.authentication.delay.ms = 100
kafka3  | 2026-09-25T22:30:03.481939878Z 	connections.max.idle.ms = 600000
kafka3  | 2026-09-25T22:30:03.481942650Z 	connections.max.reauth.ms = 0
kafka3  | 2026-09-25T22:30:03.481945243Z 	control.plane.listener.name = null
kafka3  | 2026-09-25T22:30:03.481947868Z 	controlled.shutdown.enable = true
kafka3  | 2026-09-25T22:30:03.481950850Z 	controlled.shutdown.max.retries = 3
kafka3  | 2026-09-25T22:30:03.481953567Z 	controlled.shutdown.retry.backoff.ms = 5000
kafka3  | 2026-09-25T22:30:03.481956333Z 	controller.listener.names = CONTROLLER
kafka3  | 2026-09-25T22:30:03.481959009Z 	controller.quorum.append.linger.ms = 25
kafka3  | 2026-09-25T22:30:03.481961706Z 	controller.quorum.election.backoff.max.ms = 1000
kafka3  | 2026-09-25T22:30:03.481964475Z 	controller.quorum.election.timeout.ms = 1000
kafka3  | 2026-09-25T22:30:03.481975374Z 	controller.quorum.fetch.timeout.ms = 2000
kafka3  | 2026-09-25T22:30:03.481979431Z 	controller.quorum.request.timeout.ms = 2000
kafka3  | 2026-09-25T22:30:03.481982126Z 	controller.quorum.retry.backoff.ms = 20
kafka3  | 2026-09-25T22:30:03.481984926Z 	controller.quorum.voters = [1@kafka1:9093, 2@kafka2:9093, 3@kafka3:9093]
kafka3  | 2026-09-25T22:30:03.481997130Z 	controller.quota.window.num = 11
kafka3  | 2026-09-25T22:30:03.482000017Z 	controller.quota.window.size.seconds = 1
kafka3  | 2026-09-25T22:30:03.482002870Z 	controller.socket.timeout.ms = 30000
kafka3  | 2026-09-25T22:30:03.482005540Z 	create.topic.policy.class.name = null
kafka3  | 2026-09-25T22:30:03.482015322Z 	default.replication.factor = 3
kafka3  | 2026-09-25T22:30:03.482021252Z 	delegation.token.expiry.check.interval.ms = 3600000
kafka3  | 2026-09-25T22:30:03.482024077Z 	delegation.token.expiry.time.ms = 86400000
kafka3  | 2026-09-25T22:30:03.482026856Z 	delegation.token.master.key = null
kafka3  | 2026-09-25T22:30:03.482029641Z 	delegation.token.max.lifetime.ms = 604800000
kafka3  | 2026-09-25T22:30:03.482032291Z 	delegation.token.secret.key = null
kafka3  | 2026-09-25T22:30:03.482040827Z 	delete.records.purgatory.purge.interval.requests = 1
kafka3  | 2026-09-25T22:30:03.482053913Z 	delete.topic.enable = true
kafka3  | 2026-09-25T22:30:03.482058560Z 	early.start.listeners = null
kafka3  | 2026-09-25T22:30:03.482061397Z 	eligible.leader.replicas.enable = false
kafka3  | 2026-09-25T22:30:03.482064482Z 	fetch.max.bytes = 57671680
kafka3  | 2026-09-25T22:30:03.482067742Z 	fetch.purgatory.purge.interval.requests = 1000
kafka3  | 2026-09-25T22:30:03.482075561Z 	group.consumer.assignors = [org.apache.kafka.coordinator.group.assignor.UniformAssignor, org.apache.kafka.coordinator.group.assignor.RangeAssignor]
kafka3  | 2026-09-25T22:30:03.482079222Z 	group.consumer.heartbeat.interval.ms = 5000
kafka3  | 2026-09-25T22:30:03.482082033Z 	group.consumer.max.heartbeat.interval.ms = 15000
kafka3  | 2026-09-25T22:30:03.482084850Z 	group.consumer.max.session.timeout.ms = 60000
kafka3  | 2026-09-25T22:30:03.482087636Z 	group.consumer.max.size = 2147483647
kafka3  | 2026-09-25T22:30:03.482090495Z 	group.consumer.min.heartbeat.interval.ms = 5000
kafka3  | 2026-09-25T22:30:03.482093317Z 	group.consumer.min.session.timeout.ms = 45000
kafka3  | 2026-09-25T22:30:03.482096164Z 	group.consumer.session.timeout.ms = 45000
kafka3  | 2026-09-25T22:30:03.482099109Z 	group.coordinator.new.enable = false
kafka3  | 2026-09-25T22:30:03.482101899Z 	group.coordinator.rebalance.protocols = [classic]
kafka3  | 2026-09-25T22:30:03.482104765Z 	group.coordinator.threads = 1
kafka3  | 2026-09-25T22:30:03.482107690Z 	group.initial.rebalance.delay.ms = 0
kafka3  | 2026-09-25T22:30:03.482110550Z 	group.max.session.timeout.ms = 1800000
kafka3  | 2026-09-25T22:30:03.482113428Z 	group.max.size = 2147483647
kafka3  | 2026-09-25T22:30:03.482116243Z 	group.min.session.timeout.ms = 6000
kafka3  | 2026-09-25T22:30:03.482118835Z 	initial.broker.registration.timeout.ms = 60000
kafka3  | 2026-09-25T22:30:03.482121648Z 	inter.broker.listener.name = PLAINTEXT
kafka3  | 2026-09-25T22:30:03.482124334Z 	inter.broker.protocol.version = 3.7-IV4
kafka3  | 2026-09-25T22:30:03.482127070Z 	kafka.metrics.polling.interval.secs = 10
kafka3  | 2026-09-25T22:30:03.482130114Z 	kafka.metrics.reporters = []
kafka3  | 2026-09-25T22:30:03.482132989Z 	leader.imbalance.check.interval.seconds = 300
kafka3  | 2026-09-25T22:30:03.482147144Z 	leader.imbalance.per.broker.percentage = 10
kafka3  | 2026-09-25T22:30:03.482152696Z 	listener.security.protocol.map = CONTROLLER:PLAINTEXT,PLAINTEXT:PLAINTEXT,EXTERNAL:PLAINTEXT
kafka3  | 2026-09-25T22:30:03.482156038Z 	listeners = PLAINTEXT://kafka3:9092,CONTROLLER://kafka3:9093,EXTERNAL://0.0.0.0:39092
kafka3  | 2026-09-25T22:30:03.482159164Z 	log.cleaner.backoff.ms = 15000
kafka3  | 2026-09-25T22:30:03.482161876Z 	log.cleaner.dedupe.buffer.size = 134217728
kafka3  | 2026-09-25T22:30:03.482173974Z 	log.cleaner.delete.retention.ms = 86400000
kafka3  | 2026-09-25T22:30:03.482177312Z 	log.cleaner.enable = true
kafka3  | 2026-09-25T22:30:03.482180189Z 	log.cleaner.io.buffer.load.factor = 0.9
kafka3  | 2026-09-25T22:30:03.482195552Z 	log.cleaner.io.buffer.size = 524288
kafka3  | 2026-09-25T22:30:03.482203298Z 	log.cleaner.io.max.bytes.per.second = 1.7976931348623157E308
kafka3  | 2026-09-25T22:30:03.482206246Z 	log.cleaner.max.compaction.lag.ms = 9223372036854775807
kafka3  | 2026-09-25T22:30:03.482216831Z 	log.cleaner.min.cleanable.ratio = 0.5
kafka3  | 2026-09-25T22:30:03.482220870Z 	log.cleaner.min.compaction.lag.ms = 0
kafka3  | 2026-09-25T22:30:03.482223654Z 	log.cleaner.threads = 1
kafka3  | 2026-09-25T22:30:03.482233589Z 	log.cleanup.policy = [delete]
kafka3  | 2026-09-25T22:30:03.482239296Z 	log.dir = /tmp/kafka-logs
kafka3  | 2026-09-25T22:30:03.482311840Z 	log.dirs = /var/lib/kafka/data
kafka3  | 2026-09-25T22:30:03.482416784Z 	log.flush.interval.messages = 9223372036854775807
kafka3  | 2026-09-25T22:30:03.482425314Z 	log.flush.interval.ms = null
kafka3  | 2026-09-25T22:30:03.482428228Z 	log.flush.offset.checkpoint.interval.ms = 60000
kafka3  | 2026-09-25T22:30:03.482430279Z 	log.flush.scheduler.interval.ms = 9223372036854775807
kafka3  | 2026-09-25T22:30:03.482432307Z 	log.flush.start.offset.checkpoint.interval.ms = 60000
kafka3  | 2026-09-25T22:30:03.482434590Z 	log.index.interval.bytes = 4096
kafka3  | 2026-09-25T22:30:03.482436896Z 	log.index.size.max.bytes = 10485760
kafka3  | 2026-09-25T22:30:03.482439408Z 	log.local.retention.bytes = -2
kafka3  | 2026-09-25T22:30:03.482441880Z 	log.local.retention.ms = -2
kafka3  | 2026-09-25T22:30:03.482444126Z 	log.message.downconversion.enable = true
kafka3  | 2026-09-25T22:30:03.482447976Z 	log.message.format.version = 3.0-IV1
kafka3  | 2026-09-25T22:30:03.482449988Z 	log.message.timestamp.after.max.ms = 9223372036854775807
kafka3  | 2026-09-25T22:30:03.482452131Z 	log.message.timestamp.before.max.ms = 9223372036854775807
kafka3  | 2026-09-25T22:30:03.482511195Z 	log.message.timestamp.difference.max.ms = 9223372036854775807
kafka3  | 2026-09-25T22:30:03.482514032Z 	log.message.timestamp.type = CreateTime
kafka3  | 2026-09-25T22:30:03.482516508Z 	log.preallocate = false
kafka3  | 2026-09-25T22:30:03.482521732Z 	log.retention.bytes = -1
kafka3  | 2026-09-25T22:30:03.482523053Z 	log.retention.check.interval.ms = 300000
kafka3  | 2026-09-25T22:30:03.482524562Z 	log.retention.hours = 168
kafka3  | 2026-09-25T22:30:03.482525902Z 	log.retention.minutes = null
kafka3  | 2026-09-25T22:30:03.482527092Z 	log.retention.ms = null
kafka3  | 2026-09-25T22:30:03.482528477Z 	log.roll.hours = 168
kafka3  | 2026-09-25T22:30:03.482532869Z 	log.roll.jitter.hours = 0
kafka3  | 2026-09-25T22:30:03.482534274Z 	log.roll.jitter.ms = null
kafka3  | 2026-09-25T22:30:03.482535556Z 	log.roll.ms = null
kafka3  | 2026-09-25T22:30:03.482536907Z 	log.segment.bytes = 1073741824
kafka3  | 2026-09-25T22:30:03.482538050Z 	log.segment.delete.delay.ms = 60000
kafka3  | 2026-09-25T22:30:03.482559013Z 	max.connection.creation.rate = 2147483647
kafka3  | 2026-09-25T22:30:03.482592937Z 	max.connections = 2147483647
kafka3  | 2026-09-25T22:30:03.482595315Z 	max.connections.per.ip = 2147483647
kafka3  | 2026-09-25T22:30:03.482596671Z 	max.connections.per.ip.overrides = 
kafka3  | 2026-09-25T22:30:03.482597989Z 	max.incremental.fetch.session.cache.slots = 1000
kafka3  | 2026-09-25T22:30:03.482599291Z 	message.max.bytes = 1048588
kafka3  | 2026-09-25T22:30:03.482600497Z 	metadata.log.dir = null
kafka1  | 2026-09-25T22:30:03.482530686Z 	metadata.max.retention.ms = 604800000
kafka2  | 2026-09-25T22:30:03.362307493Z [2026-09-25 22:30:03,362] INFO [BrokerServer id=2] Finished waiting for the initial broker metadata update to be published (kafka.server.BrokerServer)
kafka2  | 2026-09-25T22:30:03.365950419Z [2026-09-25 22:30:03,365] INFO KafkaConfig values: 
kafka2  | 2026-09-25T22:30:03.366025131Z 	advertised.listeners = PLAINTEXT://kafka2:9092,EXTERNAL://localhost:29092
kafka2  | 2026-09-25T22:30:03.366034846Z 	alter.config.policy.class.name = null
kafka2  | 2026-09-25T22:30:03.366037200Z 	alter.log.dirs.replication.quota.window.num = 11
kafka2  | 2026-09-25T22:30:03.366044299Z 	alter.log.dirs.replication.quota.window.size.seconds = 1
kafka2  | 2026-09-25T22:30:03.366046173Z 	authorizer.class.name = 
kafka2  | 2026-09-25T22:30:03.366047910Z 	auto.create.topics.enable = true
kafka2  | 2026-09-25T22:30:03.366049645Z 	auto.include.jmx.reporter = true
kafka2  | 2026-09-25T22:30:03.366051259Z 	auto.leader.rebalance.enable = true
kafka2  | 2026-09-25T22:30:03.366052821Z 	background.threads = 10
kafka2  | 2026-09-25T22:30:03.366054371Z 	broker.heartbeat.interval.ms = 2000
kafka2  | 2026-09-25T22:30:03.366056075Z 	broker.id = 2
kafka2  | 2026-09-25T22:30:03.366057951Z 	broker.id.generation.enable = true
kafka2  | 2026-09-25T22:30:03.366059536Z 	broker.rack = null
kafka2  | 2026-09-25T22:30:03.366061241Z 	broker.session.timeout.ms = 9000
kafka2  | 2026-09-25T22:30:03.366062736Z 	client.quota.callback.class = null
kafka2  | 2026-09-25T22:30:03.366064305Z 	compression.type = producer
kafka2  | 2026-09-25T22:30:03.366065985Z 	connection.failed.authentication.delay.ms = 100
kafka2  | 2026-09-25T22:30:03.366067585Z 	connections.max.idle.ms = 600000
kafka2  | 2026-09-25T22:30:03.366069153Z 	connections.max.reauth.ms = 0
kafka2  | 2026-09-25T22:30:03.366070717Z 	control.plane.listener.name = null
kafka2  | 2026-09-25T22:30:03.366072254Z 	controlled.shutdown.enable = true
kafka2  | 2026-09-25T22:30:03.366074228Z 	controlled.shutdown.max.retries = 3
kafka2  | 2026-09-25T22:30:03.366075754Z 	controlled.shutdown.retry.backoff.ms = 5000
kafka2  | 2026-09-25T22:30:03.366077347Z 	controller.listener.names = CONTROLLER
kafka2  | 2026-09-25T22:30:03.366079029Z 	controller.quorum.append.linger.ms = 25
kafka2  | 2026-09-25T22:30:03.366080545Z 	controller.quorum.election.backoff.max.ms = 1000
kafka2  | 2026-09-25T22:30:03.366082112Z 	controller.quorum.election.timeout.ms = 1000
kafka2  | 2026-09-25T22:30:03.366083653Z 	controller.quorum.fetch.timeout.ms = 2000
kafka2  | 2026-09-25T22:30:03.366085227Z 	controller.quorum.request.timeout.ms = 2000
kafka2  | 2026-09-25T22:30:03.366086774Z 	controller.quorum.retry.backoff.ms = 20
kafka1  | 2026-09-25T22:30:03.482533791Z 	metric.reporters = []
kafka3  | 2026-09-25T22:30:03.482601824Z 	metadata.log.max.record.bytes.between.snapshots = 20971520
kafka3  | 2026-09-25T22:30:03.482603291Z 	metadata.log.max.snapshot.interval.ms = 3600000
kafka3  | 2026-09-25T22:30:03.482604629Z 	metadata.log.segment.bytes = 1073741824
kafka3  | 2026-09-25T22:30:03.482606003Z 	metadata.log.segment.min.bytes = 8388608
kafka3  | 2026-09-25T22:30:03.482607341Z 	metadata.log.segment.ms = 604800000
kafka3  | 2026-09-25T22:30:03.482608709Z 	metadata.max.idle.interval.ms = 500
kafka3  | 2026-09-25T22:30:03.482610130Z 	metadata.max.retention.bytes = 104857600
kafka3  | 2026-09-25T22:30:03.482611447Z 	metadata.max.retention.ms = 604800000
kafka3  | 2026-09-25T22:30:03.482612730Z 	metric.reporters = []
kafka3  | 2026-09-25T22:30:03.482613914Z 	metrics.num.samples = 2
kafka3  | 2026-09-25T22:30:03.482615049Z 	metrics.recording.level = INFO
kafka3  | 2026-09-25T22:30:03.482616233Z 	metrics.sample.window.ms = 30000
kafka3  | 2026-09-25T22:30:03.482617581Z 	min.insync.replicas = 2
kafka2  | 2026-09-25T22:30:03.366088313Z 	controller.quorum.voters = [1@kafka1:9093, 2@kafka2:9093, 3@kafka3:9093]
kafka2  | 2026-09-25T22:30:03.366111579Z 	controller.quota.window.num = 11
kafka2  | 2026-09-25T22:30:03.366114291Z 	controller.quota.window.size.seconds = 1
kafka2  | 2026-09-25T22:30:03.366116017Z 	controller.socket.timeout.ms = 30000
kafka2  | 2026-09-25T22:30:03.366118045Z 	create.topic.policy.class.name = null
kafka2  | 2026-09-25T22:30:03.366119655Z 	default.replication.factor = 3
kafka2  | 2026-09-25T22:30:03.366121208Z 	delegation.token.expiry.check.interval.ms = 3600000
kafka2  | 2026-09-25T22:30:03.366122918Z 	delegation.token.expiry.time.ms = 86400000
kafka2  | 2026-09-25T22:30:03.366124559Z 	delegation.token.master.key = null
kafka2  | 2026-09-25T22:30:03.366126128Z 	delegation.token.max.lifetime.ms = 604800000
kafka2  | 2026-09-25T22:30:03.366127946Z 	delegation.token.secret.key = null
kafka2  | 2026-09-25T22:30:03.366129455Z 	delete.records.purgatory.purge.interval.requests = 1
kafka2  | 2026-09-25T22:30:03.366131005Z 	delete.topic.enable = true
kafka2  | 2026-09-25T22:30:03.366132529Z 	early.start.listeners = null
kafka2  | 2026-09-25T22:30:03.366134240Z 	eligible.leader.replicas.enable = false
kafka2  | 2026-09-25T22:30:03.366135859Z 	fetch.max.bytes = 57671680
kafka2  | 2026-09-25T22:30:03.366137426Z 	fetch.purgatory.purge.interval.requests = 1000
kafka2  | 2026-09-25T22:30:03.366149925Z 	group.consumer.assignors = [org.apache.kafka.coordinator.group.assignor.UniformAssignor, org.apache.kafka.coordinator.group.assignor.RangeAssignor]
kafka2  | 2026-09-25T22:30:03.366158851Z 	group.consumer.heartbeat.interval.ms = 5000
kafka2  | 2026-09-25T22:30:03.366160714Z 	group.consumer.max.heartbeat.interval.ms = 15000
kafka2  | 2026-09-25T22:30:03.366162362Z 	group.consumer.max.session.timeout.ms = 60000
kafka2  | 2026-09-25T22:30:03.366163935Z 	group.consumer.max.size = 2147483647
kafka2  | 2026-09-25T22:30:03.366165446Z 	group.consumer.min.heartbeat.interval.ms = 5000
kafka2  | 2026-09-25T22:30:03.366167196Z 	group.consumer.min.session.timeout.ms = 45000
kafka2  | 2026-09-25T22:30:03.366168801Z 	group.consumer.session.timeout.ms = 45000
kafka2  | 2026-09-25T22:30:03.366170372Z 	group.coordinator.new.enable = false
kafka2  | 2026-09-25T22:30:03.366171931Z 	group.coordinator.rebalance.protocols = [classic]
kafka2  | 2026-09-25T22:30:03.366173494Z 	group.coordinator.threads = 1
kafka2  | 2026-09-25T22:30:03.366175240Z 	group.initial.rebalance.delay.ms = 0
kafka2  | 2026-09-25T22:30:03.366176816Z 	group.max.session.timeout.ms = 1800000
kafka2  | 2026-09-25T22:30:03.366178412Z 	group.max.size = 2147483647
kafka2  | 2026-09-25T22:30:03.366179932Z 	group.min.session.timeout.ms = 6000
kafka2  | 2026-09-25T22:30:03.366181572Z 	initial.broker.registration.timeout.ms = 60000
kafka2  | 2026-09-25T22:30:03.366183287Z 	inter.broker.listener.name = PLAINTEXT
kafka2  | 2026-09-25T22:30:03.366184850Z 	inter.broker.protocol.version = 3.7-IV4
kafka2  | 2026-09-25T22:30:03.366205158Z 	kafka.metrics.polling.interval.secs = 10
kafka2  | 2026-09-25T22:30:03.366207325Z 	kafka.metrics.reporters = []
kafka2  | 2026-09-25T22:30:03.366208898Z 	leader.imbalance.check.interval.seconds = 300
kafka2  | 2026-09-25T22:30:03.366210461Z 	leader.imbalance.per.broker.percentage = 10
kafka2  | 2026-09-25T22:30:03.366212103Z 	listener.security.protocol.map = CONTROLLER:PLAINTEXT,PLAINTEXT:PLAINTEXT,EXTERNAL:PLAINTEXT
kafka2  | 2026-09-25T22:30:03.366213820Z 	listeners = PLAINTEXT://kafka2:9092,CONTROLLER://kafka2:9093,EXTERNAL://0.0.0.0:29092
kafka2  | 2026-09-25T22:30:03.366215668Z 	log.cleaner.backoff.ms = 15000
kafka2  | 2026-09-25T22:30:03.366217219Z 	log.cleaner.dedupe.buffer.size = 134217728
kafka2  | 2026-09-25T22:30:03.366218738Z 	log.cleaner.delete.retention.ms = 86400000
kafka2  | 2026-09-25T22:30:03.366220339Z 	log.cleaner.enable = true
kafka2  | 2026-09-25T22:30:03.366222082Z 	log.cleaner.io.buffer.load.factor = 0.9
kafka2  | 2026-09-25T22:30:03.366224152Z 	log.cleaner.io.buffer.size = 524288
kafka2  | 2026-09-25T22:30:03.366225746Z 	log.cleaner.io.max.bytes.per.second = 1.7976931348623157E308
kafka2  | 2026-09-25T22:30:03.366227398Z 	log.cleaner.max.compaction.lag.ms = 9223372036854775807
kafka2  | 2026-09-25T22:30:03.366228958Z 	log.cleaner.min.cleanable.ratio = 0.5
kafka2  | 2026-09-25T22:30:03.366230645Z 	log.cleaner.min.compaction.lag.ms = 0
kafka2  | 2026-09-25T22:30:03.366232248Z 	log.cleaner.threads = 1
kafka3  | 2026-09-25T22:30:03.482618945Z 	node.id = 3
kafka3  | 2026-09-25T22:30:03.482620273Z 	num.io.threads = 8
kafka3  | 2026-09-25T22:30:03.482621696Z 	num.network.threads = 3
kafka3  | 2026-09-25T22:30:03.482623263Z 	num.partitions = 6
kafka3  | 2026-09-25T22:30:03.482624697Z 	num.recovery.threads.per.data.dir = 1
kafka3  | 2026-09-25T22:30:03.482626202Z 	num.replica.alter.log.dirs.threads = null
kafka3  | 2026-09-25T22:30:03.482627673Z 	num.replica.fetchers = 1
kafka3  | 2026-09-25T22:30:03.482628933Z 	offset.metadata.max.bytes = 4096
kafka3  | 2026-09-25T22:30:03.482630309Z 	offsets.commit.required.acks = -1
kafka3  | 2026-09-25T22:30:03.482631667Z 	offsets.commit.timeout.ms = 5000
kafka3  | 2026-09-25T22:30:03.482632899Z 	offsets.load.buffer.size = 5242880
kafka3  | 2026-09-25T22:30:03.482634199Z 	offsets.retention.check.interval.ms = 600000
kafka3  | 2026-09-25T22:30:03.482635573Z 	offsets.retention.minutes = 10080
kafka3  | 2026-09-25T22:30:03.482636842Z 	offsets.topic.compression.codec = 0
kafka3  | 2026-09-25T22:30:03.482638284Z 	offsets.topic.num.partitions = 50
kafka3  | 2026-09-25T22:30:03.482639748Z 	offsets.topic.replication.factor = 3
kafka3  | 2026-09-25T22:30:03.482641262Z 	offsets.topic.segment.bytes = 104857600
kafka3  | 2026-09-25T22:30:03.482642659Z 	password.encoder.cipher.algorithm = AES/CBC/PKCS5Padding
kafka3  | 2026-09-25T22:30:03.482646601Z 	password.encoder.iterations = 4096
kafka3  | 2026-09-25T22:30:03.482648120Z 	password.encoder.key.length = 128
kafka3  | 2026-09-25T22:30:03.482649635Z 	password.encoder.keyfactory.algorithm = null
kafka3  | 2026-09-25T22:30:03.482652675Z 	password.encoder.old.secret = null
kafka2  | 2026-09-25T22:30:03.366233954Z 	log.cleanup.policy = [delete]
kafka1  | 2026-09-25T22:30:03.482535068Z 	metrics.num.samples = 2
kafka1  | 2026-09-25T22:30:03.482536462Z 	metrics.recording.level = INFO
kafka1  | 2026-09-25T22:30:03.482537848Z 	metrics.sample.window.ms = 30000
kafka1  | 2026-09-25T22:30:03.482539392Z 	min.insync.replicas = 2
kafka1  | 2026-09-25T22:30:03.482540797Z 	node.id = 1
kafka1  | 2026-09-25T22:30:03.482542176Z 	num.io.threads = 8
kafka1  | 2026-09-25T22:30:03.482543566Z 	num.network.threads = 3
kafka1  | 2026-09-25T22:30:03.482544959Z 	num.partitions = 6
kafka1  | 2026-09-25T22:30:03.482546242Z 	num.recovery.threads.per.data.dir = 1
kafka1  | 2026-09-25T22:30:03.482547673Z 	num.replica.alter.log.dirs.threads = null
kafka1  | 2026-09-25T22:30:03.482549209Z 	num.replica.fetchers = 1
kafka1  | 2026-09-25T22:30:03.482550774Z 	offset.metadata.max.bytes = 4096
kafka1  | 2026-09-25T22:30:03.482552166Z 	offsets.commit.required.acks = -1
kafka1  | 2026-09-25T22:30:03.482553587Z 	offsets.commit.timeout.ms = 5000
kafka1  | 2026-09-25T22:30:03.482555024Z 	offsets.load.buffer.size = 5242880
kafka1  | 2026-09-25T22:30:03.482556544Z 	offsets.retention.check.interval.ms = 600000
kafka1  | 2026-09-25T22:30:03.482557947Z 	offsets.retention.minutes = 10080
kafka1  | 2026-09-25T22:30:03.482559380Z 	offsets.topic.compression.codec = 0
kafka1  | 2026-09-25T22:30:03.482560724Z 	offsets.topic.num.partitions = 50
kafka1  | 2026-09-25T22:30:03.482562111Z 	offsets.topic.replication.factor = 3
kafka1  | 2026-09-25T22:30:03.482563460Z 	offsets.topic.segment.bytes = 104857600
kafka1  | 2026-09-25T22:30:03.482564842Z 	password.encoder.cipher.algorithm = AES/CBC/PKCS5Padding
kafka1  | 2026-09-25T22:30:03.482566152Z 	password.encoder.iterations = 4096
kafka1  | 2026-09-25T22:30:03.482567450Z 	password.encoder.key.length = 128
kafka1  | 2026-09-25T22:30:03.482568826Z 	password.encoder.keyfactory.algorithm = null
kafka1  | 2026-09-25T22:30:03.482571023Z 	password.encoder.old.secret = null
kafka1  | 2026-09-25T22:30:03.482575675Z 	password.encoder.secret = null
kafka1  | 2026-09-25T22:30:03.482577121Z 	principal.builder.class = class org.apache.kafka.common.security.authenticator.DefaultKafkaPrincipalBuilder
kafka1  | 2026-09-25T22:30:03.482578663Z 	process.roles = [broker, controller]
kafka1  | 2026-09-25T22:30:03.482579970Z 	producer.id.expiration.check.interval.ms = 600000
kafka1  | 2026-09-25T22:30:03.482581338Z 	producer.id.expiration.ms = 86400000
kafka1  | 2026-09-25T22:30:03.482582607Z 	producer.purgatory.purge.interval.requests = 1000
kafka1  | 2026-09-25T22:30:03.482584111Z 	queued.max.request.bytes = -1
kafka1  | 2026-09-25T22:30:03.482585451Z 	queued.max.requests = 500
kafka1  | 2026-09-25T22:30:03.482586810Z 	quota.window.num = 11
kafka1  | 2026-09-25T22:30:03.482588189Z 	quota.window.size.seconds = 1
kafka1  | 2026-09-25T22:30:03.482589499Z 	remote.log.index.file.cache.total.size.bytes = 1073741824
kafka1  | 2026-09-25T22:30:03.482590817Z 	remote.log.manager.task.interval.ms = 30000
kafka1  | 2026-09-25T22:30:03.482592089Z 	remote.log.manager.task.retry.backoff.max.ms = 30000
kafka1  | 2026-09-25T22:30:03.482593507Z 	remote.log.manager.task.retry.backoff.ms = 500
kafka1  | 2026-09-25T22:30:03.482594879Z 	remote.log.manager.task.retry.jitter = 0.2
kafka1  | 2026-09-25T22:30:03.482596138Z 	remote.log.manager.thread.pool.size = 10
kafka1  | 2026-09-25T22:30:03.482597338Z 	remote.log.metadata.custom.metadata.max.bytes = 128
kafka3  | 2026-09-25T22:30:03.482654152Z 	password.encoder.secret = null
kafka2  | 2026-09-25T22:30:03.366235567Z 	log.dir = /tmp/kafka-logs
kafka2  | 2026-09-25T22:30:03.366237131Z 	log.dirs = /var/lib/kafka/data
kafka2  | 2026-09-25T22:30:03.366238760Z 	log.flush.interval.messages = 9223372036854775807
kafka2  | 2026-09-25T22:30:03.366240409Z 	log.flush.interval.ms = null
kafka2  | 2026-09-25T22:30:03.366241944Z 	log.flush.offset.checkpoint.interval.ms = 60000
kafka2  | 2026-09-25T22:30:03.366243463Z 	log.flush.scheduler.interval.ms = 9223372036854775807
kafka2  | 2026-09-25T22:30:03.366245040Z 	log.flush.start.offset.checkpoint.interval.ms = 60000
kafka2  | 2026-09-25T22:30:03.366246616Z 	log.index.interval.bytes = 4096
kafka2  | 2026-09-25T22:30:03.366248258Z 	log.index.size.max.bytes = 10485760
kafka2  | 2026-09-25T22:30:03.366249893Z 	log.local.retention.bytes = -2
kafka2  | 2026-09-25T22:30:03.366251427Z 	log.local.retention.ms = -2
kafka2  | 2026-09-25T22:30:03.366252968Z 	log.message.downconversion.enable = true
kafka2  | 2026-09-25T22:30:03.366256309Z 	log.message.format.version = 3.0-IV1
kafka2  | 2026-09-25T22:30:03.366258046Z 	log.message.timestamp.after.max.ms = 9223372036854775807
kafka2  | 2026-09-25T22:30:03.366260071Z 	log.message.timestamp.before.max.ms = 9223372036854775807
kafka2  | 2026-09-25T22:30:03.366261703Z 	log.message.timestamp.difference.max.ms = 9223372036854775807
kafka2  | 2026-09-25T22:30:03.366269795Z 	log.message.timestamp.type = CreateTime
kafka2  | 2026-09-25T22:30:03.366271925Z 	log.preallocate = false
kafka2  | 2026-09-25T22:30:03.366273601Z 	log.retention.bytes = -1
kafka2  | 2026-09-25T22:30:03.366275146Z 	log.retention.check.interval.ms = 300000
kafka2  | 2026-09-25T22:30:03.366276714Z 	log.retention.hours = 168
kafka2  | 2026-09-25T22:30:03.366278363Z 	log.retention.minutes = null
kafka2  | 2026-09-25T22:30:03.366280156Z 	log.retention.ms = null
kafka2  | 2026-09-25T22:30:03.366281942Z 	log.roll.hours = 168
kafka2  | 2026-09-25T22:30:03.366283507Z 	log.roll.jitter.hours = 0
kafka2  | 2026-09-25T22:30:03.366285056Z 	log.roll.jitter.ms = null
kafka2  | 2026-09-25T22:30:03.366286635Z 	log.roll.ms = null
kafka2  | 2026-09-25T22:30:03.366288274Z 	log.segment.bytes = 1073741824
kafka2  | 2026-09-25T22:30:03.366289866Z 	log.segment.delete.delay.ms = 60000
kafka2  | 2026-09-25T22:30:03.366291439Z 	max.connection.creation.rate = 2147483647
kafka2  | 2026-09-25T22:30:03.366293047Z 	max.connections = 2147483647
kafka2  | 2026-09-25T22:30:03.366294693Z 	max.connections.per.ip = 2147483647
kafka2  | 2026-09-25T22:30:03.366296320Z 	max.connections.per.ip.overrides = 
kafka2  | 2026-09-25T22:30:03.366297966Z 	max.incremental.fetch.session.cache.slots = 1000
kafka2  | 2026-09-25T22:30:03.366299525Z 	message.max.bytes = 1048588
kafka2  | 2026-09-25T22:30:03.366301045Z 	metadata.log.dir = null
kafka2  | 2026-09-25T22:30:03.366302798Z 	metadata.log.max.record.bytes.between.snapshots = 20971520
kafka2  | 2026-09-25T22:30:03.366304432Z 	metadata.log.max.snapshot.interval.ms = 3600000
kafka2  | 2026-09-25T22:30:03.366305984Z 	metadata.log.segment.bytes = 1073741824
kafka2  | 2026-09-25T22:30:03.366307560Z 	metadata.log.segment.min.bytes = 8388608
kafka2  | 2026-09-25T22:30:03.366309165Z 	metadata.log.segment.ms = 604800000
kafka2  | 2026-09-25T22:30:03.366310719Z 	metadata.max.idle.interval.ms = 500
kafka2  | 2026-09-25T22:30:03.366312268Z 	metadata.max.retention.bytes = 104857600
kafka1  | 2026-09-25T22:30:03.482598576Z 	remote.log.metadata.manager.class.name = org.apache.kafka.server.log.remote.metadata.storage.TopicBasedRemoteLogMetadataManager
kafka1  | 2026-09-25T22:30:03.482600459Z 	remote.log.metadata.manager.class.path = null
kafka1  | 2026-09-25T22:30:03.482601737Z 	remote.log.metadata.manager.impl.prefix = rlmm.config.
kafka1  | 2026-09-25T22:30:03.482604298Z 	remote.log.metadata.manager.listener.name = null
kafka1  | 2026-09-25T22:30:03.482605577Z 	remote.log.reader.max.pending.tasks = 100
kafka1  | 2026-09-25T22:30:03.482606957Z 	remote.log.reader.threads = 10
kafka1  | 2026-09-25T22:30:03.482608293Z 	remote.log.storage.manager.class.name = null
kafka1  | 2026-09-25T22:30:03.482609611Z 	remote.log.storage.manager.class.path = null
kafka1  | 2026-09-25T22:30:03.482610910Z 	remote.log.storage.manager.impl.prefix = rsm.config.
kafka1  | 2026-09-25T22:30:03.482612074Z 	remote.log.storage.system.enable = false
kafka1  | 2026-09-25T22:30:03.482613392Z 	replica.fetch.backoff.ms = 1000
kafka1  | 2026-09-25T22:30:03.482614796Z 	replica.fetch.max.bytes = 1048576
kafka1  | 2026-09-25T22:30:03.482616138Z 	replica.fetch.min.bytes = 1
kafka1  | 2026-09-25T22:30:03.482617500Z 	replica.fetch.response.max.bytes = 10485760
kafka1  | 2026-09-25T22:30:03.482619061Z 	replica.fetch.wait.max.ms = 500
kafka1  | 2026-09-25T22:30:03.482620539Z 	replica.high.watermark.checkpoint.interval.ms = 5000
kafka1  | 2026-09-25T22:30:03.482622113Z 	replica.lag.time.max.ms = 30000
kafka1  | 2026-09-25T22:30:03.482624996Z 	replica.selector.class = null
kafka1  | 2026-09-25T22:30:03.482626553Z 	replica.socket.receive.buffer.bytes = 65536
kafka1  | 2026-09-25T22:30:03.482628077Z 	replica.socket.timeout.ms = 30000
kafka1  | 2026-09-25T22:30:03.482629447Z 	replication.quota.window.num = 11
kafka1  | 2026-09-25T22:30:03.482630876Z 	replication.quota.window.size.seconds = 1
kafka1  | 2026-09-25T22:30:03.482632324Z 	request.timeout.ms = 30000
kafka1  | 2026-09-25T22:30:03.482633904Z 	reserved.broker.max.id = 1000
kafka1  | 2026-09-25T22:30:03.482635373Z 	sasl.client.callback.handler.class = null
kafka1  | 2026-09-25T22:30:03.482636774Z 	sasl.enabled.mechanisms = [GSSAPI]
kafka1  | 2026-09-25T22:30:03.482638216Z 	sasl.jaas.config = null
kafka1  | 2026-09-25T22:30:03.482639749Z 	sasl.kerberos.kinit.cmd = /usr/bin/kinit
kafka1  | 2026-09-25T22:30:03.482641707Z 	sasl.kerberos.min.time.before.relogin = 60000
kafka1  | 2026-09-25T22:30:03.482643183Z 	sasl.kerberos.principal.to.local.rules = [DEFAULT]
kafka1  | 2026-09-25T22:30:03.482644659Z 	sasl.kerberos.service.name = null
kafka1  | 2026-09-25T22:30:03.482646058Z 	sasl.kerberos.ticket.renew.jitter = 0.05
kafka1  | 2026-09-25T22:30:03.482647578Z 	sasl.kerberos.ticket.renew.window.factor = 0.8
kafka1  | 2026-09-25T22:30:03.482649037Z 	sasl.login.callback.handler.class = null
kafka1  | 2026-09-25T22:30:03.482650501Z 	sasl.login.class = null
kafka1  | 2026-09-25T22:30:03.482651998Z 	sasl.login.connect.timeout.ms = null
kafka1  | 2026-09-25T22:30:03.482653253Z 	sasl.login.read.timeout.ms = null
kafka1  | 2026-09-25T22:30:03.482654624Z 	sasl.login.refresh.buffer.seconds = 300
kafka1  | 2026-09-25T22:30:03.482655906Z 	sasl.login.refresh.min.period.seconds = 60
kafka1  | 2026-09-25T22:30:03.482657044Z 	sasl.login.refresh.window.factor = 0.8
kafka1  | 2026-09-25T22:30:03.482658260Z 	sasl.login.refresh.window.jitter = 0.05
kafka1  | 2026-09-25T22:30:03.482659407Z 	sasl.login.retry.backoff.max.ms = 10000
kafka1  | 2026-09-25T22:30:03.482660689Z 	sasl.login.retry.backoff.ms = 100
kafka1  | 2026-09-25T22:30:03.482665726Z 	sasl.mechanism.controller.protocol = GSSAPI
kafka1  | 2026-09-25T22:30:03.482667047Z 	sasl.mechanism.inter.broker.protocol = GSSAPI
kafka1  | 2026-09-25T22:30:03.482669481Z 	sasl.oauthbearer.clock.skew.seconds = 30
kafka1  | 2026-09-25T22:30:03.482670655Z 	sasl.oauthbearer.expected.audience = null
kafka1  | 2026-09-25T22:30:03.482671834Z 	sasl.oauthbearer.expected.issuer = null
kafka1  | 2026-09-25T22:30:03.482673052Z 	sasl.oauthbearer.jwks.endpoint.refresh.ms = 3600000
kafka1  | 2026-09-25T22:30:03.482674135Z 	sasl.oauthbearer.jwks.endpoint.retry.backoff.max.ms = 10000
kafka1  | 2026-09-25T22:30:03.482675637Z 	sasl.oauthbearer.jwks.endpoint.retry.backoff.ms = 100
kafka1  | 2026-09-25T22:30:03.482676860Z 	sasl.oauthbearer.jwks.endpoint.url = null
kafka1  | 2026-09-25T22:30:03.482677995Z 	sasl.oauthbearer.scope.claim.name = scope
kafka1  | 2026-09-25T22:30:03.482681619Z 	sasl.oauthbearer.sub.claim.name = sub
kafka1  | 2026-09-25T22:30:03.482682970Z 	sasl.oauthbearer.token.endpoint.url = null
kafka1  | 2026-09-25T22:30:03.482684173Z 	sasl.server.callback.handler.class = null
kafka1  | 2026-09-25T22:30:03.482685349Z 	sasl.server.max.receive.size = 524288
kafka1  | 2026-09-25T22:30:03.482686599Z 	security.inter.broker.protocol = PLAINTEXT
kafka1  | 2026-09-25T22:30:03.482687858Z 	security.providers = null
kafka1  | 2026-09-25T22:30:03.482689477Z 	server.max.startup.time.ms = 9223372036854775807
kafka1  | 2026-09-25T22:30:03.482690864Z 	socket.connection.setup.timeout.max.ms = 30000
kafka1  | 2026-09-25T22:30:03.482692498Z 	socket.connection.setup.timeout.ms = 10000
kafka1  | 2026-09-25T22:30:03.482693706Z 	socket.listen.backlog.size = 50
kafka1  | 2026-09-25T22:30:03.482698839Z 	socket.receive.buffer.bytes = 102400
kafka1  | 2026-09-25T22:30:03.482700620Z 	socket.request.max.bytes = 104857600
kafka1  | 2026-09-25T22:30:03.482701733Z 	socket.send.buffer.bytes = 102400
kafka1  | 2026-09-25T22:30:03.482703014Z 	ssl.allow.dn.changes = false
kafka1  | 2026-09-25T22:30:03.482704468Z 	ssl.allow.san.changes = false
kafka1  | 2026-09-25T22:30:03.482705562Z 	ssl.cipher.suites = []
kafka3  | 2026-09-25T22:30:03.482655776Z 	principal.builder.class = class org.apache.kafka.common.security.authenticator.DefaultKafkaPrincipalBuilder
kafka3  | 2026-09-25T22:30:03.482657355Z 	process.roles = [broker, controller]
kafka3  | 2026-09-25T22:30:03.482658723Z 	producer.id.expiration.check.interval.ms = 600000
kafka3  | 2026-09-25T22:30:03.482660079Z 	producer.id.expiration.ms = 86400000
kafka3  | 2026-09-25T22:30:03.482664268Z 	producer.purgatory.purge.interval.requests = 1000
kafka3  | 2026-09-25T22:30:03.482665889Z 	queued.max.request.bytes = -1
kafka3  | 2026-09-25T22:30:03.482667023Z 	queued.max.requests = 500
kafka3  | 2026-09-25T22:30:03.482668773Z 	quota.window.num = 11
kafka3  | 2026-09-25T22:30:03.482669974Z 	quota.window.size.seconds = 1
kafka3  | 2026-09-25T22:30:03.482671227Z 	remote.log.index.file.cache.total.size.bytes = 1073741824
kafka3  | 2026-09-25T22:30:03.482672631Z 	remote.log.manager.task.interval.ms = 30000
kafka3  | 2026-09-25T22:30:03.482673914Z 	remote.log.manager.task.retry.backoff.max.ms = 30000
kafka3  | 2026-09-25T22:30:03.482675219Z 	remote.log.manager.task.retry.backoff.ms = 500
kafka3  | 2026-09-25T22:30:03.482676621Z 	remote.log.manager.task.retry.jitter = 0.2
kafka3  | 2026-09-25T22:30:03.482677956Z 	remote.log.manager.thread.pool.size = 10
kafka3  | 2026-09-25T22:30:03.482679288Z 	remote.log.metadata.custom.metadata.max.bytes = 128
kafka3  | 2026-09-25T22:30:03.482680935Z 	remote.log.metadata.manager.class.name = org.apache.kafka.server.log.remote.metadata.storage.TopicBasedRemoteLogMetadataManager
kafka3  | 2026-09-25T22:30:03.482682512Z 	remote.log.metadata.manager.class.path = null
kafka3  | 2026-09-25T22:30:03.482683906Z 	remote.log.metadata.manager.impl.prefix = rlmm.config.
kafka3  | 2026-09-25T22:30:03.482685303Z 	remote.log.metadata.manager.listener.name = null
kafka3  | 2026-09-25T22:30:03.482686676Z 	remote.log.reader.max.pending.tasks = 100
kafka3  | 2026-09-25T22:30:03.482688036Z 	remote.log.reader.threads = 10
kafka3  | 2026-09-25T22:30:03.482689370Z 	remote.log.storage.manager.class.name = null
kafka3  | 2026-09-25T22:30:03.482690741Z 	remote.log.storage.manager.class.path = null
kafka3  | 2026-09-25T22:30:03.482691989Z 	remote.log.storage.manager.impl.prefix = rsm.config.
kafka3  | 2026-09-25T22:30:03.482693248Z 	remote.log.storage.system.enable = false
kafka3  | 2026-09-25T22:30:03.482697289Z 	replica.fetch.backoff.ms = 1000
kafka3  | 2026-09-25T22:30:03.482699970Z 	replica.fetch.max.bytes = 1048576
kafka3  | 2026-09-25T22:30:03.482703514Z 	replica.fetch.min.bytes = 1
kafka3  | 2026-09-25T22:30:03.482707044Z 	replica.fetch.response.max.bytes = 10485760
kafka3  | 2026-09-25T22:30:03.482708690Z 	replica.fetch.wait.max.ms = 500
kafka3  | 2026-09-25T22:30:03.482710204Z 	replica.high.watermark.checkpoint.interval.ms = 5000
kafka3  | 2026-09-25T22:30:03.482711867Z 	replica.lag.time.max.ms = 30000
kafka3  | 2026-09-25T22:30:03.482713170Z 	replica.selector.class = null
kafka3  | 2026-09-25T22:30:03.482714996Z 	replica.socket.receive.buffer.bytes = 65536
kafka3  | 2026-09-25T22:30:03.482716420Z 	replica.socket.timeout.ms = 30000
kafka3  | 2026-09-25T22:30:03.482717735Z 	replication.quota.window.num = 11
kafka3  | 2026-09-25T22:30:03.482719067Z 	replication.quota.window.size.seconds = 1
kafka3  | 2026-09-25T22:30:03.482720447Z 	request.timeout.ms = 30000
kafka3  | 2026-09-25T22:30:03.482721587Z 	reserved.broker.max.id = 1000
kafka3  | 2026-09-25T22:30:03.482722883Z 	sasl.client.callback.handler.class = null
kafka2  | 2026-09-25T22:30:03.366313818Z 	metadata.max.retention.ms = 604800000
kafka1  | 2026-09-25T22:30:03.482707104Z 	ssl.client.auth = none
kafka1  | 2026-09-25T22:30:03.482708487Z 	ssl.enabled.protocols = [TLSv1.2, TLSv1.3]
kafka1  | 2026-09-25T22:30:03.482709808Z 	ssl.endpoint.identification.algorithm = https
kafka1  | 2026-09-25T22:30:03.482711169Z 	ssl.engine.factory.class = null
kafka1  | 2026-09-25T22:30:03.482712381Z 	ssl.key.password = null
kafka1  | 2026-09-25T22:30:03.482713469Z 	ssl.keymanager.algorithm = SunX509
kafka1  | 2026-09-25T22:30:03.482714908Z 	ssl.keystore.certificate.chain = null
kafka1  | 2026-09-25T22:30:03.482716360Z 	ssl.keystore.key = null
kafka1  | 2026-09-25T22:30:03.482717477Z 	ssl.keystore.location = null
kafka1  | 2026-09-25T22:30:03.482718703Z 	ssl.keystore.password = null
kafka1  | 2026-09-25T22:30:03.482719878Z 	ssl.keystore.type = JKS
kafka1  | 2026-09-25T22:30:03.482721083Z 	ssl.principal.mapping.rules = DEFAULT
kafka1  | 2026-09-25T22:30:03.482723109Z 	ssl.protocol = TLSv1.3
kafka1  | 2026-09-25T22:30:03.482724411Z 	ssl.provider = null
kafka1  | 2026-09-25T22:30:03.482726076Z 	ssl.secure.random.implementation = null
kafka1  | 2026-09-25T22:30:03.482727169Z 	ssl.trustmanager.algorithm = PKIX
kafka1  | 2026-09-25T22:30:03.482728230Z 	ssl.truststore.certificates = null
kafka1  | 2026-09-25T22:30:03.482729547Z 	ssl.truststore.location = null
kafka1  | 2026-09-25T22:30:03.482730867Z 	ssl.truststore.password = null
kafka1  | 2026-09-25T22:30:03.482732643Z 	ssl.truststore.type = JKS
kafka1  | 2026-09-25T22:30:03.482733862Z 	telemetry.max.bytes = 1048576
kafka1  | 2026-09-25T22:30:03.482737895Z 	transaction.abort.timed.out.transaction.cleanup.interval.ms = 10000
kafka1  | 2026-09-25T22:30:03.482739371Z 	transaction.max.timeout.ms = 900000
kafka3  | 2026-09-25T22:30:03.482724095Z 	sasl.enabled.mechanisms = [GSSAPI]
kafka2  | 2026-09-25T22:30:03.366315360Z 	metric.reporters = []
kafka2  | 2026-09-25T22:30:03.366320037Z 	metrics.num.samples = 2
kafka2  | 2026-09-25T22:30:03.366321695Z 	metrics.recording.level = INFO
kafka2  | 2026-09-25T22:30:03.366323268Z 	metrics.sample.window.ms = 30000
kafka2  | 2026-09-25T22:30:03.366324919Z 	min.insync.replicas = 2
kafka2  | 2026-09-25T22:30:03.366326619Z 	node.id = 2
kafka2  | 2026-09-25T22:30:03.366330215Z 	num.io.threads = 8
kafka2  | 2026-09-25T22:30:03.366331731Z 	num.network.threads = 3
kafka2  | 2026-09-25T22:30:03.366333287Z 	num.partitions = 6
kafka2  | 2026-09-25T22:30:03.366334810Z 	num.recovery.threads.per.data.dir = 1
kafka2  | 2026-09-25T22:30:03.366336543Z 	num.replica.alter.log.dirs.threads = null
kafka2  | 2026-09-25T22:30:03.366341518Z 	num.replica.fetchers = 1
kafka2  | 2026-09-25T22:30:03.366343475Z 	offset.metadata.max.bytes = 4096
kafka2  | 2026-09-25T22:30:03.366354521Z 	offsets.commit.required.acks = -1
kafka2  | 2026-09-25T22:30:03.366357116Z 	offsets.commit.timeout.ms = 5000
kafka2  | 2026-09-25T22:30:03.366358731Z 	offsets.load.buffer.size = 5242880
kafka2  | 2026-09-25T22:30:03.366363585Z 	offsets.retention.check.interval.ms = 600000
kafka1  | 2026-09-25T22:30:03.482742525Z 	transaction.partition.verification.enable = true
kafka1  | 2026-09-25T22:30:03.482745562Z 	transaction.remove.expired.transaction.cleanup.interval.ms = 3600000
kafka1  | 2026-09-25T22:30:03.482746656Z 	transaction.state.log.load.buffer.size = 5242880
kafka1  | 2026-09-25T22:30:03.482747551Z 	transaction.state.log.min.isr = 2
kafka1  | 2026-09-25T22:30:03.482748418Z 	transaction.state.log.num.partitions = 50
kafka1  | 2026-09-25T22:30:03.482749260Z 	transaction.state.log.replication.factor = 3
kafka1  | 2026-09-25T22:30:03.482750113Z 	transaction.state.log.segment.bytes = 104857600
kafka1  | 2026-09-25T22:30:03.482753466Z 	transactional.id.expiration.ms = 604800000
kafka1  | 2026-09-25T22:30:03.482754349Z 	unclean.leader.election.enable = false
kafka1  | 2026-09-25T22:30:03.482755169Z 	unstable.api.versions.enable = false
kafka1  | 2026-09-25T22:30:03.482755993Z 	unstable.metadata.versions.enable = false
kafka1  | 2026-09-25T22:30:03.482756823Z 	zookeeper.clientCnxnSocket = null
kafka1  | 2026-09-25T22:30:03.482757651Z 	zookeeper.connect = 
kafka1  | 2026-09-25T22:30:03.482758446Z 	zookeeper.connection.timeout.ms = null
kafka1  | 2026-09-25T22:30:03.482759257Z 	zookeeper.max.in.flight.requests = 10
kafka1  | 2026-09-25T22:30:03.482760068Z 	zookeeper.metadata.migration.enable = false
kafka1  | 2026-09-25T22:30:03.482763379Z 	zookeeper.metadata.migration.min.batch.size = 200
kafka1  | 2026-09-25T22:30:03.482764297Z 	zookeeper.session.timeout.ms = 18000
kafka1  | 2026-09-25T22:30:03.482765159Z 	zookeeper.set.acl = false
kafka1  | 2026-09-25T22:30:03.482802388Z 	zookeeper.ssl.cipher.suites = null
kafka2  | 2026-09-25T22:30:03.366367897Z 	offsets.retention.minutes = 10080
kafka2  | 2026-09-25T22:30:03.366369750Z 	offsets.topic.compression.codec = 0
kafka2  | 2026-09-25T22:30:03.366371383Z 	offsets.topic.num.partitions = 50
kafka2  | 2026-09-25T22:30:03.366373019Z 	offsets.topic.replication.factor = 3
kafka2  | 2026-09-25T22:30:03.366374590Z 	offsets.topic.segment.bytes = 104857600
kafka2  | 2026-09-25T22:30:03.366381487Z 	password.encoder.cipher.algorithm = AES/CBC/PKCS5Padding
kafka2  | 2026-09-25T22:30:03.366383205Z 	password.encoder.iterations = 4096
kafka2  | 2026-09-25T22:30:03.366384859Z 	password.encoder.key.length = 128
kafka2  | 2026-09-25T22:30:03.366386439Z 	password.encoder.keyfactory.algorithm = null
kafka2  | 2026-09-25T22:30:03.366391894Z 	password.encoder.old.secret = null
kafka2  | 2026-09-25T22:30:03.366393642Z 	password.encoder.secret = null
kafka2  | 2026-09-25T22:30:03.366395250Z 	principal.builder.class = class org.apache.kafka.common.security.authenticator.DefaultKafkaPrincipalBuilder
kafka2  | 2026-09-25T22:30:03.366399992Z 	process.roles = [broker, controller]
kafka2  | 2026-09-25T22:30:03.366404366Z 	producer.id.expiration.check.interval.ms = 600000
kafka2  | 2026-09-25T22:30:03.366405976Z 	producer.id.expiration.ms = 86400000
kafka2  | 2026-09-25T22:30:03.366407539Z 	producer.purgatory.purge.interval.requests = 1000
kafka2  | 2026-09-25T22:30:03.366409293Z 	queued.max.request.bytes = -1
kafka2  | 2026-09-25T22:30:03.366410823Z 	queued.max.requests = 500
kafka2  | 2026-09-25T22:30:03.366412589Z 	quota.window.num = 11
kafka2  | 2026-09-25T22:30:03.366414071Z 	quota.window.size.seconds = 1
kafka2  | 2026-09-25T22:30:03.366415846Z 	remote.log.index.file.cache.total.size.bytes = 1073741824
kafka2  | 2026-09-25T22:30:03.366417442Z 	remote.log.manager.task.interval.ms = 30000
kafka2  | 2026-09-25T22:30:03.366419064Z 	remote.log.manager.task.retry.backoff.max.ms = 30000
kafka2  | 2026-09-25T22:30:03.366420606Z 	remote.log.manager.task.retry.backoff.ms = 500
kafka2  | 2026-09-25T22:30:03.366422461Z 	remote.log.manager.task.retry.jitter = 0.2
kafka2  | 2026-09-25T22:30:03.366424009Z 	remote.log.manager.thread.pool.size = 10
kafka2  | 2026-09-25T22:30:03.366425585Z 	remote.log.metadata.custom.metadata.max.bytes = 128
kafka2  | 2026-09-25T22:30:03.366427221Z 	remote.log.metadata.manager.class.name = org.apache.kafka.server.log.remote.metadata.storage.TopicBasedRemoteLogMetadataManager
kafka2  | 2026-09-25T22:30:03.366435641Z 	remote.log.metadata.manager.class.path = null
kafka2  | 2026-09-25T22:30:03.366438404Z 	remote.log.metadata.manager.impl.prefix = rlmm.config.
kafka2  | 2026-09-25T22:30:03.366440138Z 	remote.log.metadata.manager.listener.name = null
kafka2  | 2026-09-25T22:30:03.366441701Z 	remote.log.reader.max.pending.tasks = 100
kafka2  | 2026-09-25T22:30:03.366443336Z 	remote.log.reader.threads = 10
kafka2  | 2026-09-25T22:30:03.366444813Z 	remote.log.storage.manager.class.name = null
kafka2  | 2026-09-25T22:30:03.366446351Z 	remote.log.storage.manager.class.path = null
kafka2  | 2026-09-25T22:30:03.366447879Z 	remote.log.storage.manager.impl.prefix = rsm.config.
kafka2  | 2026-09-25T22:30:03.366449579Z 	remote.log.storage.system.enable = false
kafka2  | 2026-09-25T22:30:03.366451131Z 	replica.fetch.backoff.ms = 1000
kafka2  | 2026-09-25T22:30:03.366452745Z 	replica.fetch.max.bytes = 1048576
kafka2  | 2026-09-25T22:30:03.366454436Z 	replica.fetch.min.bytes = 1
kafka2  | 2026-09-25T22:30:03.366460090Z 	replica.fetch.response.max.bytes = 10485760
kafka2  | 2026-09-25T22:30:03.366464140Z 	replica.fetch.wait.max.ms = 500
kafka2  | 2026-09-25T22:30:03.366465712Z 	replica.high.watermark.checkpoint.interval.ms = 5000
kafka2  | 2026-09-25T22:30:03.366467290Z 	replica.lag.time.max.ms = 30000
kafka2  | 2026-09-25T22:30:03.366470619Z 	replica.selector.class = null
kafka2  | 2026-09-25T22:30:03.366475868Z 	replica.socket.receive.buffer.bytes = 65536
kafka2  | 2026-09-25T22:30:03.366477571Z 	replica.socket.timeout.ms = 30000
kafka2  | 2026-09-25T22:30:03.366479099Z 	replication.quota.window.num = 11
kafka2  | 2026-09-25T22:30:03.366480698Z 	replication.quota.window.size.seconds = 1
kafka2  | 2026-09-25T22:30:03.366482606Z 	request.timeout.ms = 30000
kafka2  | 2026-09-25T22:30:03.366484333Z 	reserved.broker.max.id = 1000
kafka2  | 2026-09-25T22:30:03.366485878Z 	sasl.client.callback.handler.class = null
kafka2  | 2026-09-25T22:30:03.366487592Z 	sasl.enabled.mechanisms = [GSSAPI]
kafka2  | 2026-09-25T22:30:03.366489192Z 	sasl.jaas.config = null
kafka2  | 2026-09-25T22:30:03.366491011Z 	sasl.kerberos.kinit.cmd = /usr/bin/kinit
kafka2  | 2026-09-25T22:30:03.366493812Z 	sasl.kerberos.min.time.before.relogin = 60000
kafka2  | 2026-09-25T22:30:03.366495658Z 	sasl.kerberos.principal.to.local.rules = [DEFAULT]
kafka2  | 2026-09-25T22:30:03.366497294Z 	sasl.kerberos.service.name = null
kafka2  | 2026-09-25T22:30:03.366498956Z 	sasl.kerberos.ticket.renew.jitter = 0.05
kafka2  | 2026-09-25T22:30:03.366500749Z 	sasl.kerberos.ticket.renew.window.factor = 0.8
kafka2  | 2026-09-25T22:30:03.366502482Z 	sasl.login.callback.handler.class = null
kafka2  | 2026-09-25T22:30:03.366504075Z 	sasl.login.class = null
kafka2  | 2026-09-25T22:30:03.366505742Z 	sasl.login.connect.timeout.ms = null
kafka2  | 2026-09-25T22:30:03.366507314Z 	sasl.login.read.timeout.ms = null
kafka1  | 2026-09-25T22:30:03.482805802Z 	zookeeper.ssl.client.enable = false
kafka1  | 2026-09-25T22:30:03.482807446Z 	zookeeper.ssl.crl.enable = false
kafka1  | 2026-09-25T22:30:03.482808946Z 	zookeeper.ssl.enabled.protocols = null
kafka1  | 2026-09-25T22:30:03.482810570Z 	zookeeper.ssl.endpoint.identification.algorithm = HTTPS
kafka1  | 2026-09-25T22:30:03.482812208Z 	zookeeper.ssl.keystore.location = null
kafka1  | 2026-09-25T22:30:03.482813777Z 	zookeeper.ssl.keystore.password = null
kafka1  | 2026-09-25T22:30:03.482815129Z 	zookeeper.ssl.keystore.type = null
kafka1  | 2026-09-25T22:30:03.482816669Z 	zookeeper.ssl.ocsp.enable = false
kafka1  | 2026-09-25T22:30:03.482818194Z 	zookeeper.ssl.protocol = TLSv1.2
kafka1  | 2026-09-25T22:30:03.482819635Z 	zookeeper.ssl.truststore.location = null
kafka1  | 2026-09-25T22:30:03.482820961Z 	zookeeper.ssl.truststore.password = null
kafka1  | 2026-09-25T22:30:03.482822313Z 	zookeeper.ssl.truststore.type = null
kafka1  | 2026-09-25T22:30:03.482823838Z  (kafka.server.KafkaConfig)
kafka1  | 2026-09-25T22:30:03.487006290Z [2026-09-25 22:30:03,486] INFO [BrokerServer id=1] Waiting for the broker to be unfenced (kafka.server.BrokerServer)
kafka1  | 2026-09-25T22:30:03.529552087Z [2026-09-25 22:30:03,528] INFO [BrokerLifecycleManager id=1] The broker has been unfenced. Transitioning from RECOVERY to RUNNING. (kafka.server.BrokerLifecycleManager)
kafka1  | 2026-09-25T22:30:03.529770049Z [2026-09-25 22:30:03,529] INFO [BrokerServer id=1] Finished waiting for the broker to be unfenced (kafka.server.BrokerServer)
kafka1  | 2026-09-25T22:30:03.531002606Z [2026-09-25 22:30:03,530] INFO authorizerStart completed for endpoint EXTERNAL. Endpoint is now READY. (org.apache.kafka.server.network.EndpointReadyFutures)
kafka1  | 2026-09-25T22:30:03.531309775Z [2026-09-25 22:30:03,530] INFO authorizerStart completed for endpoint PLAINTEXT. Endpoint is now READY. (org.apache.kafka.server.network.EndpointReadyFutures)
kafka1  | 2026-09-25T22:30:03.531645222Z [2026-09-25 22:30:03,531] INFO [SocketServer listenerType=BROKER, nodeId=1] Enabling request processing. (kafka.network.SocketServer)
kafka1  | 2026-09-25T22:30:03.531895746Z [2026-09-25 22:30:03,531] INFO Awaiting socket connections on kafka1:9092. (kafka.network.DataPlaneAcceptor)
kafka1  | 2026-09-25T22:30:03.533611282Z [2026-09-25 22:30:03,533] INFO Awaiting socket connections on 0.0.0.0:19092. (kafka.network.DataPlaneAcceptor)
kafka1  | 2026-09-25T22:30:03.535810168Z [2026-09-25 22:30:03,535] INFO [BrokerServer id=1] Waiting for all of the authorizer futures to be completed (kafka.server.BrokerServer)
kafka1  | 2026-09-25T22:30:03.535846121Z [2026-09-25 22:30:03,535] INFO [BrokerServer id=1] Finished waiting for all of the authorizer futures to be completed (kafka.server.BrokerServer)
kafka1  | 2026-09-25T22:30:03.535851840Z [2026-09-25 22:30:03,535] INFO [BrokerServer id=1] Waiting for all of the SocketServer Acceptors to be started (kafka.server.BrokerServer)
kafka1  | 2026-09-25T22:30:03.535855988Z [2026-09-25 22:30:03,535] INFO [BrokerServer id=1] Finished waiting for all of the SocketServer Acceptors to be started (kafka.server.BrokerServer)
kafka1  | 2026-09-25T22:30:03.535874750Z [2026-09-25 22:30:03,535] INFO [BrokerServer id=1] Transition from STARTING to STARTED (kafka.server.BrokerServer)
kafka1  | 2026-09-25T22:30:03.537141820Z [2026-09-25 22:30:03,536] INFO Kafka version: 7.7.1-ccs (org.apache.kafka.common.utils.AppInfoParser)
kafka1  | 2026-09-25T22:30:03.537160774Z [2026-09-25 22:30:03,536] INFO Kafka commitId: 91d86f33092378c89731b4a9cf1ce5db831a2b07 (org.apache.kafka.common.utils.AppInfoParser)
kafka2  | 2026-09-25T22:30:03.366513514Z 	sasl.login.refresh.buffer.seconds = 300
kafka2  | 2026-09-25T22:30:03.366517240Z 	sasl.login.refresh.min.period.seconds = 60
kafka2  | 2026-09-25T22:30:03.366518982Z 	sasl.login.refresh.window.factor = 0.8
kafka2  | 2026-09-25T22:30:03.366520800Z 	sasl.login.refresh.window.jitter = 0.05
kafka2  | 2026-09-25T22:30:03.366522452Z 	sasl.login.retry.backoff.max.ms = 10000
kafka2  | 2026-09-25T22:30:03.366524036Z 	sasl.login.retry.backoff.ms = 100
kafka2  | 2026-09-25T22:30:03.366525709Z 	sasl.mechanism.controller.protocol = GSSAPI
kafka2  | 2026-09-25T22:30:03.366527534Z 	sasl.mechanism.inter.broker.protocol = GSSAPI
kafka2  | 2026-09-25T22:30:03.366529110Z 	sasl.oauthbearer.clock.skew.seconds = 30
kafka2  | 2026-09-25T22:30:03.366530728Z 	sasl.oauthbearer.expected.audience = null
kafka2  | 2026-09-25T22:30:03.366532547Z 	sasl.oauthbearer.expected.issuer = null
kafka2  | 2026-09-25T22:30:03.366534103Z 	sasl.oauthbearer.jwks.endpoint.refresh.ms = 3600000
kafka2  | 2026-09-25T22:30:03.366535671Z 	sasl.oauthbearer.jwks.endpoint.retry.backoff.max.ms = 10000
kafka2  | 2026-09-25T22:30:03.366537256Z 	sasl.oauthbearer.jwks.endpoint.retry.backoff.ms = 100
kafka2  | 2026-09-25T22:30:03.366539038Z 	sasl.oauthbearer.jwks.endpoint.url = null
kafka2  | 2026-09-25T22:30:03.366540632Z 	sasl.oauthbearer.scope.claim.name = scope
kafka2  | 2026-09-25T22:30:03.366542268Z 	sasl.oauthbearer.sub.claim.name = sub
kafka2  | 2026-09-25T22:30:03.366543807Z 	sasl.oauthbearer.token.endpoint.url = null
kafka2  | 2026-09-25T22:30:03.366545366Z 	sasl.server.callback.handler.class = null
kafka2  | 2026-09-25T22:30:03.366546917Z 	sasl.server.max.receive.size = 524288
kafka2  | 2026-09-25T22:30:03.366548631Z 	security.inter.broker.protocol = PLAINTEXT
kafka2  | 2026-09-25T22:30:03.366550180Z 	security.providers = null
kafka2  | 2026-09-25T22:30:03.366551849Z 	server.max.startup.time.ms = 9223372036854775807
kafka2  | 2026-09-25T22:30:03.366553414Z 	socket.connection.setup.timeout.max.ms = 30000
kafka2  | 2026-09-25T22:30:03.366557962Z 	socket.connection.setup.timeout.ms = 10000
kafka2  | 2026-09-25T22:30:03.366563815Z 	socket.listen.backlog.size = 50
kafka2  | 2026-09-25T22:30:03.366565444Z 	socket.receive.buffer.bytes = 102400
kafka2  | 2026-09-25T22:30:03.366567115Z 	socket.request.max.bytes = 104857600
kafka1  | 2026-09-25T22:30:03.537163315Z [2026-09-25 22:30:03,536] INFO Kafka startTimeMs: 1790375403535 (org.apache.kafka.common.utils.AppInfoParser)
kafka1  | 2026-09-25T22:30:03.538691866Z [2026-09-25 22:30:03,538] INFO [KafkaRaftServer nodeId=1] Kafka Server started (kafka.server.KafkaRaftServer)
kafka1  | 2026-09-25T22:30:03.763289249Z [2026-09-25 22:30:03,762] INFO [QuorumController id=1] Replayed BrokerRegistrationChangeRecord modifying the registration for broker 3: BrokerRegistrationChangeRecord(brokerId=3, brokerEpoch=7, fenced=-1, inControlledShutdown=0, logDirs=[]) (org.apache.kafka.controller.ClusterControlManager)
kafka1  | 2026-09-25T22:30:03.763628557Z [2026-09-25 22:30:03,763] INFO [QuorumController id=1] Replayed BrokerRegistrationChangeRecord modifying the registration for broker 1: BrokerRegistrationChangeRecord(brokerId=1, brokerEpoch=6, fenced=-1, inControlledShutdown=0, logDirs=[]) (org.apache.kafka.controller.ClusterControlManager)
kafka1  | 2026-09-25T22:30:03.858225567Z [2026-09-25 22:30:03,857] INFO Sent auto-creation request for Set(__consumer_offsets) to the active controller. (kafka.server.DefaultAutoTopicCreationManager)
kafka1  | 2026-09-25T22:30:03.933705165Z [2026-09-25 22:30:03,933] INFO [QuorumController id=1] Replayed TopicRecord for topic dados-sensores with topic ID 6zODIGJVQzKlhQlNLdPLMg. (org.apache.kafka.controller.ReplicationControlManager)
kafka1  | 2026-09-25T22:30:03.938722574Z [2026-09-25 22:30:03,938] INFO [QuorumController id=1] Replayed PartitionRecord for new partition dados-sensores-0 with topic ID 6zODIGJVQzKlhQlNLdPLMg and PartitionRegistration(replicas=[2, 3, 1], directories=[aVi532WiNDfbBF-6jrUHpA, raOOhb1PofWlkOr7knf3lw, fM_CM2CHzFPLaSPW0Ctb9Q], isr=[2, 3, 1], removingReplicas=[], addingReplicas=[], elr=[], lastKnownElr=[], leader=2, leaderRecoveryState=RECOVERED, leaderEpoch=0, partitionEpoch=0). (org.apache.kafka.controller.ReplicationControlManager)
kafka1  | 2026-09-25T22:30:03.942237732Z [2026-09-25 22:30:03,941] INFO [QuorumController id=1] Replayed PartitionRecord for new partition dados-sensores-1 with topic ID 6zODIGJVQzKlhQlNLdPLMg and PartitionRegistration(replicas=[3, 1, 2], directories=[raOOhb1PofWlkOr7knf3lw, fM_CM2CHzFPLaSPW0Ctb9Q, aVi532WiNDfbBF-6jrUHpA], isr=[3, 1, 2], removingReplicas=[], addingReplicas=[], elr=[], lastKnownElr=[], leader=3, leaderRecoveryState=RECOVERED, leaderEpoch=0, partitionEpoch=0). (org.apache.kafka.controller.ReplicationControlManager)
kafka2  | 2026-09-25T22:30:03.366568856Z 	socket.send.buffer.bytes = 102400
kafka2  | 2026-09-25T22:30:03.366570395Z 	ssl.allow.dn.changes = false
kafka2  | 2026-09-25T22:30:03.366571955Z 	ssl.allow.san.changes = false
kafka2  | 2026-09-25T22:30:03.366573463Z 	ssl.cipher.suites = []
kafka2  | 2026-09-25T22:30:03.366574981Z 	ssl.client.auth = none
kafka2  | 2026-09-25T22:30:03.366576508Z 	ssl.enabled.protocols = [TLSv1.2, TLSv1.3]
kafka2  | 2026-09-25T22:30:03.366578050Z 	ssl.endpoint.identification.algorithm = https
kafka2  | 2026-09-25T22:30:03.366584084Z 	ssl.engine.factory.class = null
kafka2  | 2026-09-25T22:30:03.366585997Z 	ssl.key.password = null
kafka2  | 2026-09-25T22:30:03.366587585Z 	ssl.keymanager.algorithm = SunX509
kafka2  | 2026-09-25T22:30:03.366589442Z 	ssl.keystore.certificate.chain = null
kafka2  | 2026-09-25T22:30:03.366591051Z 	ssl.keystore.key = null
kafka2  | 2026-09-25T22:30:03.366592560Z 	ssl.keystore.location = null
kafka2  | 2026-09-25T22:30:03.366594253Z 	ssl.keystore.password = null
kafka2  | 2026-09-25T22:30:03.366595757Z 	ssl.keystore.type = JKS
kafka2  | 2026-09-25T22:30:03.366597324Z 	ssl.principal.mapping.rules = DEFAULT
kafka2  | 2026-09-25T22:30:03.366601710Z 	ssl.protocol = TLSv1.3
kafka2  | 2026-09-25T22:30:03.366603503Z 	ssl.provider = null
kafka2  | 2026-09-25T22:30:03.366605074Z 	ssl.secure.random.implementation = null
kafka2  | 2026-09-25T22:30:03.366606752Z 	ssl.trustmanager.algorithm = PKIX
kafka2  | 2026-09-25T22:30:03.366608741Z 	ssl.truststore.certificates = null
kafka2  | 2026-09-25T22:30:03.366610204Z 	ssl.truststore.location = null
kafka2  | 2026-09-25T22:30:03.366611726Z 	ssl.truststore.password = null
kafka2  | 2026-09-25T22:30:03.366613344Z 	ssl.truststore.type = JKS
kafka2  | 2026-09-25T22:30:03.366614917Z 	telemetry.max.bytes = 1048576
kafka2  | 2026-09-25T22:30:03.366616463Z 	transaction.abort.timed.out.transaction.cleanup.interval.ms = 10000
kafka2  | 2026-09-25T22:30:03.366618344Z 	transaction.max.timeout.ms = 900000
kafka2  | 2026-09-25T22:30:03.366619936Z 	transaction.partition.verification.enable = true
kafka2  | 2026-09-25T22:30:03.366628267Z 	transaction.remove.expired.transaction.cleanup.interval.ms = 3600000
kafka2  | 2026-09-25T22:30:03.366630585Z 	transaction.state.log.load.buffer.size = 5242880
kafka2  | 2026-09-25T22:30:03.366632274Z 	transaction.state.log.min.isr = 2
kafka2  | 2026-09-25T22:30:03.366633836Z 	transaction.state.log.num.partitions = 50
kafka2  | 2026-09-25T22:30:03.366635411Z 	transaction.state.log.replication.factor = 3
kafka2  | 2026-09-25T22:30:03.366637097Z 	transaction.state.log.segment.bytes = 104857600
kafka2  | 2026-09-25T22:30:03.366638831Z 	transactional.id.expiration.ms = 604800000
kafka2  | 2026-09-25T22:30:03.366640387Z 	unclean.leader.election.enable = false
kafka2  | 2026-09-25T22:30:03.366641871Z 	unstable.api.versions.enable = false
kafka3  | 2026-09-25T22:30:03.482725447Z 	sasl.jaas.config = null
kafka3  | 2026-09-25T22:30:03.482726625Z 	sasl.kerberos.kinit.cmd = /usr/bin/kinit
kafka3  | 2026-09-25T22:30:03.482728402Z 	sasl.kerberos.min.time.before.relogin = 60000
kafka3  | 2026-09-25T22:30:03.482729876Z 	sasl.kerberos.principal.to.local.rules = [DEFAULT]
kafka3  | 2026-09-25T22:30:03.482731290Z 	sasl.kerberos.service.name = null
kafka3  | 2026-09-25T22:30:03.482732800Z 	sasl.kerberos.ticket.renew.jitter = 0.05
kafka3  | 2026-09-25T22:30:03.482734158Z 	sasl.kerberos.ticket.renew.window.factor = 0.8
kafka3  | 2026-09-25T22:30:03.482735483Z 	sasl.login.callback.handler.class = null
kafka3  | 2026-09-25T22:30:03.482736936Z 	sasl.login.class = null
kafka3  | 2026-09-25T22:30:03.482738212Z 	sasl.login.connect.timeout.ms = null
kafka3  | 2026-09-25T22:30:03.482739558Z 	sasl.login.read.timeout.ms = null
kafka3  | 2026-09-25T22:30:03.482743526Z 	sasl.login.refresh.buffer.seconds = 300
kafka3  | 2026-09-25T22:30:03.482745598Z 	sasl.login.refresh.min.period.seconds = 60
kafka3  | 2026-09-25T22:30:03.482746919Z 	sasl.login.refresh.window.factor = 0.8
kafka3  | 2026-09-25T22:30:03.482748306Z 	sasl.login.refresh.window.jitter = 0.05
kafka3  | 2026-09-25T22:30:03.482749642Z 	sasl.login.retry.backoff.max.ms = 10000
kafka3  | 2026-09-25T22:30:03.482754043Z 	sasl.login.retry.backoff.ms = 100
kafka3  | 2026-09-25T22:30:03.482755560Z 	sasl.mechanism.controller.protocol = GSSAPI
kafka3  | 2026-09-25T22:30:03.482756985Z 	sasl.mechanism.inter.broker.protocol = GSSAPI
kafka3  | 2026-09-25T22:30:03.482758352Z 	sasl.oauthbearer.clock.skew.seconds = 30
kafka3  | 2026-09-25T22:30:03.482759766Z 	sasl.oauthbearer.expected.audience = null
kafka3  | 2026-09-25T22:30:03.482763858Z 	sasl.oauthbearer.expected.issuer = null
kafka3  | 2026-09-25T22:30:03.482834513Z 	sasl.oauthbearer.jwks.endpoint.refresh.ms = 3600000
kafka3  | 2026-09-25T22:30:03.482849585Z 	sasl.oauthbearer.jwks.endpoint.retry.backoff.max.ms = 10000
kafka3  | 2026-09-25T22:30:03.482852217Z 	sasl.oauthbearer.jwks.endpoint.retry.backoff.ms = 100
kafka3  | 2026-09-25T22:30:03.482853736Z 	sasl.oauthbearer.jwks.endpoint.url = null
kafka3  | 2026-09-25T22:30:03.482858023Z 	sasl.oauthbearer.scope.claim.name = scope
kafka3  | 2026-09-25T22:30:03.482862576Z 	sasl.oauthbearer.sub.claim.name = sub
kafka3  | 2026-09-25T22:30:03.482863935Z 	sasl.oauthbearer.token.endpoint.url = null
kafka1  | 2026-09-25T22:30:03.944730349Z [2026-09-25 22:30:03,943] INFO [QuorumController id=1] Replayed PartitionRecord for new partition dados-sensores-2 with topic ID 6zODIGJVQzKlhQlNLdPLMg and PartitionRegistration(replicas=[1, 2, 3], directories=[fM_CM2CHzFPLaSPW0Ctb9Q, aVi532WiNDfbBF-6jrUHpA, raOOhb1PofWlkOr7knf3lw], isr=[1, 2, 3], removingReplicas=[], addingReplicas=[], elr=[], lastKnownElr=[], leader=1, leaderRecoveryState=RECOVERED, leaderEpoch=0, partitionEpoch=0). (org.apache.kafka.controller.ReplicationControlManager)
kafka1  | 2026-09-25T22:30:03.944795961Z [2026-09-25 22:30:03,943] INFO [QuorumController id=1] Replayed PartitionRecord for new partition dados-sensores-3 with topic ID 6zODIGJVQzKlhQlNLdPLMg and PartitionRegistration(replicas=[3, 2, 1], directories=[raOOhb1PofWlkOr7knf3lw, aVi532WiNDfbBF-6jrUHpA, fM_CM2CHzFPLaSPW0Ctb9Q], isr=[3, 2, 1], removingReplicas=[], addingReplicas=[], elr=[], lastKnownElr=[], leader=3, leaderRecoveryState=RECOVERED, leaderEpoch=0, partitionEpoch=0). (org.apache.kafka.controller.ReplicationControlManager)
kafka1  | 2026-09-25T22:30:03.944800117Z [2026-09-25 22:30:03,943] INFO [Broker id=1] Transitioning 2 partition(s) to local leaders. (state.change.logger)
kafka1  | 2026-09-25T22:30:03.944802270Z [2026-09-25 22:30:03,943] INFO [QuorumController id=1] Replayed PartitionRecord for new partition dados-sensores-4 with topic ID 6zODIGJVQzKlhQlNLdPLMg and PartitionRegistration(replicas=[2, 1, 3], directories=[aVi532WiNDfbBF-6jrUHpA, fM_CM2CHzFPLaSPW0Ctb9Q, raOOhb1PofWlkOr7knf3lw], isr=[2, 1, 3], removingReplicas=[], addingReplicas=[], elr=[], lastKnownElr=[], leader=2, leaderRecoveryState=RECOVERED, leaderEpoch=0, partitionEpoch=0). (org.apache.kafka.controller.ReplicationControlManager)
kafka1  | 2026-09-25T22:30:03.944806924Z [2026-09-25 22:30:03,944] INFO [QuorumController id=1] Replayed PartitionRecord for new partition dados-sensores-5 with topic ID 6zODIGJVQzKlhQlNLdPLMg and PartitionRegistration(replicas=[1, 3, 2], directories=[fM_CM2CHzFPLaSPW0Ctb9Q, raOOhb1PofWlkOr7knf3lw, aVi532WiNDfbBF-6jrUHpA], isr=[1, 3, 2], removingReplicas=[], addingReplicas=[], elr=[], lastKnownElr=[], leader=1, leaderRecoveryState=RECOVERED, leaderEpoch=0, partitionEpoch=0). (org.apache.kafka.controller.ReplicationControlManager)
kafka1  | 2026-09-25T22:30:03.947134511Z [2026-09-25 22:30:03,946] INFO [ReplicaFetcherManager on broker 1] Removed fetcher for partitions Set(dados-sensores-5, dados-sensores-2) (kafka.server.ReplicaFetcherManager)
kafka1  | 2026-09-25T22:30:03.952388139Z [2026-09-25 22:30:03,952] INFO [Broker id=1] Creating new partition dados-sensores-5 with topic id 6zODIGJVQzKlhQlNLdPLMg. (state.change.logger)
kafka1  | 2026-09-25T22:30:04.001478230Z [2026-09-25 22:30:03,997] INFO [LogLoader partition=dados-sensores-5, dir=/var/lib/kafka/data] Loading producer state till offset 0 with message format version 2 (kafka.log.UnifiedLog$)
kafka1  | 2026-09-25T22:30:04.004946357Z [2026-09-25 22:30:04,004] INFO Created log for partition dados-sensores-5 in /var/lib/kafka/data/dados-sensores-5 with properties {} (kafka.log.LogManager)
kafka1  | 2026-09-25T22:30:04.014138842Z [2026-09-25 22:30:04,012] INFO [Partition dados-sensores-5 broker=1] No checkpointed highwatermark is found for partition dados-sensores-5 (kafka.cluster.Partition)
kafka1  | 2026-09-25T22:30:04.022041868Z [2026-09-25 22:30:04,021] INFO [Partition dados-sensores-5 broker=1] Log loaded for partition dados-sensores-5 with initial high watermark 0 (kafka.cluster.Partition)
kafka1  | 2026-09-25T22:30:04.036395085Z [2026-09-25 22:30:04,035] INFO [Broker id=1] Leader dados-sensores-5 with topic id Some(6zODIGJVQzKlhQlNLdPLMg) starts at leader epoch 0 from offset 0 with partition epoch 0, high watermark 0, ISR [1,3,2], adding replicas [] and removing replicas [] . Previous leader None and previous leader epoch was -1. (state.change.logger)
kafka1  | 2026-09-25T22:30:04.061670066Z [2026-09-25 22:30:04,060] INFO [QuorumController id=1] Replayed TopicRecord for topic __consumer_offsets with topic ID w2caDlcSQY-bJJSbpCk06w. (org.apache.kafka.controller.ReplicationControlManager)
kafka1  | 2026-09-25T22:30:04.064212439Z [2026-09-25 22:30:04,062] INFO [QuorumController id=1] Replayed ConfigRecord for ConfigResource(type=TOPIC, name='__consumer_offsets') which set configuration compression.type to producer (org.apache.kafka.controller.ConfigurationControlManager)
kafka1  | 2026-09-25T22:30:04.064243298Z [2026-09-25 22:30:04,063] INFO [QuorumController id=1] Replayed ConfigRecord for ConfigResource(type=TOPIC, name='__consumer_offsets') which set configuration cleanup.policy to compact (org.apache.kafka.controller.ConfigurationControlManager)
kafka1  | 2026-09-25T22:30:04.064246725Z [2026-09-25 22:30:04,064] INFO [QuorumController id=1] Replayed ConfigRecord for ConfigResource(type=TOPIC, name='__consumer_offsets') which set configuration segment.bytes to 104857600 (org.apache.kafka.controller.ConfigurationControlManager)
kafka1  | 2026-09-25T22:30:04.064612677Z [2026-09-25 22:30:04,064] INFO [QuorumController id=1] Replayed PartitionRecord for new partition __consumer_offsets-0 with topic ID w2caDlcSQY-bJJSbpCk06w and PartitionRegistration(replicas=[1, 2, 3], directories=[fM_CM2CHzFPLaSPW0Ctb9Q, aVi532WiNDfbBF-6jrUHpA, raOOhb1PofWlkOr7knf3lw], isr=[1, 2, 3], removingReplicas=[], addingReplicas=[], elr=[], lastKnownElr=[], leader=1, leaderRecoveryState=RECOVERED, leaderEpoch=0, partitionEpoch=0). (org.apache.kafka.controller.ReplicationControlManager)
kafka1  | 2026-09-25T22:30:04.064753932Z [2026-09-25 22:30:04,064] INFO [QuorumController id=1] Replayed PartitionRecord for new partition __consumer_offsets-1 with topic ID w2caDlcSQY-bJJSbpCk06w and PartitionRegistration(replicas=[2, 3, 1], directories=[aVi532WiNDfbBF-6jrUHpA, raOOhb1PofWlkOr7knf3lw, fM_CM2CHzFPLaSPW0Ctb9Q], isr=[2, 3, 1], removingReplicas=[], addingReplicas=[], elr=[], lastKnownElr=[], leader=2, leaderRecoveryState=RECOVERED, leaderEpoch=0, partitionEpoch=0). (org.apache.kafka.controller.ReplicationControlManager)
kafka1  | 2026-09-25T22:30:04.064951183Z [2026-09-25 22:30:04,064] INFO [QuorumController id=1] Replayed PartitionRecord for new partition __consumer_offsets-2 with topic ID w2caDlcSQY-bJJSbpCk06w and PartitionRegistration(replicas=[3, 1, 2], directories=[raOOhb1PofWlkOr7knf3lw, fM_CM2CHzFPLaSPW0Ctb9Q, aVi532WiNDfbBF-6jrUHpA], isr=[3, 1, 2], removingReplicas=[], addingReplicas=[], elr=[], lastKnownElr=[], leader=3, leaderRecoveryState=RECOVERED, leaderEpoch=0, partitionEpoch=0). (org.apache.kafka.controller.ReplicationControlManager)
kafka1  | 2026-09-25T22:30:04.065210054Z [2026-09-25 22:30:04,065] INFO [QuorumController id=1] Replayed PartitionRecord for new partition __consumer_offsets-3 with topic ID w2caDlcSQY-bJJSbpCk06w and PartitionRegistration(replicas=[2, 3, 1], directories=[aVi532WiNDfbBF-6jrUHpA, raOOhb1PofWlkOr7knf3lw, fM_CM2CHzFPLaSPW0Ctb9Q], isr=[2, 3, 1], removingReplicas=[], addingReplicas=[], elr=[], lastKnownElr=[], leader=2, leaderRecoveryState=RECOVERED, leaderEpoch=0, partitionEpoch=0). (org.apache.kafka.controller.ReplicationControlManager)
kafka1  | 2026-09-25T22:30:04.065395875Z [2026-09-25 22:30:04,065] INFO [QuorumController id=1] Replayed PartitionRecord for new partition __consumer_offsets-4 with topic ID w2caDlcSQY-bJJSbpCk06w and PartitionRegistration(replicas=[3, 1, 2], directories=[raOOhb1PofWlkOr7knf3lw, fM_CM2CHzFPLaSPW0Ctb9Q, aVi532WiNDfbBF-6jrUHpA], isr=[3, 1, 2], removingReplicas=[], addingReplicas=[], elr=[], lastKnownElr=[], leader=3, leaderRecoveryState=RECOVERED, leaderEpoch=0, partitionEpoch=0). (org.apache.kafka.controller.ReplicationControlManager)
kafka1  | 2026-09-25T22:30:04.065559215Z [2026-09-25 22:30:04,065] INFO [QuorumController id=1] Replayed PartitionRecord for new partition __consumer_offsets-5 with topic ID w2caDlcSQY-bJJSbpCk06w and PartitionRegistration(replicas=[1, 2, 3], directories=[fM_CM2CHzFPLaSPW0Ctb9Q, aVi532WiNDfbBF-6jrUHpA, raOOhb1PofWlkOr7knf3lw], isr=[1, 2, 3], removingReplicas=[], addingReplicas=[], elr=[], lastKnownElr=[], leader=1, leaderRecoveryState=RECOVERED, leaderEpoch=0, partitionEpoch=0). (org.apache.kafka.controller.ReplicationControlManager)
kafka1  | 2026-09-25T22:30:04.065712676Z [2026-09-25 22:30:04,065] INFO [QuorumController id=1] Replayed PartitionRecord for new partition __consumer_offsets-6 with topic ID w2caDlcSQY-bJJSbpCk06w and PartitionRegistration(replicas=[1, 2, 3], directories=[fM_CM2CHzFPLaSPW0Ctb9Q, aVi532WiNDfbBF-6jrUHpA, raOOhb1PofWlkOr7knf3lw], isr=[1, 2, 3], removingReplicas=[], addingReplicas=[], elr=[], lastKnownElr=[], leader=1, leaderRecoveryState=RECOVERED, leaderEpoch=0, partitionEpoch=0). (org.apache.kafka.controller.ReplicationControlManager)
kafka1  | 2026-09-25T22:30:04.066125099Z [2026-09-25 22:30:04,065] INFO [QuorumController id=1] Replayed PartitionRecord for new partition __consumer_offsets-7 with topic ID w2caDlcSQY-bJJSbpCk06w and PartitionRegistration(replicas=[2, 3, 1], directories=[aVi532WiNDfbBF-6jrUHpA, raOOhb1PofWlkOr7knf3lw, fM_CM2CHzFPLaSPW0Ctb9Q], isr=[2, 3, 1], removingReplicas=[], addingReplicas=[], elr=[], lastKnownElr=[], leader=2, leaderRecoveryState=RECOVERED, leaderEpoch=0, partitionEpoch=0). (org.apache.kafka.controller.ReplicationControlManager)
kafka1  | 2026-09-25T22:30:04.066420233Z [2026-09-25 22:30:04,066] INFO [QuorumController id=1] Replayed PartitionRecord for new partition __consumer_offsets-8 with topic ID w2caDlcSQY-bJJSbpCk06w and PartitionRegistration(replicas=[3, 1, 2], directories=[raOOhb1PofWlkOr7knf3lw, fM_CM2CHzFPLaSPW0Ctb9Q, aVi532WiNDfbBF-6jrUHpA], isr=[3, 1, 2], removingReplicas=[], addingReplicas=[], elr=[], lastKnownElr=[], leader=3, leaderRecoveryState=RECOVERED, leaderEpoch=0, partitionEpoch=0). (org.apache.kafka.controller.ReplicationControlManager)
kafka1  | 2026-09-25T22:30:04.066709730Z [2026-09-25 22:30:04,066] INFO [QuorumController id=1] Replayed PartitionRecord for new partition __consumer_offsets-9 with topic ID w2caDlcSQY-bJJSbpCk06w and PartitionRegistration(replicas=[2, 1, 3], directories=[aVi532WiNDfbBF-6jrUHpA, fM_CM2CHzFPLaSPW0Ctb9Q, raOOhb1PofWlkOr7knf3lw], isr=[2, 1, 3], removingReplicas=[], addingReplicas=[], elr=[], lastKnownElr=[], leader=2, leaderRecoveryState=RECOVERED, leaderEpoch=0, partitionEpoch=0). (org.apache.kafka.controller.ReplicationControlManager)
kafka1  | 2026-09-25T22:30:04.067238245Z [2026-09-25 22:30:04,066] INFO [QuorumController id=1] Replayed PartitionRecord for new partition __consumer_offsets-10 with topic ID w2caDlcSQY-bJJSbpCk06w and PartitionRegistration(replicas=[1, 3, 2], directories=[fM_CM2CHzFPLaSPW0Ctb9Q, raOOhb1PofWlkOr7knf3lw, aVi532WiNDfbBF-6jrUHpA], isr=[1, 3, 2], removingReplicas=[], addingReplicas=[], elr=[], lastKnownElr=[], leader=1, leaderRecoveryState=RECOVERED, leaderEpoch=0, partitionEpoch=0). (org.apache.kafka.controller.ReplicationControlManager)
kafka1  | 2026-09-25T22:30:04.067394550Z [2026-09-25 22:30:04,067] INFO [QuorumController id=1] Replayed PartitionRecord for new partition __consumer_offsets-11 with topic ID w2caDlcSQY-bJJSbpCk06w and PartitionRegistration(replicas=[3, 2, 1], directories=[raOOhb1PofWlkOr7knf3lw, aVi532WiNDfbBF-6jrUHpA, fM_CM2CHzFPLaSPW0Ctb9Q], isr=[3, 2, 1], removingReplicas=[], addingReplicas=[], elr=[], lastKnownElr=[], leader=3, leaderRecoveryState=RECOVERED, leaderEpoch=0, partitionEpoch=0). (org.apache.kafka.controller.ReplicationControlManager)
kafka1  | 2026-09-25T22:30:04.067416931Z [2026-09-25 22:30:04,067] INFO [QuorumController id=1] Replayed PartitionRecord for new partition __consumer_offsets-12 with topic ID w2caDlcSQY-bJJSbpCk06w and PartitionRegistration(replicas=[3, 1, 2], directories=[raOOhb1PofWlkOr7knf3lw, fM_CM2CHzFPLaSPW0Ctb9Q, aVi532WiNDfbBF-6jrUHpA], isr=[3, 1, 2], removingReplicas=[], addingReplicas=[], elr=[], lastKnownElr=[], leader=3, leaderRecoveryState=RECOVERED, leaderEpoch=0, partitionEpoch=0). (org.apache.kafka.controller.ReplicationControlManager)
kafka1  | 2026-09-25T22:30:04.067732063Z [2026-09-25 22:30:04,067] INFO [QuorumController id=1] Replayed PartitionRecord for new partition __consumer_offsets-13 with topic ID w2caDlcSQY-bJJSbpCk06w and PartitionRegistration(replicas=[1, 2, 3], directories=[fM_CM2CHzFPLaSPW0Ctb9Q, aVi532WiNDfbBF-6jrUHpA, raOOhb1PofWlkOr7knf3lw], isr=[1, 2, 3], removingReplicas=[], addingReplicas=[], elr=[], lastKnownElr=[], leader=1, leaderRecoveryState=RECOVERED, leaderEpoch=0, partitionEpoch=0). (org.apache.kafka.controller.ReplicationControlManager)
kafka1  | 2026-09-25T22:30:04.068009772Z [2026-09-25 22:30:04,067] INFO [QuorumController id=1] Replayed PartitionRecord for new partition __consumer_offsets-14 with topic ID w2caDlcSQY-bJJSbpCk06w and PartitionRegistration(replicas=[2, 3, 1], directories=[aVi532WiNDfbBF-6jrUHpA, raOOhb1PofWlkOr7knf3lw, fM_CM2CHzFPLaSPW0Ctb9Q], isr=[2, 3, 1], removingReplicas=[], addingReplicas=[], elr=[], lastKnownElr=[], leader=2, leaderRecoveryState=RECOVERED, leaderEpoch=0, partitionEpoch=0). (org.apache.kafka.controller.ReplicationControlManager)
kafka1  | 2026-09-25T22:30:04.068225915Z [2026-09-25 22:30:04,068] INFO [QuorumController id=1] Replayed PartitionRecord for new partition __consumer_offsets-15 with topic ID w2caDlcSQY-bJJSbpCk06w and PartitionRegistration(replicas=[3, 1, 2], directories=[raOOhb1PofWlkOr7knf3lw, fM_CM2CHzFPLaSPW0Ctb9Q, aVi532WiNDfbBF-6jrUHpA], isr=[3, 1, 2], removingReplicas=[], addingReplicas=[], elr=[], lastKnownElr=[], leader=3, leaderRecoveryState=RECOVERED, leaderEpoch=0, partitionEpoch=0). (org.apache.kafka.controller.ReplicationControlManager)
kafka1  | 2026-09-25T22:30:04.068901119Z [2026-09-25 22:30:04,068] INFO [QuorumController id=1] Replayed PartitionRecord for new partition __consumer_offsets-16 with topic ID w2caDlcSQY-bJJSbpCk06w and PartitionRegistration(replicas=[1, 2, 3], directories=[fM_CM2CHzFPLaSPW0Ctb9Q, aVi532WiNDfbBF-6jrUHpA, raOOhb1PofWlkOr7knf3lw], isr=[1, 2, 3], removingReplicas=[], addingReplicas=[], elr=[], lastKnownElr=[], leader=1, leaderRecoveryState=RECOVERED, leaderEpoch=0, partitionEpoch=0). (org.apache.kafka.controller.ReplicationControlManager)
kafka2  | 2026-09-25T22:30:03.366643637Z 	unstable.metadata.versions.enable = false
kafka2  | 2026-09-25T22:30:03.366645344Z 	zookeeper.clientCnxnSocket = null
kafka2  | 2026-09-25T22:30:03.366646893Z 	zookeeper.connect = 
kafka2  | 2026-09-25T22:30:03.366648388Z 	zookeeper.connection.timeout.ms = null
kafka2  | 2026-09-25T22:30:03.366649896Z 	zookeeper.max.in.flight.requests = 10
kafka2  | 2026-09-25T22:30:03.366651402Z 	zookeeper.metadata.migration.enable = false
kafka2  | 2026-09-25T22:30:03.366662417Z 	zookeeper.metadata.migration.min.batch.size = 200
kafka2  | 2026-09-25T22:30:03.366667035Z 	zookeeper.session.timeout.ms = 18000
kafka2  | 2026-09-25T22:30:03.366668828Z 	zookeeper.set.acl = false
kafka2  | 2026-09-25T22:30:03.366670336Z 	zookeeper.ssl.cipher.suites = null
kafka2  | 2026-09-25T22:30:03.366672784Z 	zookeeper.ssl.client.enable = false
kafka2  | 2026-09-25T22:30:03.366674302Z 	zookeeper.ssl.crl.enable = false
kafka2  | 2026-09-25T22:30:03.366675833Z 	zookeeper.ssl.enabled.protocols = null
kafka2  | 2026-09-25T22:30:03.366677393Z 	zookeeper.ssl.endpoint.identification.algorithm = HTTPS
kafka2  | 2026-09-25T22:30:03.366684457Z 	zookeeper.ssl.keystore.location = null
kafka2  | 2026-09-25T22:30:03.366686299Z 	zookeeper.ssl.keystore.password = null
kafka2  | 2026-09-25T22:30:03.366687835Z 	zookeeper.ssl.keystore.type = null
kafka2  | 2026-09-25T22:30:03.366689404Z 	zookeeper.ssl.ocsp.enable = false
kafka2  | 2026-09-25T22:30:03.366690970Z 	zookeeper.ssl.protocol = TLSv1.2
kafka2  | 2026-09-25T22:30:03.366692683Z 	zookeeper.ssl.truststore.location = null
kafka2  | 2026-09-25T22:30:03.366694872Z 	zookeeper.ssl.truststore.password = null
kafka2  | 2026-09-25T22:30:03.366696446Z 	zookeeper.ssl.truststore.type = null
kafka2  | 2026-09-25T22:30:03.366698037Z  (kafka.server.KafkaConfig)
kafka2  | 2026-09-25T22:30:03.377201216Z [2026-09-25 22:30:03,376] INFO [BrokerLifecycleManager id=2] The broker is in RECOVERY. (kafka.server.BrokerLifecycleManager)
kafka2  | 2026-09-25T22:30:03.384173357Z [2026-09-25 22:30:03,381] INFO [BrokerServer id=2] Waiting for the broker to be unfenced (kafka.server.BrokerServer)
kafka2  | 2026-09-25T22:30:03.384410066Z [2026-09-25 22:30:03,383] INFO [QuorumController id=2] The request from broker 2 to unfence has been granted because it has caught up with the offset of its register broker record 5. (org.apache.kafka.controller.BrokerHeartbeatManager)
kafka2  | 2026-09-25T22:30:03.401064049Z [2026-09-25 22:30:03,400] INFO [QuorumController id=2] Replayed BrokerRegistrationChangeRecord modifying the registration for broker 2: BrokerRegistrationChangeRecord(brokerId=2, brokerEpoch=5, fenced=-1, inControlledShutdown=0, logDirs=[]) (org.apache.kafka.controller.ClusterControlManager)
kafka2  | 2026-09-25T22:30:03.404113481Z [2026-09-25 22:30:03,403] INFO [QuorumController id=2] Replayed RegisterControllerRecord contaning ControllerRegistration(id=3, incarnationId=jRYPKiyISiyVdqOWNyRCCg, zkMigrationReady=false, listeners=[Endpoint(listenerName='CONTROLLER', securityProtocol=PLAINTEXT, host='kafka3', port=9093)], supportedFeatures={metadata.version: 1-19}). (org.apache.kafka.controller.ClusterControlManager)
kafka2  | 2026-09-25T22:30:03.412095928Z [2026-09-25 22:30:03,411] INFO [QuorumController id=2] Replayed RegisterControllerRecord contaning ControllerRegistration(id=1, incarnationId=R-C9ZIcqSpWYzRo0srjYKg, zkMigrationReady=false, listeners=[Endpoint(listenerName='CONTROLLER', securityProtocol=PLAINTEXT, host='kafka1', port=9093)], supportedFeatures={metadata.version: 1-19}). (org.apache.kafka.controller.ClusterControlManager)
kafka2  | 2026-09-25T22:30:03.440056478Z [2026-09-25 22:30:03,439] INFO [BrokerLifecycleManager id=2] The broker has been unfenced. Transitioning from RECOVERY to RUNNING. (kafka.server.BrokerLifecycleManager)
kafka2  | 2026-09-25T22:30:03.440840078Z [2026-09-25 22:30:03,440] INFO [BrokerServer id=2] Finished waiting for the broker to be unfenced (kafka.server.BrokerServer)
kafka2  | 2026-09-25T22:30:03.441978941Z [2026-09-25 22:30:03,441] INFO authorizerStart completed for endpoint EXTERNAL. Endpoint is now READY. (org.apache.kafka.server.network.EndpointReadyFutures)
kafka2  | 2026-09-25T22:30:03.442008849Z [2026-09-25 22:30:03,441] INFO authorizerStart completed for endpoint PLAINTEXT. Endpoint is now READY. (org.apache.kafka.server.network.EndpointReadyFutures)
kafka2  | 2026-09-25T22:30:03.442542295Z [2026-09-25 22:30:03,442] INFO [SocketServer listenerType=BROKER, nodeId=2] Enabling request processing. (kafka.network.SocketServer)
kafka2  | 2026-09-25T22:30:03.443190202Z [2026-09-25 22:30:03,442] INFO Awaiting socket connections on kafka2:9092. (kafka.network.DataPlaneAcceptor)
kafka3  | 2026-09-25T22:30:03.482865141Z 	sasl.server.callback.handler.class = null
kafka3  | 2026-09-25T22:30:03.482866591Z 	sasl.server.max.receive.size = 524288
kafka3  | 2026-09-25T22:30:03.482870729Z 	security.inter.broker.protocol = PLAINTEXT
kafka3  | 2026-09-25T22:30:03.482873044Z 	security.providers = null
kafka3  | 2026-09-25T22:30:03.482875028Z 	server.max.startup.time.ms = 9223372036854775807
kafka3  | 2026-09-25T22:30:03.482876120Z 	socket.connection.setup.timeout.max.ms = 30000
kafka3  | 2026-09-25T22:30:03.482877387Z 	socket.connection.setup.timeout.ms = 10000
kafka3  | 2026-09-25T22:30:03.482896478Z 	socket.listen.backlog.size = 50
kafka3  | 2026-09-25T22:30:03.482898340Z 	socket.receive.buffer.bytes = 102400
kafka3  | 2026-09-25T22:30:03.482899830Z 	socket.request.max.bytes = 104857600
kafka3  | 2026-09-25T22:30:03.482904751Z 	socket.send.buffer.bytes = 102400
kafka3  | 2026-09-25T22:30:03.482906124Z 	ssl.allow.dn.changes = false
kafka3  | 2026-09-25T22:30:03.482907503Z 	ssl.allow.san.changes = false
kafka3  | 2026-09-25T22:30:03.482908729Z 	ssl.cipher.suites = []
kafka3  | 2026-09-25T22:30:03.482910207Z 	ssl.client.auth = none
kafka3  | 2026-09-25T22:30:03.482911552Z 	ssl.enabled.protocols = [TLSv1.2, TLSv1.3]
kafka3  | 2026-09-25T22:30:03.482913017Z 	ssl.endpoint.identification.algorithm = https
kafka3  | 2026-09-25T22:30:03.482914345Z 	ssl.engine.factory.class = null
kafka3  | 2026-09-25T22:30:03.482915775Z 	ssl.key.password = null
kafka3  | 2026-09-25T22:30:03.482917139Z 	ssl.keymanager.algorithm = SunX509
kafka3  | 2026-09-25T22:30:03.482918703Z 	ssl.keystore.certificate.chain = null
kafka3  | 2026-09-25T22:30:03.482920097Z 	ssl.keystore.key = null
kafka3  | 2026-09-25T22:30:03.482921430Z 	ssl.keystore.location = null
kafka3  | 2026-09-25T22:30:03.482922989Z 	ssl.keystore.password = null
kafka3  | 2026-09-25T22:30:03.482924474Z 	ssl.keystore.type = JKS
kafka3  | 2026-09-25T22:30:03.482926189Z 	ssl.principal.mapping.rules = DEFAULT
kafka3  | 2026-09-25T22:30:03.482931289Z 	ssl.protocol = TLSv1.3
kafka3  | 2026-09-25T22:30:03.482934133Z 	ssl.provider = null
kafka3  | 2026-09-25T22:30:03.482935411Z 	ssl.secure.random.implementation = null
kafka1  | 2026-09-25T22:30:04.069185757Z [2026-09-25 22:30:04,069] INFO [QuorumController id=1] Replayed PartitionRecord for new partition __consumer_offsets-17 with topic ID w2caDlcSQY-bJJSbpCk06w and PartitionRegistration(replicas=[2, 3, 1], directories=[aVi532WiNDfbBF-6jrUHpA, raOOhb1PofWlkOr7knf3lw, fM_CM2CHzFPLaSPW0Ctb9Q], isr=[2, 3, 1], removingReplicas=[], addingReplicas=[], elr=[], lastKnownElr=[], leader=2, leaderRecoveryState=RECOVERED, leaderEpoch=0, partitionEpoch=0). (org.apache.kafka.controller.ReplicationControlManager)
kafka2  | 2026-09-25T22:30:03.444531011Z [2026-09-25 22:30:03,444] INFO Awaiting socket connections on 0.0.0.0:29092. (kafka.network.DataPlaneAcceptor)
kafka2  | 2026-09-25T22:30:03.445732681Z [2026-09-25 22:30:03,445] INFO [BrokerServer id=2] Waiting for all of the authorizer futures to be completed (kafka.server.BrokerServer)
kafka2  | 2026-09-25T22:30:03.445751619Z [2026-09-25 22:30:03,445] INFO [BrokerServer id=2] Finished waiting for all of the authorizer futures to be completed (kafka.server.BrokerServer)
kafka2  | 2026-09-25T22:30:03.445754547Z [2026-09-25 22:30:03,445] INFO [BrokerServer id=2] Waiting for all of the SocketServer Acceptors to be started (kafka.server.BrokerServer)
kafka2  | 2026-09-25T22:30:03.445756569Z [2026-09-25 22:30:03,445] INFO [BrokerServer id=2] Finished waiting for all of the SocketServer Acceptors to be started (kafka.server.BrokerServer)
kafka2  | 2026-09-25T22:30:03.445809929Z [2026-09-25 22:30:03,445] INFO [BrokerServer id=2] Transition from STARTING to STARTED (kafka.server.BrokerServer)
kafka2  | 2026-09-25T22:30:03.446442311Z [2026-09-25 22:30:03,446] INFO Kafka version: 7.7.1-ccs (org.apache.kafka.common.utils.AppInfoParser)
kafka2  | 2026-09-25T22:30:03.446457539Z [2026-09-25 22:30:03,446] INFO Kafka commitId: 91d86f33092378c89731b4a9cf1ce5db831a2b07 (org.apache.kafka.common.utils.AppInfoParser)
kafka2  | 2026-09-25T22:30:03.446460625Z [2026-09-25 22:30:03,446] INFO Kafka startTimeMs: 1790375403445 (org.apache.kafka.common.utils.AppInfoParser)
kafka2  | 2026-09-25T22:30:03.448016862Z [2026-09-25 22:30:03,447] INFO [KafkaRaftServer nodeId=2] Kafka Server started (kafka.server.KafkaRaftServer)
kafka2  | 2026-09-25T22:30:03.488519437Z [2026-09-25 22:30:03,488] INFO [QuorumController id=2] The request from broker 3 to unfence has been granted because it has caught up with the offset of its register broker record 7. (org.apache.kafka.controller.BrokerHeartbeatManager)
kafka2  | 2026-09-25T22:30:03.488653829Z [2026-09-25 22:30:03,488] INFO [QuorumController id=2] Replayed BrokerRegistrationChangeRecord modifying the registration for broker 3: BrokerRegistrationChangeRecord(brokerId=3, brokerEpoch=7, fenced=-1, inControlledShutdown=0, logDirs=[]) (org.apache.kafka.controller.ClusterControlManager)
kafka2  | 2026-09-25T22:30:03.488968606Z [2026-09-25 22:30:03,488] INFO [QuorumController id=2] The request from broker 1 to unfence has been granted because it has caught up with the offset of its register broker record 6. (org.apache.kafka.controller.BrokerHeartbeatManager)
kafka2  | 2026-09-25T22:30:03.488993825Z [2026-09-25 22:30:03,488] INFO [QuorumController id=2] Replayed BrokerRegistrationChangeRecord modifying the registration for broker 1: BrokerRegistrationChangeRecord(brokerId=1, brokerEpoch=6, fenced=-1, inControlledShutdown=0, logDirs=[]) (org.apache.kafka.controller.ClusterControlManager)
kafka2  | 2026-09-25T22:30:03.704482199Z [2026-09-25 22:30:03,702] INFO [QuorumController id=2] CreateTopics result(s): CreatableTopic(name='dados-sensores', numPartitions=6, replicationFactor=3, assignments=[], configs=[]): SUCCESS (org.apache.kafka.controller.ReplicationControlManager)
kafka2  | 2026-09-25T22:30:03.706154151Z [2026-09-25 22:30:03,705] INFO [QuorumController id=2] Replayed TopicRecord for topic dados-sensores with topic ID 6zODIGJVQzKlhQlNLdPLMg. (org.apache.kafka.controller.ReplicationControlManager)
kafka2  | 2026-09-25T22:30:03.709030202Z [2026-09-25 22:30:03,708] INFO [QuorumController id=2] Replayed PartitionRecord for new partition dados-sensores-0 with topic ID 6zODIGJVQzKlhQlNLdPLMg and PartitionRegistration(replicas=[2, 3, 1], directories=[aVi532WiNDfbBF-6jrUHpA, raOOhb1PofWlkOr7knf3lw, fM_CM2CHzFPLaSPW0Ctb9Q], isr=[2, 3, 1], removingReplicas=[], addingReplicas=[], elr=[], lastKnownElr=[], leader=2, leaderRecoveryState=RECOVERED, leaderEpoch=0, partitionEpoch=0). (org.apache.kafka.controller.ReplicationControlManager)
kafka2  | 2026-09-25T22:30:03.716595831Z [2026-09-25 22:30:03,715] INFO [QuorumController id=2] Replayed PartitionRecord for new partition dados-sensores-1 with topic ID 6zODIGJVQzKlhQlNLdPLMg and PartitionRegistration(replicas=[3, 1, 2], directories=[raOOhb1PofWlkOr7knf3lw, fM_CM2CHzFPLaSPW0Ctb9Q, aVi532WiNDfbBF-6jrUHpA], isr=[3, 1, 2], removingReplicas=[], addingReplicas=[], elr=[], lastKnownElr=[], leader=3, leaderRecoveryState=RECOVERED, leaderEpoch=0, partitionEpoch=0). (org.apache.kafka.controller.ReplicationControlManager)
kafka2  | 2026-09-25T22:30:03.716670267Z [2026-09-25 22:30:03,716] INFO [QuorumController id=2] Replayed PartitionRecord for new partition dados-sensores-2 with topic ID 6zODIGJVQzKlhQlNLdPLMg and PartitionRegistration(replicas=[1, 2, 3], directories=[fM_CM2CHzFPLaSPW0Ctb9Q, aVi532WiNDfbBF-6jrUHpA, raOOhb1PofWlkOr7knf3lw], isr=[1, 2, 3], removingReplicas=[], addingReplicas=[], elr=[], lastKnownElr=[], leader=1, leaderRecoveryState=RECOVERED, leaderEpoch=0, partitionEpoch=0). (org.apache.kafka.controller.ReplicationControlManager)
kafka2  | 2026-09-25T22:30:03.717075863Z [2026-09-25 22:30:03,716] INFO [QuorumController id=2] Replayed PartitionRecord for new partition dados-sensores-3 with topic ID 6zODIGJVQzKlhQlNLdPLMg and PartitionRegistration(replicas=[3, 2, 1], directories=[raOOhb1PofWlkOr7knf3lw, aVi532WiNDfbBF-6jrUHpA, fM_CM2CHzFPLaSPW0Ctb9Q], isr=[3, 2, 1], removingReplicas=[], addingReplicas=[], elr=[], lastKnownElr=[], leader=3, leaderRecoveryState=RECOVERED, leaderEpoch=0, partitionEpoch=0). (org.apache.kafka.controller.ReplicationControlManager)
kafka2  | 2026-09-25T22:30:03.717111898Z [2026-09-25 22:30:03,716] INFO [QuorumController id=2] Replayed PartitionRecord for new partition dados-sensores-4 with topic ID 6zODIGJVQzKlhQlNLdPLMg and PartitionRegistration(replicas=[2, 1, 3], directories=[aVi532WiNDfbBF-6jrUHpA, fM_CM2CHzFPLaSPW0Ctb9Q, raOOhb1PofWlkOr7knf3lw], isr=[2, 1, 3], removingReplicas=[], addingReplicas=[], elr=[], lastKnownElr=[], leader=2, leaderRecoveryState=RECOVERED, leaderEpoch=0, partitionEpoch=0). (org.apache.kafka.controller.ReplicationControlManager)
kafka2  | 2026-09-25T22:30:03.717118497Z [2026-09-25 22:30:03,716] INFO [QuorumController id=2] Replayed PartitionRecord for new partition dados-sensores-5 with topic ID 6zODIGJVQzKlhQlNLdPLMg and PartitionRegistration(replicas=[1, 3, 2], directories=[fM_CM2CHzFPLaSPW0Ctb9Q, raOOhb1PofWlkOr7knf3lw, aVi532WiNDfbBF-6jrUHpA], isr=[1, 3, 2], removingReplicas=[], addingReplicas=[], elr=[], lastKnownElr=[], leader=1, leaderRecoveryState=RECOVERED, leaderEpoch=0, partitionEpoch=0). (org.apache.kafka.controller.ReplicationControlManager)
kafka2  | 2026-09-25T22:30:03.771095576Z [2026-09-25 22:30:03,770] INFO [Broker id=2] Transitioning 2 partition(s) to local leaders. (state.change.logger)
kafka2  | 2026-09-25T22:30:03.774489552Z [2026-09-25 22:30:03,773] INFO [ReplicaFetcherManager on broker 2] Removed fetcher for partitions Set(dados-sensores-4, dados-sensores-0) (kafka.server.ReplicaFetcherManager)
kafka2  | 2026-09-25T22:30:03.779178017Z [2026-09-25 22:30:03,778] INFO [Broker id=2] Creating new partition dados-sensores-4 with topic id 6zODIGJVQzKlhQlNLdPLMg. (state.change.logger)
kafka2  | 2026-09-25T22:30:03.810988496Z [2026-09-25 22:30:03,810] INFO [LogLoader partition=dados-sensores-4, dir=/var/lib/kafka/data] Loading producer state till offset 0 with message format version 2 (kafka.log.UnifiedLog$)
kafka2  | 2026-09-25T22:30:03.816269158Z [2026-09-25 22:30:03,815] INFO Created log for partition dados-sensores-4 in /var/lib/kafka/data/dados-sensores-4 with properties {} (kafka.log.LogManager)
kafka3  | 2026-09-25T22:30:03.482936965Z 	ssl.trustmanager.algorithm = PKIX
kafka3  | 2026-09-25T22:30:03.482945588Z 	ssl.truststore.certificates = null
kafka3  | 2026-09-25T22:30:03.482947754Z 	ssl.truststore.location = null
kafka3  | 2026-09-25T22:30:03.482948971Z 	ssl.truststore.password = null
kafka3  | 2026-09-25T22:30:03.482950022Z 	ssl.truststore.type = JKS
kafka3  | 2026-09-25T22:30:03.482951576Z 	telemetry.max.bytes = 1048576
kafka3  | 2026-09-25T22:30:03.482953082Z 	transaction.abort.timed.out.transaction.cleanup.interval.ms = 10000
kafka3  | 2026-09-25T22:30:03.482954471Z 	transaction.max.timeout.ms = 900000
kafka3  | 2026-09-25T22:30:03.482955626Z 	transaction.partition.verification.enable = true
kafka3  | 2026-09-25T22:30:03.482956735Z 	transaction.remove.expired.transaction.cleanup.interval.ms = 3600000
kafka3  | 2026-09-25T22:30:03.482958122Z 	transaction.state.log.load.buffer.size = 5242880
kafka3  | 2026-09-25T22:30:03.482962353Z 	transaction.state.log.min.isr = 2
kafka2  | 2026-09-25T22:30:03.818647214Z [2026-09-25 22:30:03,818] INFO [Partition dados-sensores-4 broker=2] No checkpointed highwatermark is found for partition dados-sensores-4 (kafka.cluster.Partition)
kafka2  | 2026-09-25T22:30:03.820737857Z [2026-09-25 22:30:03,820] INFO [Partition dados-sensores-4 broker=2] Log loaded for partition dados-sensores-4 with initial high watermark 0 (kafka.cluster.Partition)
kafka2  | 2026-09-25T22:30:03.824746263Z [2026-09-25 22:30:03,824] INFO [Broker id=2] Leader dados-sensores-4 with topic id Some(6zODIGJVQzKlhQlNLdPLMg) starts at leader epoch 0 from offset 0 with partition epoch 0, high watermark 0, ISR [2,1,3], adding replicas [] and removing replicas [] . Previous leader None and previous leader epoch was -1. (state.change.logger)
kafka2  | 2026-09-25T22:30:03.841032591Z [2026-09-25 22:30:03,840] INFO [Broker id=2] Creating new partition dados-sensores-0 with topic id 6zODIGJVQzKlhQlNLdPLMg. (state.change.logger)
kafka2  | 2026-09-25T22:30:03.846601953Z [2026-09-25 22:30:03,845] INFO [LogLoader partition=dados-sensores-0, dir=/var/lib/kafka/data] Loading producer state till offset 0 with message format version 2 (kafka.log.UnifiedLog$)
kafka2  | 2026-09-25T22:30:03.848690643Z [2026-09-25 22:30:03,848] INFO Created log for partition dados-sensores-0 in /var/lib/kafka/data/dados-sensores-0 with properties {} (kafka.log.LogManager)
kafka2  | 2026-09-25T22:30:03.848732613Z [2026-09-25 22:30:03,848] INFO [Partition dados-sensores-0 broker=2] No checkpointed highwatermark is found for partition dados-sensores-0 (kafka.cluster.Partition)
kafka2  | 2026-09-25T22:30:03.848735547Z [2026-09-25 22:30:03,848] INFO [Partition dados-sensores-0 broker=2] Log loaded for partition dados-sensores-0 with initial high watermark 0 (kafka.cluster.Partition)
kafka2  | 2026-09-25T22:30:03.849050333Z [2026-09-25 22:30:03,848] INFO [Broker id=2] Leader dados-sensores-0 with topic id Some(6zODIGJVQzKlhQlNLdPLMg) starts at leader epoch 0 from offset 0 with partition epoch 0, high watermark 0, ISR [2,3,1], adding replicas [] and removing replicas [] . Previous leader None and previous leader epoch was -1. (state.change.logger)
kafka2  | 2026-09-25T22:30:03.859333121Z [2026-09-25 22:30:03,858] INFO [Broker id=2] Transitioning 4 partition(s) to local followers. (state.change.logger)
kafka2  | 2026-09-25T22:30:03.860415000Z [2026-09-25 22:30:03,859] INFO [Broker id=2] Creating new partition dados-sensores-5 with topic id 6zODIGJVQzKlhQlNLdPLMg. (state.change.logger)
kafka2  | 2026-09-25T22:30:03.869337255Z [2026-09-25 22:30:03,868] INFO [LogLoader partition=dados-sensores-5, dir=/var/lib/kafka/data] Loading producer state till offset 0 with message format version 2 (kafka.log.UnifiedLog$)
kafka2  | 2026-09-25T22:30:03.870290302Z [2026-09-25 22:30:03,869] INFO Created log for partition dados-sensores-5 in /var/lib/kafka/data/dados-sensores-5 with properties {} (kafka.log.LogManager)
kafka1  | 2026-09-25T22:30:04.069667439Z [2026-09-25 22:30:04,069] INFO [QuorumController id=1] Replayed PartitionRecord for new partition __consumer_offsets-18 with topic ID w2caDlcSQY-bJJSbpCk06w and PartitionRegistration(replicas=[3, 2, 1], directories=[raOOhb1PofWlkOr7knf3lw, aVi532WiNDfbBF-6jrUHpA, fM_CM2CHzFPLaSPW0Ctb9Q], isr=[3, 2, 1], removingReplicas=[], addingReplicas=[], elr=[], lastKnownElr=[], leader=3, leaderRecoveryState=RECOVERED, leaderEpoch=0, partitionEpoch=0). (org.apache.kafka.controller.ReplicationControlManager)
kafka1  | 2026-09-25T22:30:04.070943495Z [2026-09-25 22:30:04,069] INFO [QuorumController id=1] Replayed PartitionRecord for new partition __consumer_offsets-19 with topic ID w2caDlcSQY-bJJSbpCk06w and PartitionRegistration(replicas=[2, 1, 3], directories=[aVi532WiNDfbBF-6jrUHpA, fM_CM2CHzFPLaSPW0Ctb9Q, raOOhb1PofWlkOr7knf3lw], isr=[2, 1, 3], removingReplicas=[], addingReplicas=[], elr=[], lastKnownElr=[], leader=2, leaderRecoveryState=RECOVERED, leaderEpoch=0, partitionEpoch=0). (org.apache.kafka.controller.ReplicationControlManager)
kafka1  | 2026-09-25T22:30:04.070978944Z [2026-09-25 22:30:04,070] INFO [QuorumController id=1] Replayed PartitionRecord for new partition __consumer_offsets-20 with topic ID w2caDlcSQY-bJJSbpCk06w and PartitionRegistration(replicas=[1, 3, 2], directories=[fM_CM2CHzFPLaSPW0Ctb9Q, raOOhb1PofWlkOr7knf3lw, aVi532WiNDfbBF-6jrUHpA], isr=[1, 3, 2], removingReplicas=[], addingReplicas=[], elr=[], lastKnownElr=[], leader=1, leaderRecoveryState=RECOVERED, leaderEpoch=0, partitionEpoch=0). (org.apache.kafka.controller.ReplicationControlManager)
kafka1  | 2026-09-25T22:30:04.070982305Z [2026-09-25 22:30:04,070] INFO [QuorumController id=1] Replayed PartitionRecord for new partition __consumer_offsets-21 with topic ID w2caDlcSQY-bJJSbpCk06w and PartitionRegistration(replicas=[3, 2, 1], directories=[raOOhb1PofWlkOr7knf3lw, aVi532WiNDfbBF-6jrUHpA, fM_CM2CHzFPLaSPW0Ctb9Q], isr=[3, 2, 1], removingReplicas=[], addingReplicas=[], elr=[], lastKnownElr=[], leader=3, leaderRecoveryState=RECOVERED, leaderEpoch=0, partitionEpoch=0). (org.apache.kafka.controller.ReplicationControlManager)
kafka1  | 2026-09-25T22:30:04.070984672Z [2026-09-25 22:30:04,070] INFO [QuorumController id=1] Replayed PartitionRecord for new partition __consumer_offsets-22 with topic ID w2caDlcSQY-bJJSbpCk06w and PartitionRegistration(replicas=[2, 1, 3], directories=[aVi532WiNDfbBF-6jrUHpA, fM_CM2CHzFPLaSPW0Ctb9Q, raOOhb1PofWlkOr7knf3lw], isr=[2, 1, 3], removingReplicas=[], addingReplicas=[], elr=[], lastKnownElr=[], leader=2, leaderRecoveryState=RECOVERED, leaderEpoch=0, partitionEpoch=0). (org.apache.kafka.controller.ReplicationControlManager)
kafka1  | 2026-09-25T22:30:04.071018681Z [2026-09-25 22:30:04,070] INFO [QuorumController id=1] Replayed PartitionRecord for new partition __consumer_offsets-23 with topic ID w2caDlcSQY-bJJSbpCk06w and PartitionRegistration(replicas=[1, 3, 2], directories=[fM_CM2CHzFPLaSPW0Ctb9Q, raOOhb1PofWlkOr7knf3lw, aVi532WiNDfbBF-6jrUHpA], isr=[1, 3, 2], removingReplicas=[], addingReplicas=[], elr=[], lastKnownElr=[], leader=1, leaderRecoveryState=RECOVERED, leaderEpoch=0, partitionEpoch=0). (org.apache.kafka.controller.ReplicationControlManager)
kafka1  | 2026-09-25T22:30:04.071203963Z [2026-09-25 22:30:04,071] INFO [QuorumController id=1] Replayed PartitionRecord for new partition __consumer_offsets-24 with topic ID w2caDlcSQY-bJJSbpCk06w and PartitionRegistration(replicas=[2, 3, 1], directories=[aVi532WiNDfbBF-6jrUHpA, raOOhb1PofWlkOr7knf3lw, fM_CM2CHzFPLaSPW0Ctb9Q], isr=[2, 3, 1], removingReplicas=[], addingReplicas=[], elr=[], lastKnownElr=[], leader=2, leaderRecoveryState=RECOVERED, leaderEpoch=0, partitionEpoch=0). (org.apache.kafka.controller.ReplicationControlManager)
kafka1  | 2026-09-25T22:30:04.071420261Z [2026-09-25 22:30:04,071] INFO [QuorumController id=1] Replayed PartitionRecord for new partition __consumer_offsets-25 with topic ID w2caDlcSQY-bJJSbpCk06w and PartitionRegistration(replicas=[3, 1, 2], directories=[raOOhb1PofWlkOr7knf3lw, fM_CM2CHzFPLaSPW0Ctb9Q, aVi532WiNDfbBF-6jrUHpA], isr=[3, 1, 2], removingReplicas=[], addingReplicas=[], elr=[], lastKnownElr=[], leader=3, leaderRecoveryState=RECOVERED, leaderEpoch=0, partitionEpoch=0). (org.apache.kafka.controller.ReplicationControlManager)
kafka1  | 2026-09-25T22:30:04.072167703Z [2026-09-25 22:30:04,071] INFO [QuorumController id=1] Replayed PartitionRecord for new partition __consumer_offsets-26 with topic ID w2caDlcSQY-bJJSbpCk06w and PartitionRegistration(replicas=[1, 2, 3], directories=[fM_CM2CHzFPLaSPW0Ctb9Q, aVi532WiNDfbBF-6jrUHpA, raOOhb1PofWlkOr7knf3lw], isr=[1, 2, 3], removingReplicas=[], addingReplicas=[], elr=[], lastKnownElr=[], leader=1, leaderRecoveryState=RECOVERED, leaderEpoch=0, partitionEpoch=0). (org.apache.kafka.controller.ReplicationControlManager)
kafka1  | 2026-09-25T22:30:04.072192028Z [2026-09-25 22:30:04,071] INFO [QuorumController id=1] Replayed PartitionRecord for new partition __consumer_offsets-27 with topic ID w2caDlcSQY-bJJSbpCk06w and PartitionRegistration(replicas=[2, 1, 3], directories=[aVi532WiNDfbBF-6jrUHpA, fM_CM2CHzFPLaSPW0Ctb9Q, raOOhb1PofWlkOr7knf3lw], isr=[2, 1, 3], removingReplicas=[], addingReplicas=[], elr=[], lastKnownElr=[], leader=2, leaderRecoveryState=RECOVERED, leaderEpoch=0, partitionEpoch=0). (org.apache.kafka.controller.ReplicationControlManager)
kafka1  | 2026-09-25T22:30:04.072195073Z [2026-09-25 22:30:04,071] INFO [Broker id=1] Creating new partition dados-sensores-2 with topic id 6zODIGJVQzKlhQlNLdPLMg. (state.change.logger)
kafka1  | 2026-09-25T22:30:04.072197808Z [2026-09-25 22:30:04,071] INFO [QuorumController id=1] Replayed PartitionRecord for new partition __consumer_offsets-28 with topic ID w2caDlcSQY-bJJSbpCk06w and PartitionRegistration(replicas=[1, 3, 2], directories=[fM_CM2CHzFPLaSPW0Ctb9Q, raOOhb1PofWlkOr7knf3lw, aVi532WiNDfbBF-6jrUHpA], isr=[1, 3, 2], removingReplicas=[], addingReplicas=[], elr=[], lastKnownElr=[], leader=1, leaderRecoveryState=RECOVERED, leaderEpoch=0, partitionEpoch=0). (org.apache.kafka.controller.ReplicationControlManager)
kafka1  | 2026-09-25T22:30:04.072284642Z [2026-09-25 22:30:04,072] INFO [QuorumController id=1] Replayed PartitionRecord for new partition __consumer_offsets-29 with topic ID w2caDlcSQY-bJJSbpCk06w and PartitionRegistration(replicas=[3, 2, 1], directories=[raOOhb1PofWlkOr7knf3lw, aVi532WiNDfbBF-6jrUHpA, fM_CM2CHzFPLaSPW0Ctb9Q], isr=[3, 2, 1], removingReplicas=[], addingReplicas=[], elr=[], lastKnownElr=[], leader=3, leaderRecoveryState=RECOVERED, leaderEpoch=0, partitionEpoch=0). (org.apache.kafka.controller.ReplicationControlManager)
kafka1  | 2026-09-25T22:30:04.075087682Z [2026-09-25 22:30:04,072] INFO [QuorumController id=1] Replayed PartitionRecord for new partition __consumer_offsets-30 with topic ID w2caDlcSQY-bJJSbpCk06w and PartitionRegistration(replicas=[1, 2, 3], directories=[fM_CM2CHzFPLaSPW0Ctb9Q, aVi532WiNDfbBF-6jrUHpA, raOOhb1PofWlkOr7knf3lw], isr=[1, 2, 3], removingReplicas=[], addingReplicas=[], elr=[], lastKnownElr=[], leader=1, leaderRecoveryState=RECOVERED, leaderEpoch=0, partitionEpoch=0). (org.apache.kafka.controller.ReplicationControlManager)
kafka1  | 2026-09-25T22:30:04.075159774Z [2026-09-25 22:30:04,072] INFO [QuorumController id=1] Replayed PartitionRecord for new partition __consumer_offsets-31 with topic ID w2caDlcSQY-bJJSbpCk06w and PartitionRegistration(replicas=[2, 3, 1], directories=[aVi532WiNDfbBF-6jrUHpA, raOOhb1PofWlkOr7knf3lw, fM_CM2CHzFPLaSPW0Ctb9Q], isr=[2, 3, 1], removingReplicas=[], addingReplicas=[], elr=[], lastKnownElr=[], leader=2, leaderRecoveryState=RECOVERED, leaderEpoch=0, partitionEpoch=0). (org.apache.kafka.controller.ReplicationControlManager)
kafka1  | 2026-09-25T22:30:04.075171180Z [2026-09-25 22:30:04,072] INFO [QuorumController id=1] Replayed PartitionRecord for new partition __consumer_offsets-32 with topic ID w2caDlcSQY-bJJSbpCk06w and PartitionRegistration(replicas=[3, 1, 2], directories=[raOOhb1PofWlkOr7knf3lw, fM_CM2CHzFPLaSPW0Ctb9Q, aVi532WiNDfbBF-6jrUHpA], isr=[3, 1, 2], removingReplicas=[], addingReplicas=[], elr=[], lastKnownElr=[], leader=3, leaderRecoveryState=RECOVERED, leaderEpoch=0, partitionEpoch=0). (org.apache.kafka.controller.ReplicationControlManager)
kafka1  | 2026-09-25T22:30:04.075174231Z [2026-09-25 22:30:04,072] INFO [QuorumController id=1] Replayed PartitionRecord for new partition __consumer_offsets-33 with topic ID w2caDlcSQY-bJJSbpCk06w and PartitionRegistration(replicas=[1, 3, 2], directories=[fM_CM2CHzFPLaSPW0Ctb9Q, raOOhb1PofWlkOr7knf3lw, aVi532WiNDfbBF-6jrUHpA], isr=[1, 3, 2], removingReplicas=[], addingReplicas=[], elr=[], lastKnownElr=[], leader=1, leaderRecoveryState=RECOVERED, leaderEpoch=0, partitionEpoch=0). (org.apache.kafka.controller.ReplicationControlManager)
kafka1  | 2026-09-25T22:30:04.075179101Z [2026-09-25 22:30:04,072] INFO [QuorumController id=1] Replayed PartitionRecord for new partition __consumer_offsets-34 with topic ID w2caDlcSQY-bJJSbpCk06w and PartitionRegistration(replicas=[3, 2, 1], directories=[raOOhb1PofWlkOr7knf3lw, aVi532WiNDfbBF-6jrUHpA, fM_CM2CHzFPLaSPW0Ctb9Q], isr=[3, 2, 1], removingReplicas=[], addingReplicas=[], elr=[], lastKnownElr=[], leader=3, leaderRecoveryState=RECOVERED, leaderEpoch=0, partitionEpoch=0). (org.apache.kafka.controller.ReplicationControlManager)
kafka1  | 2026-09-25T22:30:04.075181694Z [2026-09-25 22:30:04,072] INFO [QuorumController id=1] Replayed PartitionRecord for new partition __consumer_offsets-35 with topic ID w2caDlcSQY-bJJSbpCk06w and PartitionRegistration(replicas=[2, 1, 3], directories=[aVi532WiNDfbBF-6jrUHpA, fM_CM2CHzFPLaSPW0Ctb9Q, raOOhb1PofWlkOr7knf3lw], isr=[2, 1, 3], removingReplicas=[], addingReplicas=[], elr=[], lastKnownElr=[], leader=2, leaderRecoveryState=RECOVERED, leaderEpoch=0, partitionEpoch=0). (org.apache.kafka.controller.ReplicationControlManager)
kafka1  | 2026-09-25T22:30:04.075184160Z [2026-09-25 22:30:04,073] INFO [QuorumController id=1] Replayed PartitionRecord for new partition __consumer_offsets-36 with topic ID w2caDlcSQY-bJJSbpCk06w and PartitionRegistration(replicas=[2, 1, 3], directories=[aVi532WiNDfbBF-6jrUHpA, fM_CM2CHzFPLaSPW0Ctb9Q, raOOhb1PofWlkOr7knf3lw], isr=[2, 1, 3], removingReplicas=[], addingReplicas=[], elr=[], lastKnownElr=[], leader=2, leaderRecoveryState=RECOVERED, leaderEpoch=0, partitionEpoch=0). (org.apache.kafka.controller.ReplicationControlManager)
kafka1  | 2026-09-25T22:30:04.075186592Z [2026-09-25 22:30:04,074] INFO [QuorumController id=1] Replayed PartitionRecord for new partition __consumer_offsets-37 with topic ID w2caDlcSQY-bJJSbpCk06w and PartitionRegistration(replicas=[1, 3, 2], directories=[fM_CM2CHzFPLaSPW0Ctb9Q, raOOhb1PofWlkOr7knf3lw, aVi532WiNDfbBF-6jrUHpA], isr=[1, 3, 2], removingReplicas=[], addingReplicas=[], elr=[], lastKnownElr=[], leader=1, leaderRecoveryState=RECOVERED, leaderEpoch=0, partitionEpoch=0). (org.apache.kafka.controller.ReplicationControlManager)
kafka1  | 2026-09-25T22:30:04.075193831Z [2026-09-25 22:30:04,074] INFO [QuorumController id=1] Replayed PartitionRecord for new partition __consumer_offsets-38 with topic ID w2caDlcSQY-bJJSbpCk06w and PartitionRegistration(replicas=[3, 2, 1], directories=[raOOhb1PofWlkOr7knf3lw, aVi532WiNDfbBF-6jrUHpA, fM_CM2CHzFPLaSPW0Ctb9Q], isr=[3, 2, 1], removingReplicas=[], addingReplicas=[], elr=[], lastKnownElr=[], leader=3, leaderRecoveryState=RECOVERED, leaderEpoch=0, partitionEpoch=0). (org.apache.kafka.controller.ReplicationControlManager)
kafka1  | 2026-09-25T22:30:04.075661259Z [2026-09-25 22:30:04,075] INFO [QuorumController id=1] Replayed PartitionRecord for new partition __consumer_offsets-39 with topic ID w2caDlcSQY-bJJSbpCk06w and PartitionRegistration(replicas=[3, 1, 2], directories=[raOOhb1PofWlkOr7knf3lw, fM_CM2CHzFPLaSPW0Ctb9Q, aVi532WiNDfbBF-6jrUHpA], isr=[3, 1, 2], removingReplicas=[], addingReplicas=[], elr=[], lastKnownElr=[], leader=3, leaderRecoveryState=RECOVERED, leaderEpoch=0, partitionEpoch=0). (org.apache.kafka.controller.ReplicationControlManager)
kafka1  | 2026-09-25T22:30:04.075890107Z [2026-09-25 22:30:04,075] INFO [QuorumController id=1] Replayed PartitionRecord for new partition __consumer_offsets-40 with topic ID w2caDlcSQY-bJJSbpCk06w and PartitionRegistration(replicas=[1, 2, 3], directories=[fM_CM2CHzFPLaSPW0Ctb9Q, aVi532WiNDfbBF-6jrUHpA, raOOhb1PofWlkOr7knf3lw], isr=[1, 2, 3], removingReplicas=[], addingReplicas=[], elr=[], lastKnownElr=[], leader=1, leaderRecoveryState=RECOVERED, leaderEpoch=0, partitionEpoch=0). (org.apache.kafka.controller.ReplicationControlManager)
kafka1  | 2026-09-25T22:30:04.076040656Z [2026-09-25 22:30:04,075] INFO [QuorumController id=1] Replayed PartitionRecord for new partition __consumer_offsets-41 with topic ID w2caDlcSQY-bJJSbpCk06w and PartitionRegistration(replicas=[2, 3, 1], directories=[aVi532WiNDfbBF-6jrUHpA, raOOhb1PofWlkOr7knf3lw, fM_CM2CHzFPLaSPW0Ctb9Q], isr=[2, 3, 1], removingReplicas=[], addingReplicas=[], elr=[], lastKnownElr=[], leader=2, leaderRecoveryState=RECOVERED, leaderEpoch=0, partitionEpoch=0). (org.apache.kafka.controller.ReplicationControlManager)
kafka1  | 2026-09-25T22:30:04.077479142Z [2026-09-25 22:30:04,076] INFO [QuorumController id=1] Replayed PartitionRecord for new partition __consumer_offsets-42 with topic ID w2caDlcSQY-bJJSbpCk06w and PartitionRegistration(replicas=[1, 3, 2], directories=[fM_CM2CHzFPLaSPW0Ctb9Q, raOOhb1PofWlkOr7knf3lw, aVi532WiNDfbBF-6jrUHpA], isr=[1, 3, 2], removingReplicas=[], addingReplicas=[], elr=[], lastKnownElr=[], leader=1, leaderRecoveryState=RECOVERED, leaderEpoch=0, partitionEpoch=0). (org.apache.kafka.controller.ReplicationControlManager)
kafka1  | 2026-09-25T22:30:04.078040735Z [2026-09-25 22:30:04,076] INFO [QuorumController id=1] Replayed PartitionRecord for new partition __consumer_offsets-43 with topic ID w2caDlcSQY-bJJSbpCk06w and PartitionRegistration(replicas=[3, 2, 1], directories=[raOOhb1PofWlkOr7knf3lw, aVi532WiNDfbBF-6jrUHpA, fM_CM2CHzFPLaSPW0Ctb9Q], isr=[3, 2, 1], removingReplicas=[], addingReplicas=[], elr=[], lastKnownElr=[], leader=3, leaderRecoveryState=RECOVERED, leaderEpoch=0, partitionEpoch=0). (org.apache.kafka.controller.ReplicationControlManager)
kafka1  | 2026-09-25T22:30:04.078064471Z [2026-09-25 22:30:04,077] INFO [QuorumController id=1] Replayed PartitionRecord for new partition __consumer_offsets-44 with topic ID w2caDlcSQY-bJJSbpCk06w and PartitionRegistration(replicas=[2, 1, 3], directories=[aVi532WiNDfbBF-6jrUHpA, fM_CM2CHzFPLaSPW0Ctb9Q, raOOhb1PofWlkOr7knf3lw], isr=[2, 1, 3], removingReplicas=[], addingReplicas=[], elr=[], lastKnownElr=[], leader=2, leaderRecoveryState=RECOVERED, leaderEpoch=0, partitionEpoch=0). (org.apache.kafka.controller.ReplicationControlManager)
kafka1  | 2026-09-25T22:30:04.080435716Z [2026-09-25 22:30:04,079] INFO [QuorumController id=1] Replayed PartitionRecord for new partition __consumer_offsets-45 with topic ID w2caDlcSQY-bJJSbpCk06w and PartitionRegistration(replicas=[1, 2, 3], directories=[fM_CM2CHzFPLaSPW0Ctb9Q, aVi532WiNDfbBF-6jrUHpA, raOOhb1PofWlkOr7knf3lw], isr=[1, 2, 3], removingReplicas=[], addingReplicas=[], elr=[], lastKnownElr=[], leader=1, leaderRecoveryState=RECOVERED, leaderEpoch=0, partitionEpoch=0). (org.apache.kafka.controller.ReplicationControlManager)
kafka1  | 2026-09-25T22:30:04.081143916Z [2026-09-25 22:30:04,080] INFO [QuorumController id=1] Replayed PartitionRecord for new partition __consumer_offsets-46 with topic ID w2caDlcSQY-bJJSbpCk06w and PartitionRegistration(replicas=[2, 3, 1], directories=[aVi532WiNDfbBF-6jrUHpA, raOOhb1PofWlkOr7knf3lw, fM_CM2CHzFPLaSPW0Ctb9Q], isr=[2, 3, 1], removingReplicas=[], addingReplicas=[], elr=[], lastKnownElr=[], leader=2, leaderRecoveryState=RECOVERED, leaderEpoch=0, partitionEpoch=0). (org.apache.kafka.controller.ReplicationControlManager)
kafka1  | 2026-09-25T22:30:04.081355874Z [2026-09-25 22:30:04,081] INFO [QuorumController id=1] Replayed PartitionRecord for new partition __consumer_offsets-47 with topic ID w2caDlcSQY-bJJSbpCk06w and PartitionRegistration(replicas=[3, 1, 2], directories=[raOOhb1PofWlkOr7knf3lw, fM_CM2CHzFPLaSPW0Ctb9Q, aVi532WiNDfbBF-6jrUHpA], isr=[3, 1, 2], removingReplicas=[], addingReplicas=[], elr=[], lastKnownElr=[], leader=3, leaderRecoveryState=RECOVERED, leaderEpoch=0, partitionEpoch=0). (org.apache.kafka.controller.ReplicationControlManager)
kafka1  | 2026-09-25T22:30:04.081680031Z [2026-09-25 22:30:04,081] INFO [QuorumController id=1] Replayed PartitionRecord for new partition __consumer_offsets-48 with topic ID w2caDlcSQY-bJJSbpCk06w and PartitionRegistration(replicas=[1, 2, 3], directories=[fM_CM2CHzFPLaSPW0Ctb9Q, aVi532WiNDfbBF-6jrUHpA, raOOhb1PofWlkOr7knf3lw], isr=[1, 2, 3], removingReplicas=[], addingReplicas=[], elr=[], lastKnownElr=[], leader=1, leaderRecoveryState=RECOVERED, leaderEpoch=0, partitionEpoch=0). (org.apache.kafka.controller.ReplicationControlManager)
kafka1  | 2026-09-25T22:30:04.082052907Z [2026-09-25 22:30:04,081] INFO [QuorumController id=1] Replayed PartitionRecord for new partition __consumer_offsets-49 with topic ID w2caDlcSQY-bJJSbpCk06w and PartitionRegistration(replicas=[2, 3, 1], directories=[aVi532WiNDfbBF-6jrUHpA, raOOhb1PofWlkOr7knf3lw, fM_CM2CHzFPLaSPW0Ctb9Q], isr=[2, 3, 1], removingReplicas=[], addingReplicas=[], elr=[], lastKnownElr=[], leader=2, leaderRecoveryState=RECOVERED, leaderEpoch=0, partitionEpoch=0). (org.apache.kafka.controller.ReplicationControlManager)
kafka1  | 2026-09-25T22:30:04.083196864Z [2026-09-25 22:30:04,081] INFO [LogLoader partition=dados-sensores-2, dir=/var/lib/kafka/data] Loading producer state till offset 0 with message format version 2 (kafka.log.UnifiedLog$)
kafka1  | 2026-09-25T22:30:04.084788752Z [2026-09-25 22:30:04,084] INFO Created log for partition dados-sensores-2 in /var/lib/kafka/data/dados-sensores-2 with properties {} (kafka.log.LogManager)
kafka1  | 2026-09-25T22:30:04.084889956Z [2026-09-25 22:30:04,084] INFO [Partition dados-sensores-2 broker=1] No checkpointed highwatermark is found for partition dados-sensores-2 (kafka.cluster.Partition)
kafka1  | 2026-09-25T22:30:04.085095978Z [2026-09-25 22:30:04,084] INFO [Partition dados-sensores-2 broker=1] Log loaded for partition dados-sensores-2 with initial high watermark 0 (kafka.cluster.Partition)
kafka1  | 2026-09-25T22:30:04.085345780Z [2026-09-25 22:30:04,085] INFO [Broker id=1] Leader dados-sensores-2 with topic id Some(6zODIGJVQzKlhQlNLdPLMg) starts at leader epoch 0 from offset 0 with partition epoch 0, high watermark 0, ISR [1,2,3], adding replicas [] and removing replicas [] . Previous leader None and previous leader epoch was -1. (state.change.logger)
kafka1  | 2026-09-25T22:30:04.109128596Z [2026-09-25 22:30:04,105] INFO [Broker id=1] Transitioning 4 partition(s) to local followers. (state.change.logger)
kafka1  | 2026-09-25T22:30:04.117355536Z [2026-09-25 22:30:04,116] INFO [Broker id=1] Creating new partition dados-sensores-4 with topic id 6zODIGJVQzKlhQlNLdPLMg. (state.change.logger)
kafka1  | 2026-09-25T22:30:04.145227947Z [2026-09-25 22:30:04,141] INFO [LogLoader partition=dados-sensores-4, dir=/var/lib/kafka/data] Loading producer state till offset 0 with message format version 2 (kafka.log.UnifiedLog$)
kafka1  | 2026-09-25T22:30:04.145996885Z [2026-09-25 22:30:04,145] INFO Created log for partition dados-sensores-4 in /var/lib/kafka/data/dados-sensores-4 with properties {} (kafka.log.LogManager)
kafka1  | 2026-09-25T22:30:04.146261020Z [2026-09-25 22:30:04,145] INFO [Partition dados-sensores-4 broker=1] No checkpointed highwatermark is found for partition dados-sensores-4 (kafka.cluster.Partition)
kafka1  | 2026-09-25T22:30:04.146273901Z [2026-09-25 22:30:04,146] INFO [Partition dados-sensores-4 broker=1] Log loaded for partition dados-sensores-4 with initial high watermark 0 (kafka.cluster.Partition)
kafka1  | 2026-09-25T22:30:04.152613063Z [2026-09-25 22:30:04,152] INFO [Broker id=1] Follower dados-sensores-4 starts at leader epoch 0 from offset 0 with partition epoch 0 and high watermark 0. Current leader is 2. Previous leader Some(2) and previous leader epoch was 0. (state.change.logger)
kafka1  | 2026-09-25T22:30:04.153920306Z [2026-09-25 22:30:04,153] INFO [Broker id=1] Creating new partition dados-sensores-1 with topic id 6zODIGJVQzKlhQlNLdPLMg. (state.change.logger)
kafka1  | 2026-09-25T22:30:04.167150008Z [2026-09-25 22:30:04,163] INFO [LogLoader partition=dados-sensores-1, dir=/var/lib/kafka/data] Loading producer state till offset 0 with message format version 2 (kafka.log.UnifiedLog$)
kafka1  | 2026-09-25T22:30:04.167204523Z [2026-09-25 22:30:04,164] INFO Created log for partition dados-sensores-1 in /var/lib/kafka/data/dados-sensores-1 with properties {} (kafka.log.LogManager)
kafka1  | 2026-09-25T22:30:04.167211099Z [2026-09-25 22:30:04,165] INFO [Partition dados-sensores-1 broker=1] No checkpointed highwatermark is found for partition dados-sensores-1 (kafka.cluster.Partition)
kafka1  | 2026-09-25T22:30:04.167213359Z [2026-09-25 22:30:04,165] INFO [Partition dados-sensores-1 broker=1] Log loaded for partition dados-sensores-1 with initial high watermark 0 (kafka.cluster.Partition)
kafka1  | 2026-09-25T22:30:04.167215255Z [2026-09-25 22:30:04,165] INFO [Broker id=1] Follower dados-sensores-1 starts at leader epoch 0 from offset 0 with partition epoch 0 and high watermark 0. Current leader is 3. Previous leader Some(3) and previous leader epoch was 0. (state.change.logger)
kafka1  | 2026-09-25T22:30:04.167217539Z [2026-09-25 22:30:04,165] INFO [Broker id=1] Creating new partition dados-sensores-0 with topic id 6zODIGJVQzKlhQlNLdPLMg. (state.change.logger)
kafka1  | 2026-09-25T22:30:04.178993076Z [2026-09-25 22:30:04,178] INFO [LogLoader partition=dados-sensores-0, dir=/var/lib/kafka/data] Loading producer state till offset 0 with message format version 2 (kafka.log.UnifiedLog$)
kafka1  | 2026-09-25T22:30:04.181798988Z [2026-09-25 22:30:04,181] INFO Created log for partition dados-sensores-0 in /var/lib/kafka/data/dados-sensores-0 with properties {} (kafka.log.LogManager)
kafka1  | 2026-09-25T22:30:04.181855282Z [2026-09-25 22:30:04,181] INFO [Partition dados-sensores-0 broker=1] No checkpointed highwatermark is found for partition dados-sensores-0 (kafka.cluster.Partition)
kafka1  | 2026-09-25T22:30:04.186290196Z [2026-09-25 22:30:04,181] INFO [Partition dados-sensores-0 broker=1] Log loaded for partition dados-sensores-0 with initial high watermark 0 (kafka.cluster.Partition)
kafka1  | 2026-09-25T22:30:04.186389371Z [2026-09-25 22:30:04,182] INFO [Broker id=1] Follower dados-sensores-0 starts at leader epoch 0 from offset 0 with partition epoch 0 and high watermark 0. Current leader is 2. Previous leader Some(2) and previous leader epoch was 0. (state.change.logger)
kafka1  | 2026-09-25T22:30:04.186399512Z [2026-09-25 22:30:04,182] INFO [Broker id=1] Creating new partition dados-sensores-3 with topic id 6zODIGJVQzKlhQlNLdPLMg. (state.change.logger)
kafka1  | 2026-09-25T22:30:04.190992397Z [2026-09-25 22:30:04,190] INFO [LogLoader partition=dados-sensores-3, dir=/var/lib/kafka/data] Loading producer state till offset 0 with message format version 2 (kafka.log.UnifiedLog$)
kafka1  | 2026-09-25T22:30:04.195362017Z [2026-09-25 22:30:04,193] INFO Created log for partition dados-sensores-3 in /var/lib/kafka/data/dados-sensores-3 with properties {} (kafka.log.LogManager)
kafka1  | 2026-09-25T22:30:04.195430576Z [2026-09-25 22:30:04,194] INFO [Partition dados-sensores-3 broker=1] No checkpointed highwatermark is found for partition dados-sensores-3 (kafka.cluster.Partition)
kafka1  | 2026-09-25T22:30:04.195434900Z [2026-09-25 22:30:04,194] INFO [Partition dados-sensores-3 broker=1] Log loaded for partition dados-sensores-3 with initial high watermark 0 (kafka.cluster.Partition)
kafka1  | 2026-09-25T22:30:04.195788451Z [2026-09-25 22:30:04,195] INFO [Broker id=1] Follower dados-sensores-3 starts at leader epoch 0 from offset 0 with partition epoch 0 and high watermark 0. Current leader is 3. Previous leader Some(3) and previous leader epoch was 0. (state.change.logger)
kafka1  | 2026-09-25T22:30:04.196334784Z [2026-09-25 22:30:04,196] INFO [ReplicaFetcherManager on broker 1] Removed fetcher for partitions Set(dados-sensores-4, dados-sensores-1, dados-sensores-0, dados-sensores-3) (kafka.server.ReplicaFetcherManager)
kafka1  | 2026-09-25T22:30:04.200575774Z [2026-09-25 22:30:04,199] INFO [Broker id=1] Stopped fetchers as part of become-follower for 4 partitions (state.change.logger)
kafka1  | 2026-09-25T22:30:04.235421063Z [2026-09-25 22:30:04,235] INFO [ReplicaFetcherThread-0-3]: Starting (kafka.server.ReplicaFetcherThread)
kafka1  | 2026-09-25T22:30:04.238952617Z [2026-09-25 22:30:04,238] INFO [ReplicaFetcherManager on broker 1] Added fetcher to broker 3 for partitions HashMap(dados-sensores-1 -> InitialFetchState(Some(6zODIGJVQzKlhQlNLdPLMg),BrokerEndPoint(id=3, host=kafka3:9092),0,0), dados-sensores-3 -> InitialFetchState(Some(6zODIGJVQzKlhQlNLdPLMg),BrokerEndPoint(id=3, host=kafka3:9092),0,0)) (kafka.server.ReplicaFetcherManager)
kafka1  | 2026-09-25T22:30:04.246945656Z [2026-09-25 22:30:04,245] INFO [ReplicaFetcher replicaId=1, leaderId=3, fetcherId=0] Truncating partition dados-sensores-1 with TruncationState(offset=0, completed=true) due to local high watermark 0 (kafka.server.ReplicaFetcherThread)
kafka1  | 2026-09-25T22:30:04.248668931Z [2026-09-25 22:30:04,248] INFO [UnifiedLog partition=dados-sensores-1, dir=/var/lib/kafka/data] Truncating to 0 has no effect as the largest offset in the log is -1 (kafka.log.UnifiedLog)
kafka1  | 2026-09-25T22:30:04.252232473Z [2026-09-25 22:30:04,251] INFO [ReplicaFetcher replicaId=1, leaderId=3, fetcherId=0] Truncating partition dados-sensores-3 with TruncationState(offset=0, completed=true) due to local high watermark 0 (kafka.server.ReplicaFetcherThread)
kafka1  | 2026-09-25T22:30:04.252266803Z [2026-09-25 22:30:04,251] INFO [UnifiedLog partition=dados-sensores-3, dir=/var/lib/kafka/data] Truncating to 0 has no effect as the largest offset in the log is -1 (kafka.log.UnifiedLog)
kafka1  | 2026-09-25T22:30:04.260528328Z [2026-09-25 22:30:04,260] INFO [ReplicaFetcherManager on broker 1] Added fetcher to broker 2 for partitions HashMap(dados-sensores-4 -> InitialFetchState(Some(6zODIGJVQzKlhQlNLdPLMg),BrokerEndPoint(id=2, host=kafka2:9092),0,0), dados-sensores-0 -> InitialFetchState(Some(6zODIGJVQzKlhQlNLdPLMg),BrokerEndPoint(id=2, host=kafka2:9092),0,0)) (kafka.server.ReplicaFetcherManager)
kafka1  | 2026-09-25T22:30:04.262205935Z [2026-09-25 22:30:04,260] INFO [Broker id=1] Started fetchers as part of become-follower for 4 partitions (state.change.logger)
kafka1  | 2026-09-25T22:30:04.262215213Z [2026-09-25 22:30:04,261] INFO [ReplicaFetcherThread-0-2]: Starting (kafka.server.ReplicaFetcherThread)
kafka1  | 2026-09-25T22:30:04.262250495Z [2026-09-25 22:30:04,262] INFO [ReplicaFetcher replicaId=1, leaderId=2, fetcherId=0] Truncating partition dados-sensores-4 with TruncationState(offset=0, completed=true) due to local high watermark 0 (kafka.server.ReplicaFetcherThread)
kafka1  | 2026-09-25T22:30:04.267222373Z [2026-09-25 22:30:04,266] INFO [UnifiedLog partition=dados-sensores-4, dir=/var/lib/kafka/data] Truncating to 0 has no effect as the largest offset in the log is -1 (kafka.log.UnifiedLog)
kafka1  | 2026-09-25T22:30:04.267609328Z [2026-09-25 22:30:04,267] INFO [ReplicaFetcher replicaId=1, leaderId=2, fetcherId=0] Truncating partition dados-sensores-0 with TruncationState(offset=0, completed=true) due to local high watermark 0 (kafka.server.ReplicaFetcherThread)
kafka1  | 2026-09-25T22:30:04.268080609Z [2026-09-25 22:30:04,267] INFO [UnifiedLog partition=dados-sensores-0, dir=/var/lib/kafka/data] Truncating to 0 has no effect as the largest offset in the log is -1 (kafka.log.UnifiedLog)
kafka1  | 2026-09-25T22:30:04.327202229Z [2026-09-25 22:30:04,326] INFO [Broker id=1] Transitioning 17 partition(s) to local leaders. (state.change.logger)
kafka1  | 2026-09-25T22:30:04.336290263Z [2026-09-25 22:30:04,335] INFO [ReplicaFetcherManager on broker 1] Removed fetcher for partitions Set(__consumer_offsets-16, __consumer_offsets-48, __consumer_offsets-13, __consumer_offsets-45, __consumer_offsets-10, __consumer_offsets-42, __consumer_offsets-23, __consumer_offsets-20, __consumer_offsets-0, __consumer_offsets-30, __consumer_offsets-28, __consumer_offsets-26, __consumer_offsets-40, __consumer_offsets-5, __consumer_offsets-37, __consumer_offsets-6, __consumer_offsets-33) (kafka.server.ReplicaFetcherManager)
kafka1  | 2026-09-25T22:30:04.336413547Z [2026-09-25 22:30:04,336] INFO [Broker id=1] Creating new partition __consumer_offsets-16 with topic id w2caDlcSQY-bJJSbpCk06w. (state.change.logger)
kafka1  | 2026-09-25T22:30:04.348475641Z [2026-09-25 22:30:04,348] INFO [LogLoader partition=__consumer_offsets-16, dir=/var/lib/kafka/data] Loading producer state till offset 0 with message format version 2 (kafka.log.UnifiedLog$)
kafka1  | 2026-09-25T22:30:04.351721915Z [2026-09-25 22:30:04,351] INFO Created log for partition __consumer_offsets-16 in /var/lib/kafka/data/__consumer_offsets-16 with properties {cleanup.policy=compact, compression.type="producer", segment.bytes=104857600} (kafka.log.LogManager)
kafka1  | 2026-09-25T22:30:04.353250101Z [2026-09-25 22:30:04,352] INFO [Partition __consumer_offsets-16 broker=1] No checkpointed highwatermark is found for partition __consumer_offsets-16 (kafka.cluster.Partition)
kafka1  | 2026-09-25T22:30:04.353285336Z [2026-09-25 22:30:04,352] INFO [Partition __consumer_offsets-16 broker=1] Log loaded for partition __consumer_offsets-16 with initial high watermark 0 (kafka.cluster.Partition)
kafka1  | 2026-09-25T22:30:04.353289286Z [2026-09-25 22:30:04,352] INFO [Broker id=1] Leader __consumer_offsets-16 with topic id Some(w2caDlcSQY-bJJSbpCk06w) starts at leader epoch 0 from offset 0 with partition epoch 0, high watermark 0, ISR [1,2,3], adding replicas [] and removing replicas [] . Previous leader None and previous leader epoch was -1. (state.change.logger)
kafka1  | 2026-09-25T22:30:04.375043693Z [2026-09-25 22:30:04,365] INFO [Broker id=1] Creating new partition __consumer_offsets-48 with topic id w2caDlcSQY-bJJSbpCk06w. (state.change.logger)
kafka1  | 2026-09-25T22:30:04.377651232Z [2026-09-25 22:30:04,377] INFO [LogLoader partition=__consumer_offsets-48, dir=/var/lib/kafka/data] Loading producer state till offset 0 with message format version 2 (kafka.log.UnifiedLog$)
kafka1  | 2026-09-25T22:30:04.379098597Z [2026-09-25 22:30:04,378] INFO Created log for partition __consumer_offsets-48 in /var/lib/kafka/data/__consumer_offsets-48 with properties {cleanup.policy=compact, compression.type="producer", segment.bytes=104857600} (kafka.log.LogManager)
kafka1  | 2026-09-25T22:30:04.380827339Z [2026-09-25 22:30:04,379] INFO [Partition __consumer_offsets-48 broker=1] No checkpointed highwatermark is found for partition __consumer_offsets-48 (kafka.cluster.Partition)
kafka1  | 2026-09-25T22:30:04.381770169Z [2026-09-25 22:30:04,381] INFO [Partition __consumer_offsets-48 broker=1] Log loaded for partition __consumer_offsets-48 with initial high watermark 0 (kafka.cluster.Partition)
kafka1  | 2026-09-25T22:30:04.382413571Z [2026-09-25 22:30:04,382] INFO [Broker id=1] Leader __consumer_offsets-48 with topic id Some(w2caDlcSQY-bJJSbpCk06w) starts at leader epoch 0 from offset 0 with partition epoch 0, high watermark 0, ISR [1,2,3], adding replicas [] and removing replicas [] . Previous leader None and previous leader epoch was -1. (state.change.logger)
kafka1  | 2026-09-25T22:30:04.393825131Z [2026-09-25 22:30:04,393] INFO [Broker id=1] Creating new partition __consumer_offsets-13 with topic id w2caDlcSQY-bJJSbpCk06w. (state.change.logger)
kafka1  | 2026-09-25T22:30:04.403283466Z [2026-09-25 22:30:04,402] INFO [LogLoader partition=__consumer_offsets-13, dir=/var/lib/kafka/data] Loading producer state till offset 0 with message format version 2 (kafka.log.UnifiedLog$)
kafka1  | 2026-09-25T22:30:04.404942718Z [2026-09-25 22:30:04,404] INFO Created log for partition __consumer_offsets-13 in /var/lib/kafka/data/__consumer_offsets-13 with properties {cleanup.policy=compact, compression.type="producer", segment.bytes=104857600} (kafka.log.LogManager)
kafka1  | 2026-09-25T22:30:04.405925549Z [2026-09-25 22:30:04,405] INFO [Partition __consumer_offsets-13 broker=1] No checkpointed highwatermark is found for partition __consumer_offsets-13 (kafka.cluster.Partition)
kafka1  | 2026-09-25T22:30:04.409396269Z [2026-09-25 22:30:04,408] INFO [Partition __consumer_offsets-13 broker=1] Log loaded for partition __consumer_offsets-13 with initial high watermark 0 (kafka.cluster.Partition)
kafka1  | 2026-09-25T22:30:04.409731134Z [2026-09-25 22:30:04,409] INFO [Broker id=1] Leader __consumer_offsets-13 with topic id Some(w2caDlcSQY-bJJSbpCk06w) starts at leader epoch 0 from offset 0 with partition epoch 0, high watermark 0, ISR [1,2,3], adding replicas [] and removing replicas [] . Previous leader None and previous leader epoch was -1. (state.change.logger)
kafka1  | 2026-09-25T22:30:04.422101222Z [2026-09-25 22:30:04,419] INFO [Broker id=1] Creating new partition __consumer_offsets-45 with topic id w2caDlcSQY-bJJSbpCk06w. (state.change.logger)
kafka1  | 2026-09-25T22:30:04.428802426Z [2026-09-25 22:30:04,428] INFO [LogLoader partition=__consumer_offsets-45, dir=/var/lib/kafka/data] Loading producer state till offset 0 with message format version 2 (kafka.log.UnifiedLog$)
kafka1  | 2026-09-25T22:30:04.431674360Z [2026-09-25 22:30:04,431] INFO Created log for partition __consumer_offsets-45 in /var/lib/kafka/data/__consumer_offsets-45 with properties {cleanup.policy=compact, compression.type="producer", segment.bytes=104857600} (kafka.log.LogManager)
kafka1  | 2026-09-25T22:30:04.431718303Z [2026-09-25 22:30:04,431] INFO [Partition __consumer_offsets-45 broker=1] No checkpointed highwatermark is found for partition __consumer_offsets-45 (kafka.cluster.Partition)
kafka1  | 2026-09-25T22:30:04.431762954Z [2026-09-25 22:30:04,431] INFO [Partition __consumer_offsets-45 broker=1] Log loaded for partition __consumer_offsets-45 with initial high watermark 0 (kafka.cluster.Partition)
kafka1  | 2026-09-25T22:30:04.432245771Z [2026-09-25 22:30:04,431] INFO [Broker id=1] Leader __consumer_offsets-45 with topic id Some(w2caDlcSQY-bJJSbpCk06w) starts at leader epoch 0 from offset 0 with partition epoch 0, high watermark 0, ISR [1,2,3], adding replicas [] and removing replicas [] . Previous leader None and previous leader epoch was -1. (state.change.logger)
kafka1  | 2026-09-25T22:30:04.441905031Z [2026-09-25 22:30:04,441] INFO [Broker id=1] Creating new partition __consumer_offsets-10 with topic id w2caDlcSQY-bJJSbpCk06w. (state.change.logger)
kafka1  | 2026-09-25T22:30:04.447626540Z [2026-09-25 22:30:04,447] INFO [LogLoader partition=__consumer_offsets-10, dir=/var/lib/kafka/data] Loading producer state till offset 0 with message format version 2 (kafka.log.UnifiedLog$)
kafka1  | 2026-09-25T22:30:04.448838859Z [2026-09-25 22:30:04,448] INFO Created log for partition __consumer_offsets-10 in /var/lib/kafka/data/__consumer_offsets-10 with properties {cleanup.policy=compact, compression.type="producer", segment.bytes=104857600} (kafka.log.LogManager)
kafka1  | 2026-09-25T22:30:04.448864555Z [2026-09-25 22:30:04,448] INFO [Partition __consumer_offsets-10 broker=1] No checkpointed highwatermark is found for partition __consumer_offsets-10 (kafka.cluster.Partition)
kafka1  | 2026-09-25T22:30:04.449052604Z [2026-09-25 22:30:04,448] INFO [Partition __consumer_offsets-10 broker=1] Log loaded for partition __consumer_offsets-10 with initial high watermark 0 (kafka.cluster.Partition)
kafka1  | 2026-09-25T22:30:04.449319520Z [2026-09-25 22:30:04,449] INFO [Broker id=1] Leader __consumer_offsets-10 with topic id Some(w2caDlcSQY-bJJSbpCk06w) starts at leader epoch 0 from offset 0 with partition epoch 0, high watermark 0, ISR [1,3,2], adding replicas [] and removing replicas [] . Previous leader None and previous leader epoch was -1. (state.change.logger)
kafka1  | 2026-09-25T22:30:04.457021575Z [2026-09-25 22:30:04,456] INFO [Broker id=1] Creating new partition __consumer_offsets-42 with topic id w2caDlcSQY-bJJSbpCk06w. (state.change.logger)
kafka3  | 2026-09-25T22:30:03.482964004Z 	transaction.state.log.num.partitions = 50
kafka3  | 2026-09-25T22:30:03.482965210Z 	transaction.state.log.replication.factor = 3
kafka3  | 2026-09-25T22:30:03.482966345Z 	transaction.state.log.segment.bytes = 104857600
kafka3  | 2026-09-25T22:30:03.482967595Z 	transactional.id.expiration.ms = 604800000
kafka3  | 2026-09-25T22:30:03.482968984Z 	unclean.leader.election.enable = false
kafka3  | 2026-09-25T22:30:03.482970303Z 	unstable.api.versions.enable = false
kafka3  | 2026-09-25T22:30:03.482971496Z 	unstable.metadata.versions.enable = false
kafka3  | 2026-09-25T22:30:03.482972624Z 	zookeeper.clientCnxnSocket = null
kafka3  | 2026-09-25T22:30:03.482973797Z 	zookeeper.connect = 
kafka3  | 2026-09-25T22:30:03.482975085Z 	zookeeper.connection.timeout.ms = null
kafka3  | 2026-09-25T22:30:03.482976217Z 	zookeeper.max.in.flight.requests = 10
kafka3  | 2026-09-25T22:30:03.482977485Z 	zookeeper.metadata.migration.enable = false
kafka3  | 2026-09-25T22:30:03.482978758Z 	zookeeper.metadata.migration.min.batch.size = 200
kafka3  | 2026-09-25T22:30:03.482980064Z 	zookeeper.session.timeout.ms = 18000
kafka3  | 2026-09-25T22:30:03.482981147Z 	zookeeper.set.acl = false
kafka3  | 2026-09-25T22:30:03.482982886Z 	zookeeper.ssl.cipher.suites = null
kafka3  | 2026-09-25T22:30:03.482984374Z 	zookeeper.ssl.client.enable = false
kafka3  | 2026-09-25T22:30:03.482985500Z 	zookeeper.ssl.crl.enable = false
kafka1  | 2026-09-25T22:30:04.465564961Z [2026-09-25 22:30:04,465] INFO [LogLoader partition=__consumer_offsets-42, dir=/var/lib/kafka/data] Loading producer state till offset 0 with message format version 2 (kafka.log.UnifiedLog$)
kafka1  | 2026-09-25T22:30:04.467249991Z [2026-09-25 22:30:04,466] INFO Created log for partition __consumer_offsets-42 in /var/lib/kafka/data/__consumer_offsets-42 with properties {cleanup.policy=compact, compression.type="producer", segment.bytes=104857600} (kafka.log.LogManager)
kafka1  | 2026-09-25T22:30:04.467379308Z [2026-09-25 22:30:04,467] INFO [Partition __consumer_offsets-42 broker=1] No checkpointed highwatermark is found for partition __consumer_offsets-42 (kafka.cluster.Partition)
kafka1  | 2026-09-25T22:30:04.467692136Z [2026-09-25 22:30:04,467] INFO [Partition __consumer_offsets-42 broker=1] Log loaded for partition __consumer_offsets-42 with initial high watermark 0 (kafka.cluster.Partition)
kafka1  | 2026-09-25T22:30:04.467973125Z [2026-09-25 22:30:04,467] INFO [Broker id=1] Leader __consumer_offsets-42 with topic id Some(w2caDlcSQY-bJJSbpCk06w) starts at leader epoch 0 from offset 0 with partition epoch 0, high watermark 0, ISR [1,3,2], adding replicas [] and removing replicas [] . Previous leader None and previous leader epoch was -1. (state.change.logger)
kafka1  | 2026-09-25T22:30:04.481381288Z [2026-09-25 22:30:04,480] INFO [Broker id=1] Creating new partition __consumer_offsets-23 with topic id w2caDlcSQY-bJJSbpCk06w. (state.change.logger)
kafka1  | 2026-09-25T22:30:04.489016039Z [2026-09-25 22:30:04,488] INFO [LogLoader partition=__consumer_offsets-23, dir=/var/lib/kafka/data] Loading producer state till offset 0 with message format version 2 (kafka.log.UnifiedLog$)
kafka1  | 2026-09-25T22:30:04.492194033Z [2026-09-25 22:30:04,491] INFO Created log for partition __consumer_offsets-23 in /var/lib/kafka/data/__consumer_offsets-23 with properties {cleanup.policy=compact, compression.type="producer", segment.bytes=104857600} (kafka.log.LogManager)
kafka1  | 2026-09-25T22:30:04.492243611Z [2026-09-25 22:30:04,491] INFO [Partition __consumer_offsets-23 broker=1] No checkpointed highwatermark is found for partition __consumer_offsets-23 (kafka.cluster.Partition)
kafka1  | 2026-09-25T22:30:04.492256642Z [2026-09-25 22:30:04,492] INFO [Partition __consumer_offsets-23 broker=1] Log loaded for partition __consumer_offsets-23 with initial high watermark 0 (kafka.cluster.Partition)
kafka1  | 2026-09-25T22:30:04.492587864Z [2026-09-25 22:30:04,492] INFO [Broker id=1] Leader __consumer_offsets-23 with topic id Some(w2caDlcSQY-bJJSbpCk06w) starts at leader epoch 0 from offset 0 with partition epoch 0, high watermark 0, ISR [1,3,2], adding replicas [] and removing replicas [] . Previous leader None and previous leader epoch was -1. (state.change.logger)
kafka1  | 2026-09-25T22:30:04.503835616Z [2026-09-25 22:30:04,503] INFO [Broker id=1] Creating new partition __consumer_offsets-20 with topic id w2caDlcSQY-bJJSbpCk06w. (state.change.logger)
kafka1  | 2026-09-25T22:30:04.515554557Z [2026-09-25 22:30:04,512] INFO [LogLoader partition=__consumer_offsets-20, dir=/var/lib/kafka/data] Loading producer state till offset 0 with message format version 2 (kafka.log.UnifiedLog$)
kafka1  | 2026-09-25T22:30:04.520606304Z [2026-09-25 22:30:04,520] INFO Created log for partition __consumer_offsets-20 in /var/lib/kafka/data/__consumer_offsets-20 with properties {cleanup.policy=compact, compression.type="producer", segment.bytes=104857600} (kafka.log.LogManager)
kafka1  | 2026-09-25T22:30:04.521500322Z [2026-09-25 22:30:04,520] INFO [Partition __consumer_offsets-20 broker=1] No checkpointed highwatermark is found for partition __consumer_offsets-20 (kafka.cluster.Partition)
kafka1  | 2026-09-25T22:30:04.521632359Z [2026-09-25 22:30:04,521] INFO [Partition __consumer_offsets-20 broker=1] Log loaded for partition __consumer_offsets-20 with initial high watermark 0 (kafka.cluster.Partition)
kafka1  | 2026-09-25T22:30:04.522184971Z [2026-09-25 22:30:04,521] INFO [Broker id=1] Leader __consumer_offsets-20 with topic id Some(w2caDlcSQY-bJJSbpCk06w) starts at leader epoch 0 from offset 0 with partition epoch 0, high watermark 0, ISR [1,3,2], adding replicas [] and removing replicas [] . Previous leader None and previous leader epoch was -1. (state.change.logger)
kafka1  | 2026-09-25T22:30:04.533171481Z [2026-09-25 22:30:04,532] INFO [Broker id=1] Creating new partition __consumer_offsets-0 with topic id w2caDlcSQY-bJJSbpCk06w. (state.change.logger)
kafka1  | 2026-09-25T22:30:04.545640740Z [2026-09-25 22:30:04,544] INFO [LogLoader partition=__consumer_offsets-0, dir=/var/lib/kafka/data] Loading producer state till offset 0 with message format version 2 (kafka.log.UnifiedLog$)
kafka1  | 2026-09-25T22:30:04.547498696Z [2026-09-25 22:30:04,547] INFO Created log for partition __consumer_offsets-0 in /var/lib/kafka/data/__consumer_offsets-0 with properties {cleanup.policy=compact, compression.type="producer", segment.bytes=104857600} (kafka.log.LogManager)
kafka1  | 2026-09-25T22:30:04.547660349Z [2026-09-25 22:30:04,547] INFO [Partition __consumer_offsets-0 broker=1] No checkpointed highwatermark is found for partition __consumer_offsets-0 (kafka.cluster.Partition)
kafka1  | 2026-09-25T22:30:04.547978482Z [2026-09-25 22:30:04,547] INFO [Partition __consumer_offsets-0 broker=1] Log loaded for partition __consumer_offsets-0 with initial high watermark 0 (kafka.cluster.Partition)
kafka1  | 2026-09-25T22:30:04.549637209Z [2026-09-25 22:30:04,548] INFO [Broker id=1] Leader __consumer_offsets-0 with topic id Some(w2caDlcSQY-bJJSbpCk06w) starts at leader epoch 0 from offset 0 with partition epoch 0, high watermark 0, ISR [1,2,3], adding replicas [] and removing replicas [] . Previous leader None and previous leader epoch was -1. (state.change.logger)
kafka1  | 2026-09-25T22:30:04.564452892Z [2026-09-25 22:30:04,562] INFO [Broker id=1] Creating new partition __consumer_offsets-30 with topic id w2caDlcSQY-bJJSbpCk06w. (state.change.logger)
kafka1  | 2026-09-25T22:30:04.571970260Z [2026-09-25 22:30:04,571] INFO [LogLoader partition=__consumer_offsets-30, dir=/var/lib/kafka/data] Loading producer state till offset 0 with message format version 2 (kafka.log.UnifiedLog$)
kafka1  | 2026-09-25T22:30:04.574631355Z [2026-09-25 22:30:04,574] INFO Created log for partition __consumer_offsets-30 in /var/lib/kafka/data/__consumer_offsets-30 with properties {cleanup.policy=compact, compression.type="producer", segment.bytes=104857600} (kafka.log.LogManager)
kafka1  | 2026-09-25T22:30:04.574803734Z [2026-09-25 22:30:04,574] INFO [Partition __consumer_offsets-30 broker=1] No checkpointed highwatermark is found for partition __consumer_offsets-30 (kafka.cluster.Partition)
kafka1  | 2026-09-25T22:30:04.575167497Z [2026-09-25 22:30:04,574] INFO [Partition __consumer_offsets-30 broker=1] Log loaded for partition __consumer_offsets-30 with initial high watermark 0 (kafka.cluster.Partition)
kafka1  | 2026-09-25T22:30:04.575520234Z [2026-09-25 22:30:04,575] INFO [Broker id=1] Leader __consumer_offsets-30 with topic id Some(w2caDlcSQY-bJJSbpCk06w) starts at leader epoch 0 from offset 0 with partition epoch 0, high watermark 0, ISR [1,2,3], adding replicas [] and removing replicas [] . Previous leader None and previous leader epoch was -1. (state.change.logger)
kafka1  | 2026-09-25T22:30:04.586323684Z [2026-09-25 22:30:04,585] INFO [Broker id=1] Creating new partition __consumer_offsets-28 with topic id w2caDlcSQY-bJJSbpCk06w. (state.change.logger)
kafka1  | 2026-09-25T22:30:04.593138802Z [2026-09-25 22:30:04,592] INFO [LogLoader partition=__consumer_offsets-28, dir=/var/lib/kafka/data] Loading producer state till offset 0 with message format version 2 (kafka.log.UnifiedLog$)
kafka1  | 2026-09-25T22:30:04.594413758Z [2026-09-25 22:30:04,594] INFO Created log for partition __consumer_offsets-28 in /var/lib/kafka/data/__consumer_offsets-28 with properties {cleanup.policy=compact, compression.type="producer", segment.bytes=104857600} (kafka.log.LogManager)
kafka1  | 2026-09-25T22:30:04.594442701Z [2026-09-25 22:30:04,594] INFO [Partition __consumer_offsets-28 broker=1] No checkpointed highwatermark is found for partition __consumer_offsets-28 (kafka.cluster.Partition)
kafka1  | 2026-09-25T22:30:04.594666800Z [2026-09-25 22:30:04,594] INFO [Partition __consumer_offsets-28 broker=1] Log loaded for partition __consumer_offsets-28 with initial high watermark 0 (kafka.cluster.Partition)
kafka1  | 2026-09-25T22:30:04.594981279Z [2026-09-25 22:30:04,594] INFO [Broker id=1] Leader __consumer_offsets-28 with topic id Some(w2caDlcSQY-bJJSbpCk06w) starts at leader epoch 0 from offset 0 with partition epoch 0, high watermark 0, ISR [1,3,2], adding replicas [] and removing replicas [] . Previous leader None and previous leader epoch was -1. (state.change.logger)
kafka1  | 2026-09-25T22:30:04.604552261Z [2026-09-25 22:30:04,604] INFO [Broker id=1] Creating new partition __consumer_offsets-26 with topic id w2caDlcSQY-bJJSbpCk06w. (state.change.logger)
kafka1  | 2026-09-25T22:30:04.615019958Z [2026-09-25 22:30:04,612] INFO [LogLoader partition=__consumer_offsets-26, dir=/var/lib/kafka/data] Loading producer state till offset 0 with message format version 2 (kafka.log.UnifiedLog$)
kafka1  | 2026-09-25T22:30:04.615067299Z [2026-09-25 22:30:04,614] INFO Created log for partition __consumer_offsets-26 in /var/lib/kafka/data/__consumer_offsets-26 with properties {cleanup.policy=compact, compression.type="producer", segment.bytes=104857600} (kafka.log.LogManager)
kafka1  | 2026-09-25T22:30:04.615076655Z [2026-09-25 22:30:04,614] INFO [Partition __consumer_offsets-26 broker=1] No checkpointed highwatermark is found for partition __consumer_offsets-26 (kafka.cluster.Partition)
kafka1  | 2026-09-25T22:30:04.615082122Z [2026-09-25 22:30:04,614] INFO [Partition __consumer_offsets-26 broker=1] Log loaded for partition __consumer_offsets-26 with initial high watermark 0 (kafka.cluster.Partition)
kafka1  | 2026-09-25T22:30:04.615821761Z [2026-09-25 22:30:04,615] INFO [Broker id=1] Leader __consumer_offsets-26 with topic id Some(w2caDlcSQY-bJJSbpCk06w) starts at leader epoch 0 from offset 0 with partition epoch 0, high watermark 0, ISR [1,2,3], adding replicas [] and removing replicas [] . Previous leader None and previous leader epoch was -1. (state.change.logger)
kafka1  | 2026-09-25T22:30:04.629901630Z [2026-09-25 22:30:04,629] INFO [Broker id=1] Creating new partition __consumer_offsets-40 with topic id w2caDlcSQY-bJJSbpCk06w. (state.change.logger)
kafka3  | 2026-09-25T22:30:03.482986697Z 	zookeeper.ssl.enabled.protocols = null
kafka3  | 2026-09-25T22:30:03.482987993Z 	zookeeper.ssl.endpoint.identification.algorithm = HTTPS
kafka3  | 2026-09-25T22:30:03.482989207Z 	zookeeper.ssl.keystore.location = null
kafka3  | 2026-09-25T22:30:03.482990241Z 	zookeeper.ssl.keystore.password = null
kafka3  | 2026-09-25T22:30:03.482991387Z 	zookeeper.ssl.keystore.type = null
kafka3  | 2026-09-25T22:30:03.482992564Z 	zookeeper.ssl.ocsp.enable = false
kafka3  | 2026-09-25T22:30:03.482996178Z 	zookeeper.ssl.protocol = TLSv1.2
kafka3  | 2026-09-25T22:30:03.482997847Z 	zookeeper.ssl.truststore.location = null
kafka3  | 2026-09-25T22:30:03.482999328Z 	zookeeper.ssl.truststore.password = null
kafka3  | 2026-09-25T22:30:03.483000797Z 	zookeeper.ssl.truststore.type = null
kafka3  | 2026-09-25T22:30:03.483001980Z  (kafka.server.KafkaConfig)
kafka3  | 2026-09-25T22:30:03.486442439Z [2026-09-25 22:30:03,486] INFO [BrokerServer id=3] Waiting for the broker to be unfenced (kafka.server.BrokerServer)
kafka3  | 2026-09-25T22:30:03.529914723Z [2026-09-25 22:30:03,529] INFO [BrokerLifecycleManager id=3] The broker has been unfenced. Transitioning from RECOVERY to RUNNING. (kafka.server.BrokerLifecycleManager)
kafka3  | 2026-09-25T22:30:03.529934846Z [2026-09-25 22:30:03,529] INFO [BrokerServer id=3] Finished waiting for the broker to be unfenced (kafka.server.BrokerServer)
kafka3  | 2026-09-25T22:30:03.530959269Z [2026-09-25 22:30:03,530] INFO authorizerStart completed for endpoint EXTERNAL. Endpoint is now READY. (org.apache.kafka.server.network.EndpointReadyFutures)
kafka3  | 2026-09-25T22:30:03.530992856Z [2026-09-25 22:30:03,530] INFO authorizerStart completed for endpoint PLAINTEXT. Endpoint is now READY. (org.apache.kafka.server.network.EndpointReadyFutures)
kafka3  | 2026-09-25T22:30:03.531321137Z [2026-09-25 22:30:03,531] INFO [SocketServer listenerType=BROKER, nodeId=3] Enabling request processing. (kafka.network.SocketServer)
kafka3  | 2026-09-25T22:30:03.531697152Z [2026-09-25 22:30:03,531] INFO Awaiting socket connections on kafka3:9092. (kafka.network.DataPlaneAcceptor)
kafka3  | 2026-09-25T22:30:03.534472507Z [2026-09-25 22:30:03,534] INFO Awaiting socket connections on 0.0.0.0:39092. (kafka.network.DataPlaneAcceptor)
kafka3  | 2026-09-25T22:30:03.537579878Z [2026-09-25 22:30:03,537] INFO [BrokerServer id=3] Waiting for all of the authorizer futures to be completed (kafka.server.BrokerServer)
kafka3  | 2026-09-25T22:30:03.537614378Z [2026-09-25 22:30:03,537] INFO [BrokerServer id=3] Finished waiting for all of the authorizer futures to be completed (kafka.server.BrokerServer)
kafka3  | 2026-09-25T22:30:03.537619257Z [2026-09-25 22:30:03,537] INFO [BrokerServer id=3] Waiting for all of the SocketServer Acceptors to be started (kafka.server.BrokerServer)
kafka3  | 2026-09-25T22:30:03.537622718Z [2026-09-25 22:30:03,537] INFO [BrokerServer id=3] Finished waiting for all of the SocketServer Acceptors to be started (kafka.server.BrokerServer)
kafka2  | 2026-09-25T22:30:03.870319442Z [2026-09-25 22:30:03,870] INFO [Partition dados-sensores-5 broker=2] No checkpointed highwatermark is found for partition dados-sensores-5 (kafka.cluster.Partition)
kafka2  | 2026-09-25T22:30:03.870627994Z [2026-09-25 22:30:03,870] INFO [Partition dados-sensores-5 broker=2] Log loaded for partition dados-sensores-5 with initial high watermark 0 (kafka.cluster.Partition)
kafka2  | 2026-09-25T22:30:03.870890503Z [2026-09-25 22:30:03,870] INFO [QuorumController id=2] CreateTopics result(s): CreatableTopic(name='__consumer_offsets', numPartitions=50, replicationFactor=3, assignments=[], configs=[CreateableTopicConfig(name='compression.type', value='producer'), CreateableTopicConfig(name='cleanup.policy', value='compact'), CreateableTopicConfig(name='segment.bytes', value='104857600')]): SUCCESS (org.apache.kafka.controller.ReplicationControlManager)
kafka2  | 2026-09-25T22:30:03.871169310Z [2026-09-25 22:30:03,870] INFO [QuorumController id=2] Replayed TopicRecord for topic __consumer_offsets with topic ID w2caDlcSQY-bJJSbpCk06w. (org.apache.kafka.controller.ReplicationControlManager)
kafka2  | 2026-09-25T22:30:03.871486206Z [2026-09-25 22:30:03,871] INFO [QuorumController id=2] Replayed ConfigRecord for ConfigResource(type=TOPIC, name='__consumer_offsets') which set configuration compression.type to producer (org.apache.kafka.controller.ConfigurationControlManager)
kafka2  | 2026-09-25T22:30:03.871499682Z [2026-09-25 22:30:03,871] INFO [QuorumController id=2] Replayed ConfigRecord for ConfigResource(type=TOPIC, name='__consumer_offsets') which set configuration cleanup.policy to compact (org.apache.kafka.controller.ConfigurationControlManager)
kafka2  | 2026-09-25T22:30:03.871502574Z [2026-09-25 22:30:03,871] INFO [QuorumController id=2] Replayed ConfigRecord for ConfigResource(type=TOPIC, name='__consumer_offsets') which set configuration segment.bytes to 104857600 (org.apache.kafka.controller.ConfigurationControlManager)
kafka2  | 2026-09-25T22:30:03.871643246Z [2026-09-25 22:30:03,871] INFO [QuorumController id=2] Replayed PartitionRecord for new partition __consumer_offsets-0 with topic ID w2caDlcSQY-bJJSbpCk06w and PartitionRegistration(replicas=[1, 2, 3], directories=[fM_CM2CHzFPLaSPW0Ctb9Q, aVi532WiNDfbBF-6jrUHpA, raOOhb1PofWlkOr7knf3lw], isr=[1, 2, 3], removingReplicas=[], addingReplicas=[], elr=[], lastKnownElr=[], leader=1, leaderRecoveryState=RECOVERED, leaderEpoch=0, partitionEpoch=0). (org.apache.kafka.controller.ReplicationControlManager)
kafka2  | 2026-09-25T22:30:03.872000111Z [2026-09-25 22:30:03,871] INFO [QuorumController id=2] Replayed PartitionRecord for new partition __consumer_offsets-1 with topic ID w2caDlcSQY-bJJSbpCk06w and PartitionRegistration(replicas=[2, 3, 1], directories=[aVi532WiNDfbBF-6jrUHpA, raOOhb1PofWlkOr7knf3lw, fM_CM2CHzFPLaSPW0Ctb9Q], isr=[2, 3, 1], removingReplicas=[], addingReplicas=[], elr=[], lastKnownElr=[], leader=2, leaderRecoveryState=RECOVERED, leaderEpoch=0, partitionEpoch=0). (org.apache.kafka.controller.ReplicationControlManager)
kafka2  | 2026-09-25T22:30:03.872293943Z [2026-09-25 22:30:03,871] INFO [QuorumController id=2] Replayed PartitionRecord for new partition __consumer_offsets-2 with topic ID w2caDlcSQY-bJJSbpCk06w and PartitionRegistration(replicas=[3, 1, 2], directories=[raOOhb1PofWlkOr7knf3lw, fM_CM2CHzFPLaSPW0Ctb9Q, aVi532WiNDfbBF-6jrUHpA], isr=[3, 1, 2], removingReplicas=[], addingReplicas=[], elr=[], lastKnownElr=[], leader=3, leaderRecoveryState=RECOVERED, leaderEpoch=0, partitionEpoch=0). (org.apache.kafka.controller.ReplicationControlManager)
kafka2  | 2026-09-25T22:30:03.872521808Z [2026-09-25 22:30:03,872] INFO [QuorumController id=2] Replayed PartitionRecord for new partition __consumer_offsets-3 with topic ID w2caDlcSQY-bJJSbpCk06w and PartitionRegistration(replicas=[2, 3, 1], directories=[aVi532WiNDfbBF-6jrUHpA, raOOhb1PofWlkOr7knf3lw, fM_CM2CHzFPLaSPW0Ctb9Q], isr=[2, 3, 1], removingReplicas=[], addingReplicas=[], elr=[], lastKnownElr=[], leader=2, leaderRecoveryState=RECOVERED, leaderEpoch=0, partitionEpoch=0). (org.apache.kafka.controller.ReplicationControlManager)
kafka2  | 2026-09-25T22:30:03.872673390Z [2026-09-25 22:30:03,872] INFO [QuorumController id=2] Replayed PartitionRecord for new partition __consumer_offsets-4 with topic ID w2caDlcSQY-bJJSbpCk06w and PartitionRegistration(replicas=[3, 1, 2], directories=[raOOhb1PofWlkOr7knf3lw, fM_CM2CHzFPLaSPW0Ctb9Q, aVi532WiNDfbBF-6jrUHpA], isr=[3, 1, 2], removingReplicas=[], addingReplicas=[], elr=[], lastKnownElr=[], leader=3, leaderRecoveryState=RECOVERED, leaderEpoch=0, partitionEpoch=0). (org.apache.kafka.controller.ReplicationControlManager)
kafka2  | 2026-09-25T22:30:03.872917114Z [2026-09-25 22:30:03,872] INFO [Broker id=2] Follower dados-sensores-5 starts at leader epoch 0 from offset 0 with partition epoch 0 and high watermark 0. Current leader is 1. Previous leader Some(1) and previous leader epoch was 0. (state.change.logger)
kafka2  | 2026-09-25T22:30:03.873088175Z [2026-09-25 22:30:03,872] INFO [QuorumController id=2] Replayed PartitionRecord for new partition __consumer_offsets-5 with topic ID w2caDlcSQY-bJJSbpCk06w and PartitionRegistration(replicas=[1, 2, 3], directories=[fM_CM2CHzFPLaSPW0Ctb9Q, aVi532WiNDfbBF-6jrUHpA, raOOhb1PofWlkOr7knf3lw], isr=[1, 2, 3], removingReplicas=[], addingReplicas=[], elr=[], lastKnownElr=[], leader=1, leaderRecoveryState=RECOVERED, leaderEpoch=0, partitionEpoch=0). (org.apache.kafka.controller.ReplicationControlManager)
kafka2  | 2026-09-25T22:30:03.873448507Z [2026-09-25 22:30:03,873] INFO [QuorumController id=2] Replayed PartitionRecord for new partition __consumer_offsets-6 with topic ID w2caDlcSQY-bJJSbpCk06w and PartitionRegistration(replicas=[1, 2, 3], directories=[fM_CM2CHzFPLaSPW0Ctb9Q, aVi532WiNDfbBF-6jrUHpA, raOOhb1PofWlkOr7knf3lw], isr=[1, 2, 3], removingReplicas=[], addingReplicas=[], elr=[], lastKnownElr=[], leader=1, leaderRecoveryState=RECOVERED, leaderEpoch=0, partitionEpoch=0). (org.apache.kafka.controller.ReplicationControlManager)
kafka2  | 2026-09-25T22:30:03.874122724Z [2026-09-25 22:30:03,873] INFO [Broker id=2] Creating new partition dados-sensores-1 with topic id 6zODIGJVQzKlhQlNLdPLMg. (state.change.logger)
kafka2  | 2026-09-25T22:30:03.874493670Z [2026-09-25 22:30:03,873] INFO [QuorumController id=2] Replayed PartitionRecord for new partition __consumer_offsets-7 with topic ID w2caDlcSQY-bJJSbpCk06w and PartitionRegistration(replicas=[2, 3, 1], directories=[aVi532WiNDfbBF-6jrUHpA, raOOhb1PofWlkOr7knf3lw, fM_CM2CHzFPLaSPW0Ctb9Q], isr=[2, 3, 1], removingReplicas=[], addingReplicas=[], elr=[], lastKnownElr=[], leader=2, leaderRecoveryState=RECOVERED, leaderEpoch=0, partitionEpoch=0). (org.apache.kafka.controller.ReplicationControlManager)
kafka2  | 2026-09-25T22:30:03.875108091Z [2026-09-25 22:30:03,874] INFO [QuorumController id=2] Replayed PartitionRecord for new partition __consumer_offsets-8 with topic ID w2caDlcSQY-bJJSbpCk06w and PartitionRegistration(replicas=[3, 1, 2], directories=[raOOhb1PofWlkOr7knf3lw, fM_CM2CHzFPLaSPW0Ctb9Q, aVi532WiNDfbBF-6jrUHpA], isr=[3, 1, 2], removingReplicas=[], addingReplicas=[], elr=[], lastKnownElr=[], leader=3, leaderRecoveryState=RECOVERED, leaderEpoch=0, partitionEpoch=0). (org.apache.kafka.controller.ReplicationControlManager)
kafka2  | 2026-09-25T22:30:03.875630040Z [2026-09-25 22:30:03,875] INFO [QuorumController id=2] Replayed PartitionRecord for new partition __consumer_offsets-9 with topic ID w2caDlcSQY-bJJSbpCk06w and PartitionRegistration(replicas=[2, 1, 3], directories=[aVi532WiNDfbBF-6jrUHpA, fM_CM2CHzFPLaSPW0Ctb9Q, raOOhb1PofWlkOr7knf3lw], isr=[2, 1, 3], removingReplicas=[], addingReplicas=[], elr=[], lastKnownElr=[], leader=2, leaderRecoveryState=RECOVERED, leaderEpoch=0, partitionEpoch=0). (org.apache.kafka.controller.ReplicationControlManager)
kafka2  | 2026-09-25T22:30:03.876081394Z [2026-09-25 22:30:03,875] INFO [QuorumController id=2] Replayed PartitionRecord for new partition __consumer_offsets-10 with topic ID w2caDlcSQY-bJJSbpCk06w and PartitionRegistration(replicas=[1, 3, 2], directories=[fM_CM2CHzFPLaSPW0Ctb9Q, raOOhb1PofWlkOr7knf3lw, aVi532WiNDfbBF-6jrUHpA], isr=[1, 3, 2], removingReplicas=[], addingReplicas=[], elr=[], lastKnownElr=[], leader=1, leaderRecoveryState=RECOVERED, leaderEpoch=0, partitionEpoch=0). (org.apache.kafka.controller.ReplicationControlManager)
kafka2  | 2026-09-25T22:30:03.876878642Z [2026-09-25 22:30:03,876] INFO [QuorumController id=2] Replayed PartitionRecord for new partition __consumer_offsets-11 with topic ID w2caDlcSQY-bJJSbpCk06w and PartitionRegistration(replicas=[3, 2, 1], directories=[raOOhb1PofWlkOr7knf3lw, aVi532WiNDfbBF-6jrUHpA, fM_CM2CHzFPLaSPW0Ctb9Q], isr=[3, 2, 1], removingReplicas=[], addingReplicas=[], elr=[], lastKnownElr=[], leader=3, leaderRecoveryState=RECOVERED, leaderEpoch=0, partitionEpoch=0). (org.apache.kafka.controller.ReplicationControlManager)
kafka2  | 2026-09-25T22:30:03.877332504Z [2026-09-25 22:30:03,877] INFO [QuorumController id=2] Replayed PartitionRecord for new partition __consumer_offsets-12 with topic ID w2caDlcSQY-bJJSbpCk06w and PartitionRegistration(replicas=[3, 1, 2], directories=[raOOhb1PofWlkOr7knf3lw, fM_CM2CHzFPLaSPW0Ctb9Q, aVi532WiNDfbBF-6jrUHpA], isr=[3, 1, 2], removingReplicas=[], addingReplicas=[], elr=[], lastKnownElr=[], leader=3, leaderRecoveryState=RECOVERED, leaderEpoch=0, partitionEpoch=0). (org.apache.kafka.controller.ReplicationControlManager)
kafka2  | 2026-09-25T22:30:03.877643466Z [2026-09-25 22:30:03,877] INFO [QuorumController id=2] Replayed PartitionRecord for new partition __consumer_offsets-13 with topic ID w2caDlcSQY-bJJSbpCk06w and PartitionRegistration(replicas=[1, 2, 3], directories=[fM_CM2CHzFPLaSPW0Ctb9Q, aVi532WiNDfbBF-6jrUHpA, raOOhb1PofWlkOr7knf3lw], isr=[1, 2, 3], removingReplicas=[], addingReplicas=[], elr=[], lastKnownElr=[], leader=1, leaderRecoveryState=RECOVERED, leaderEpoch=0, partitionEpoch=0). (org.apache.kafka.controller.ReplicationControlManager)
kafka2  | 2026-09-25T22:30:03.878036597Z [2026-09-25 22:30:03,877] INFO [QuorumController id=2] Replayed PartitionRecord for new partition __consumer_offsets-14 with topic ID w2caDlcSQY-bJJSbpCk06w and PartitionRegistration(replicas=[2, 3, 1], directories=[aVi532WiNDfbBF-6jrUHpA, raOOhb1PofWlkOr7knf3lw, fM_CM2CHzFPLaSPW0Ctb9Q], isr=[2, 3, 1], removingReplicas=[], addingReplicas=[], elr=[], lastKnownElr=[], leader=2, leaderRecoveryState=RECOVERED, leaderEpoch=0, partitionEpoch=0). (org.apache.kafka.controller.ReplicationControlManager)
kafka2  | 2026-09-25T22:30:03.878230269Z [2026-09-25 22:30:03,878] INFO [QuorumController id=2] Replayed PartitionRecord for new partition __consumer_offsets-15 with topic ID w2caDlcSQY-bJJSbpCk06w and PartitionRegistration(replicas=[3, 1, 2], directories=[raOOhb1PofWlkOr7knf3lw, fM_CM2CHzFPLaSPW0Ctb9Q, aVi532WiNDfbBF-6jrUHpA], isr=[3, 1, 2], removingReplicas=[], addingReplicas=[], elr=[], lastKnownElr=[], leader=3, leaderRecoveryState=RECOVERED, leaderEpoch=0, partitionEpoch=0). (org.apache.kafka.controller.ReplicationControlManager)
kafka2  | 2026-09-25T22:30:03.878596257Z [2026-09-25 22:30:03,878] INFO [QuorumController id=2] Replayed PartitionRecord for new partition __consumer_offsets-16 with topic ID w2caDlcSQY-bJJSbpCk06w and PartitionRegistration(replicas=[1, 2, 3], directories=[fM_CM2CHzFPLaSPW0Ctb9Q, aVi532WiNDfbBF-6jrUHpA, raOOhb1PofWlkOr7knf3lw], isr=[1, 2, 3], removingReplicas=[], addingReplicas=[], elr=[], lastKnownElr=[], leader=1, leaderRecoveryState=RECOVERED, leaderEpoch=0, partitionEpoch=0). (org.apache.kafka.controller.ReplicationControlManager)
kafka2  | 2026-09-25T22:30:03.878963009Z [2026-09-25 22:30:03,878] INFO [QuorumController id=2] Replayed PartitionRecord for new partition __consumer_offsets-17 with topic ID w2caDlcSQY-bJJSbpCk06w and PartitionRegistration(replicas=[2, 3, 1], directories=[aVi532WiNDfbBF-6jrUHpA, raOOhb1PofWlkOr7knf3lw, fM_CM2CHzFPLaSPW0Ctb9Q], isr=[2, 3, 1], removingReplicas=[], addingReplicas=[], elr=[], lastKnownElr=[], leader=2, leaderRecoveryState=RECOVERED, leaderEpoch=0, partitionEpoch=0). (org.apache.kafka.controller.ReplicationControlManager)
kafka2  | 2026-09-25T22:30:03.879901825Z [2026-09-25 22:30:03,879] INFO [QuorumController id=2] Replayed PartitionRecord for new partition __consumer_offsets-18 with topic ID w2caDlcSQY-bJJSbpCk06w and PartitionRegistration(replicas=[3, 2, 1], directories=[raOOhb1PofWlkOr7knf3lw, aVi532WiNDfbBF-6jrUHpA, fM_CM2CHzFPLaSPW0Ctb9Q], isr=[3, 2, 1], removingReplicas=[], addingReplicas=[], elr=[], lastKnownElr=[], leader=3, leaderRecoveryState=RECOVERED, leaderEpoch=0, partitionEpoch=0). (org.apache.kafka.controller.ReplicationControlManager)
kafka2  | 2026-09-25T22:30:03.880129556Z [2026-09-25 22:30:03,879] INFO [QuorumController id=2] Replayed PartitionRecord for new partition __consumer_offsets-19 with topic ID w2caDlcSQY-bJJSbpCk06w and PartitionRegistration(replicas=[2, 1, 3], directories=[aVi532WiNDfbBF-6jrUHpA, fM_CM2CHzFPLaSPW0Ctb9Q, raOOhb1PofWlkOr7knf3lw], isr=[2, 1, 3], removingReplicas=[], addingReplicas=[], elr=[], lastKnownElr=[], leader=2, leaderRecoveryState=RECOVERED, leaderEpoch=0, partitionEpoch=0). (org.apache.kafka.controller.ReplicationControlManager)
kafka2  | 2026-09-25T22:30:03.880700521Z [2026-09-25 22:30:03,880] INFO [QuorumController id=2] Replayed PartitionRecord for new partition __consumer_offsets-20 with topic ID w2caDlcSQY-bJJSbpCk06w and PartitionRegistration(replicas=[1, 3, 2], directories=[fM_CM2CHzFPLaSPW0Ctb9Q, raOOhb1PofWlkOr7knf3lw, aVi532WiNDfbBF-6jrUHpA], isr=[1, 3, 2], removingReplicas=[], addingReplicas=[], elr=[], lastKnownElr=[], leader=1, leaderRecoveryState=RECOVERED, leaderEpoch=0, partitionEpoch=0). (org.apache.kafka.controller.ReplicationControlManager)
kafka2  | 2026-09-25T22:30:03.881133522Z [2026-09-25 22:30:03,880] INFO [QuorumController id=2] Replayed PartitionRecord for new partition __consumer_offsets-21 with topic ID w2caDlcSQY-bJJSbpCk06w and PartitionRegistration(replicas=[3, 2, 1], directories=[raOOhb1PofWlkOr7knf3lw, aVi532WiNDfbBF-6jrUHpA, fM_CM2CHzFPLaSPW0Ctb9Q], isr=[3, 2, 1], removingReplicas=[], addingReplicas=[], elr=[], lastKnownElr=[], leader=3, leaderRecoveryState=RECOVERED, leaderEpoch=0, partitionEpoch=0). (org.apache.kafka.controller.ReplicationControlManager)
kafka2  | 2026-09-25T22:30:03.881174609Z [2026-09-25 22:30:03,881] INFO [LogLoader partition=dados-sensores-1, dir=/var/lib/kafka/data] Loading producer state till offset 0 with message format version 2 (kafka.log.UnifiedLog$)
kafka2  | 2026-09-25T22:30:03.881575596Z [2026-09-25 22:30:03,881] INFO [QuorumController id=2] Replayed PartitionRecord for new partition __consumer_offsets-22 with topic ID w2caDlcSQY-bJJSbpCk06w and PartitionRegistration(replicas=[2, 1, 3], directories=[aVi532WiNDfbBF-6jrUHpA, fM_CM2CHzFPLaSPW0Ctb9Q, raOOhb1PofWlkOr7knf3lw], isr=[2, 1, 3], removingReplicas=[], addingReplicas=[], elr=[], lastKnownElr=[], leader=2, leaderRecoveryState=RECOVERED, leaderEpoch=0, partitionEpoch=0). (org.apache.kafka.controller.ReplicationControlManager)
kafka2  | 2026-09-25T22:30:03.881831339Z [2026-09-25 22:30:03,881] INFO [QuorumController id=2] Replayed PartitionRecord for new partition __consumer_offsets-23 with topic ID w2caDlcSQY-bJJSbpCk06w and PartitionRegistration(replicas=[1, 3, 2], directories=[fM_CM2CHzFPLaSPW0Ctb9Q, raOOhb1PofWlkOr7knf3lw, aVi532WiNDfbBF-6jrUHpA], isr=[1, 3, 2], removingReplicas=[], addingReplicas=[], elr=[], lastKnownElr=[], leader=1, leaderRecoveryState=RECOVERED, leaderEpoch=0, partitionEpoch=0). (org.apache.kafka.controller.ReplicationControlManager)
kafka2  | 2026-09-25T22:30:03.881885636Z [2026-09-25 22:30:03,881] INFO [QuorumController id=2] Replayed PartitionRecord for new partition __consumer_offsets-24 with topic ID w2caDlcSQY-bJJSbpCk06w and PartitionRegistration(replicas=[2, 3, 1], directories=[aVi532WiNDfbBF-6jrUHpA, raOOhb1PofWlkOr7knf3lw, fM_CM2CHzFPLaSPW0Ctb9Q], isr=[2, 3, 1], removingReplicas=[], addingReplicas=[], elr=[], lastKnownElr=[], leader=2, leaderRecoveryState=RECOVERED, leaderEpoch=0, partitionEpoch=0). (org.apache.kafka.controller.ReplicationControlManager)
kafka2  | 2026-09-25T22:30:03.882250891Z [2026-09-25 22:30:03,881] INFO [QuorumController id=2] Replayed PartitionRecord for new partition __consumer_offsets-25 with topic ID w2caDlcSQY-bJJSbpCk06w and PartitionRegistration(replicas=[3, 1, 2], directories=[raOOhb1PofWlkOr7knf3lw, fM_CM2CHzFPLaSPW0Ctb9Q, aVi532WiNDfbBF-6jrUHpA], isr=[3, 1, 2], removingReplicas=[], addingReplicas=[], elr=[], lastKnownElr=[], leader=3, leaderRecoveryState=RECOVERED, leaderEpoch=0, partitionEpoch=0). (org.apache.kafka.controller.ReplicationControlManager)
kafka2  | 2026-09-25T22:30:03.882301790Z [2026-09-25 22:30:03,882] INFO Created log for partition dados-sensores-1 in /var/lib/kafka/data/dados-sensores-1 with properties {} (kafka.log.LogManager)
kafka2  | 2026-09-25T22:30:03.882587651Z [2026-09-25 22:30:03,882] INFO [QuorumController id=2] Replayed PartitionRecord for new partition __consumer_offsets-26 with topic ID w2caDlcSQY-bJJSbpCk06w and PartitionRegistration(replicas=[1, 2, 3], directories=[fM_CM2CHzFPLaSPW0Ctb9Q, aVi532WiNDfbBF-6jrUHpA, raOOhb1PofWlkOr7knf3lw], isr=[1, 2, 3], removingReplicas=[], addingReplicas=[], elr=[], lastKnownElr=[], leader=1, leaderRecoveryState=RECOVERED, leaderEpoch=0, partitionEpoch=0). (org.apache.kafka.controller.ReplicationControlManager)
kafka2  | 2026-09-25T22:30:03.882610479Z [2026-09-25 22:30:03,882] INFO [Partition dados-sensores-1 broker=2] No checkpointed highwatermark is found for partition dados-sensores-1 (kafka.cluster.Partition)
kafka2  | 2026-09-25T22:30:03.882912781Z [2026-09-25 22:30:03,882] INFO [Partition dados-sensores-1 broker=2] Log loaded for partition dados-sensores-1 with initial high watermark 0 (kafka.cluster.Partition)
kafka2  | 2026-09-25T22:30:03.882926036Z [2026-09-25 22:30:03,882] INFO [QuorumController id=2] Replayed PartitionRecord for new partition __consumer_offsets-27 with topic ID w2caDlcSQY-bJJSbpCk06w and PartitionRegistration(replicas=[2, 1, 3], directories=[aVi532WiNDfbBF-6jrUHpA, fM_CM2CHzFPLaSPW0Ctb9Q, raOOhb1PofWlkOr7knf3lw], isr=[2, 1, 3], removingReplicas=[], addingReplicas=[], elr=[], lastKnownElr=[], leader=2, leaderRecoveryState=RECOVERED, leaderEpoch=0, partitionEpoch=0). (org.apache.kafka.controller.ReplicationControlManager)
kafka2  | 2026-09-25T22:30:03.882929086Z [2026-09-25 22:30:03,882] INFO [Broker id=2] Follower dados-sensores-1 starts at leader epoch 0 from offset 0 with partition epoch 0 and high watermark 0. Current leader is 3. Previous leader Some(3) and previous leader epoch was 0. (state.change.logger)
kafka2  | 2026-09-25T22:30:03.883183407Z [2026-09-25 22:30:03,882] INFO [Broker id=2] Creating new partition dados-sensores-3 with topic id 6zODIGJVQzKlhQlNLdPLMg. (state.change.logger)
kafka2  | 2026-09-25T22:30:03.883198250Z [2026-09-25 22:30:03,882] INFO [QuorumController id=2] Replayed PartitionRecord for new partition __consumer_offsets-28 with topic ID w2caDlcSQY-bJJSbpCk06w and PartitionRegistration(replicas=[1, 3, 2], directories=[fM_CM2CHzFPLaSPW0Ctb9Q, raOOhb1PofWlkOr7knf3lw, aVi532WiNDfbBF-6jrUHpA], isr=[1, 3, 2], removingReplicas=[], addingReplicas=[], elr=[], lastKnownElr=[], leader=1, leaderRecoveryState=RECOVERED, leaderEpoch=0, partitionEpoch=0). (org.apache.kafka.controller.ReplicationControlManager)
kafka2  | 2026-09-25T22:30:03.883500207Z [2026-09-25 22:30:03,883] INFO [QuorumController id=2] Replayed PartitionRecord for new partition __consumer_offsets-29 with topic ID w2caDlcSQY-bJJSbpCk06w and PartitionRegistration(replicas=[3, 2, 1], directories=[raOOhb1PofWlkOr7knf3lw, aVi532WiNDfbBF-6jrUHpA, fM_CM2CHzFPLaSPW0Ctb9Q], isr=[3, 2, 1], removingReplicas=[], addingReplicas=[], elr=[], lastKnownElr=[], leader=3, leaderRecoveryState=RECOVERED, leaderEpoch=0, partitionEpoch=0). (org.apache.kafka.controller.ReplicationControlManager)
kafka2  | 2026-09-25T22:30:03.883664241Z [2026-09-25 22:30:03,883] INFO [QuorumController id=2] Replayed PartitionRecord for new partition __consumer_offsets-30 with topic ID w2caDlcSQY-bJJSbpCk06w and PartitionRegistration(replicas=[1, 2, 3], directories=[fM_CM2CHzFPLaSPW0Ctb9Q, aVi532WiNDfbBF-6jrUHpA, raOOhb1PofWlkOr7knf3lw], isr=[1, 2, 3], removingReplicas=[], addingReplicas=[], elr=[], lastKnownElr=[], leader=1, leaderRecoveryState=RECOVERED, leaderEpoch=0, partitionEpoch=0). (org.apache.kafka.controller.ReplicationControlManager)
kafka2  | 2026-09-25T22:30:03.883949314Z [2026-09-25 22:30:03,883] INFO [QuorumController id=2] Replayed PartitionRecord for new partition __consumer_offsets-31 with topic ID w2caDlcSQY-bJJSbpCk06w and PartitionRegistration(replicas=[2, 3, 1], directories=[aVi532WiNDfbBF-6jrUHpA, raOOhb1PofWlkOr7knf3lw, fM_CM2CHzFPLaSPW0Ctb9Q], isr=[2, 3, 1], removingReplicas=[], addingReplicas=[], elr=[], lastKnownElr=[], leader=2, leaderRecoveryState=RECOVERED, leaderEpoch=0, partitionEpoch=0). (org.apache.kafka.controller.ReplicationControlManager)
kafka2  | 2026-09-25T22:30:03.883962723Z [2026-09-25 22:30:03,883] INFO [QuorumController id=2] Replayed PartitionRecord for new partition __consumer_offsets-32 with topic ID w2caDlcSQY-bJJSbpCk06w and PartitionRegistration(replicas=[3, 1, 2], directories=[raOOhb1PofWlkOr7knf3lw, fM_CM2CHzFPLaSPW0Ctb9Q, aVi532WiNDfbBF-6jrUHpA], isr=[3, 1, 2], removingReplicas=[], addingReplicas=[], elr=[], lastKnownElr=[], leader=3, leaderRecoveryState=RECOVERED, leaderEpoch=0, partitionEpoch=0). (org.apache.kafka.controller.ReplicationControlManager)
kafka2  | 2026-09-25T22:30:03.884204890Z [2026-09-25 22:30:03,883] INFO [QuorumController id=2] Replayed PartitionRecord for new partition __consumer_offsets-33 with topic ID w2caDlcSQY-bJJSbpCk06w and PartitionRegistration(replicas=[1, 3, 2], directories=[fM_CM2CHzFPLaSPW0Ctb9Q, raOOhb1PofWlkOr7knf3lw, aVi532WiNDfbBF-6jrUHpA], isr=[1, 3, 2], removingReplicas=[], addingReplicas=[], elr=[], lastKnownElr=[], leader=1, leaderRecoveryState=RECOVERED, leaderEpoch=0, partitionEpoch=0). (org.apache.kafka.controller.ReplicationControlManager)
kafka2  | 2026-09-25T22:30:03.884304975Z [2026-09-25 22:30:03,884] INFO [QuorumController id=2] Replayed PartitionRecord for new partition __consumer_offsets-34 with topic ID w2caDlcSQY-bJJSbpCk06w and PartitionRegistration(replicas=[3, 2, 1], directories=[raOOhb1PofWlkOr7knf3lw, aVi532WiNDfbBF-6jrUHpA, fM_CM2CHzFPLaSPW0Ctb9Q], isr=[3, 2, 1], removingReplicas=[], addingReplicas=[], elr=[], lastKnownElr=[], leader=3, leaderRecoveryState=RECOVERED, leaderEpoch=0, partitionEpoch=0). (org.apache.kafka.controller.ReplicationControlManager)
kafka2  | 2026-09-25T22:30:03.884460375Z [2026-09-25 22:30:03,884] INFO [QuorumController id=2] Replayed PartitionRecord for new partition __consumer_offsets-35 with topic ID w2caDlcSQY-bJJSbpCk06w and PartitionRegistration(replicas=[2, 1, 3], directories=[aVi532WiNDfbBF-6jrUHpA, fM_CM2CHzFPLaSPW0Ctb9Q, raOOhb1PofWlkOr7knf3lw], isr=[2, 1, 3], removingReplicas=[], addingReplicas=[], elr=[], lastKnownElr=[], leader=2, leaderRecoveryState=RECOVERED, leaderEpoch=0, partitionEpoch=0). (org.apache.kafka.controller.ReplicationControlManager)
kafka2  | 2026-09-25T22:30:03.884681929Z [2026-09-25 22:30:03,884] INFO [QuorumController id=2] Replayed PartitionRecord for new partition __consumer_offsets-36 with topic ID w2caDlcSQY-bJJSbpCk06w and PartitionRegistration(replicas=[2, 1, 3], directories=[aVi532WiNDfbBF-6jrUHpA, fM_CM2CHzFPLaSPW0Ctb9Q, raOOhb1PofWlkOr7knf3lw], isr=[2, 1, 3], removingReplicas=[], addingReplicas=[], elr=[], lastKnownElr=[], leader=2, leaderRecoveryState=RECOVERED, leaderEpoch=0, partitionEpoch=0). (org.apache.kafka.controller.ReplicationControlManager)
kafka2  | 2026-09-25T22:30:03.885156651Z [2026-09-25 22:30:03,884] INFO [QuorumController id=2] Replayed PartitionRecord for new partition __consumer_offsets-37 with topic ID w2caDlcSQY-bJJSbpCk06w and PartitionRegistration(replicas=[1, 3, 2], directories=[fM_CM2CHzFPLaSPW0Ctb9Q, raOOhb1PofWlkOr7knf3lw, aVi532WiNDfbBF-6jrUHpA], isr=[1, 3, 2], removingReplicas=[], addingReplicas=[], elr=[], lastKnownElr=[], leader=1, leaderRecoveryState=RECOVERED, leaderEpoch=0, partitionEpoch=0). (org.apache.kafka.controller.ReplicationControlManager)
kafka2  | 2026-09-25T22:30:03.885210851Z [2026-09-25 22:30:03,884] INFO [QuorumController id=2] Replayed PartitionRecord for new partition __consumer_offsets-38 with topic ID w2caDlcSQY-bJJSbpCk06w and PartitionRegistration(replicas=[3, 2, 1], directories=[raOOhb1PofWlkOr7knf3lw, aVi532WiNDfbBF-6jrUHpA, fM_CM2CHzFPLaSPW0Ctb9Q], isr=[3, 2, 1], removingReplicas=[], addingReplicas=[], elr=[], lastKnownElr=[], leader=3, leaderRecoveryState=RECOVERED, leaderEpoch=0, partitionEpoch=0). (org.apache.kafka.controller.ReplicationControlManager)
kafka2  | 2026-09-25T22:30:03.885306297Z [2026-09-25 22:30:03,885] INFO [QuorumController id=2] Replayed PartitionRecord for new partition __consumer_offsets-39 with topic ID w2caDlcSQY-bJJSbpCk06w and PartitionRegistration(replicas=[3, 1, 2], directories=[raOOhb1PofWlkOr7knf3lw, fM_CM2CHzFPLaSPW0Ctb9Q, aVi532WiNDfbBF-6jrUHpA], isr=[3, 1, 2], removingReplicas=[], addingReplicas=[], elr=[], lastKnownElr=[], leader=3, leaderRecoveryState=RECOVERED, leaderEpoch=0, partitionEpoch=0). (org.apache.kafka.controller.ReplicationControlManager)
kafka2  | 2026-09-25T22:30:03.885459153Z [2026-09-25 22:30:03,885] INFO [QuorumController id=2] Replayed PartitionRecord for new partition __consumer_offsets-40 with topic ID w2caDlcSQY-bJJSbpCk06w and PartitionRegistration(replicas=[1, 2, 3], directories=[fM_CM2CHzFPLaSPW0Ctb9Q, aVi532WiNDfbBF-6jrUHpA, raOOhb1PofWlkOr7knf3lw], isr=[1, 2, 3], removingReplicas=[], addingReplicas=[], elr=[], lastKnownElr=[], leader=1, leaderRecoveryState=RECOVERED, leaderEpoch=0, partitionEpoch=0). (org.apache.kafka.controller.ReplicationControlManager)
kafka2  | 2026-09-25T22:30:03.885713049Z [2026-09-25 22:30:03,885] INFO [QuorumController id=2] Replayed PartitionRecord for new partition __consumer_offsets-41 with topic ID w2caDlcSQY-bJJSbpCk06w and PartitionRegistration(replicas=[2, 3, 1], directories=[aVi532WiNDfbBF-6jrUHpA, raOOhb1PofWlkOr7knf3lw, fM_CM2CHzFPLaSPW0Ctb9Q], isr=[2, 3, 1], removingReplicas=[], addingReplicas=[], elr=[], lastKnownElr=[], leader=2, leaderRecoveryState=RECOVERED, leaderEpoch=0, partitionEpoch=0). (org.apache.kafka.controller.ReplicationControlManager)
kafka2  | 2026-09-25T22:30:03.885768912Z [2026-09-25 22:30:03,885] INFO [QuorumController id=2] Replayed PartitionRecord for new partition __consumer_offsets-42 with topic ID w2caDlcSQY-bJJSbpCk06w and PartitionRegistration(replicas=[1, 3, 2], directories=[fM_CM2CHzFPLaSPW0Ctb9Q, raOOhb1PofWlkOr7knf3lw, aVi532WiNDfbBF-6jrUHpA], isr=[1, 3, 2], removingReplicas=[], addingReplicas=[], elr=[], lastKnownElr=[], leader=1, leaderRecoveryState=RECOVERED, leaderEpoch=0, partitionEpoch=0). (org.apache.kafka.controller.ReplicationControlManager)
kafka3  | 2026-09-25T22:30:03.537625770Z [2026-09-25 22:30:03,537] INFO [BrokerServer id=3] Transition from STARTING to STARTED (kafka.server.BrokerServer)
kafka3  | 2026-09-25T22:30:03.538547815Z [2026-09-25 22:30:03,538] INFO Kafka version: 7.7.1-ccs (org.apache.kafka.common.utils.AppInfoParser)
kafka3  | 2026-09-25T22:30:03.538566019Z [2026-09-25 22:30:03,538] INFO Kafka commitId: 91d86f33092378c89731b4a9cf1ce5db831a2b07 (org.apache.kafka.common.utils.AppInfoParser)
kafka3  | 2026-09-25T22:30:03.538674529Z [2026-09-25 22:30:03,538] INFO Kafka startTimeMs: 1790375403537 (org.apache.kafka.common.utils.AppInfoParser)
kafka3  | 2026-09-25T22:30:03.540355543Z [2026-09-25 22:30:03,540] INFO [KafkaRaftServer nodeId=3] Kafka Server started (kafka.server.KafkaRaftServer)
kafka3  | 2026-09-25T22:30:03.653404555Z [2026-09-25 22:30:03,652] INFO Sent auto-creation request for Set(dados-sensores) to the active controller. (kafka.server.DefaultAutoTopicCreationManager)
kafka3  | 2026-09-25T22:30:03.761619535Z [2026-09-25 22:30:03,761] INFO [QuorumController id=3] Replayed BrokerRegistrationChangeRecord modifying the registration for broker 3: BrokerRegistrationChangeRecord(brokerId=3, brokerEpoch=7, fenced=-1, inControlledShutdown=0, logDirs=[]) (org.apache.kafka.controller.ClusterControlManager)
kafka3  | 2026-09-25T22:30:03.761789009Z [2026-09-25 22:30:03,761] INFO [QuorumController id=3] Replayed BrokerRegistrationChangeRecord modifying the registration for broker 1: BrokerRegistrationChangeRecord(brokerId=1, brokerEpoch=6, fenced=-1, inControlledShutdown=0, logDirs=[]) (org.apache.kafka.controller.ClusterControlManager)
kafka3  | 2026-09-25T22:30:03.941077662Z [2026-09-25 22:30:03,940] INFO [QuorumController id=3] Replayed TopicRecord for topic dados-sensores with topic ID 6zODIGJVQzKlhQlNLdPLMg. (org.apache.kafka.controller.ReplicationControlManager)
kafka3  | 2026-09-25T22:30:03.943462045Z [2026-09-25 22:30:03,942] INFO [QuorumController id=3] Replayed PartitionRecord for new partition dados-sensores-0 with topic ID 6zODIGJVQzKlhQlNLdPLMg and PartitionRegistration(replicas=[2, 3, 1], directories=[aVi532WiNDfbBF-6jrUHpA, raOOhb1PofWlkOr7knf3lw, fM_CM2CHzFPLaSPW0Ctb9Q], isr=[2, 3, 1], removingReplicas=[], addingReplicas=[], elr=[], lastKnownElr=[], leader=2, leaderRecoveryState=RECOVERED, leaderEpoch=0, partitionEpoch=0). (org.apache.kafka.controller.ReplicationControlManager)
kafka3  | 2026-09-25T22:30:03.948968617Z [2026-09-25 22:30:03,948] INFO [QuorumController id=3] Replayed PartitionRecord for new partition dados-sensores-1 with topic ID 6zODIGJVQzKlhQlNLdPLMg and PartitionRegistration(replicas=[3, 1, 2], directories=[raOOhb1PofWlkOr7knf3lw, fM_CM2CHzFPLaSPW0Ctb9Q, aVi532WiNDfbBF-6jrUHpA], isr=[3, 1, 2], removingReplicas=[], addingReplicas=[], elr=[], lastKnownElr=[], leader=3, leaderRecoveryState=RECOVERED, leaderEpoch=0, partitionEpoch=0). (org.apache.kafka.controller.ReplicationControlManager)
kafka3  | 2026-09-25T22:30:03.949015025Z [2026-09-25 22:30:03,948] INFO [Broker id=3] Transitioning 2 partition(s) to local leaders. (state.change.logger)
kafka3  | 2026-09-25T22:30:03.949517694Z [2026-09-25 22:30:03,949] INFO [QuorumController id=3] Replayed PartitionRecord for new partition dados-sensores-2 with topic ID 6zODIGJVQzKlhQlNLdPLMg and PartitionRegistration(replicas=[1, 2, 3], directories=[fM_CM2CHzFPLaSPW0Ctb9Q, aVi532WiNDfbBF-6jrUHpA, raOOhb1PofWlkOr7knf3lw], isr=[1, 2, 3], removingReplicas=[], addingReplicas=[], elr=[], lastKnownElr=[], leader=1, leaderRecoveryState=RECOVERED, leaderEpoch=0, partitionEpoch=0). (org.apache.kafka.controller.ReplicationControlManager)
kafka3  | 2026-09-25T22:30:03.950143128Z [2026-09-25 22:30:03,949] INFO [QuorumController id=3] Replayed PartitionRecord for new partition dados-sensores-3 with topic ID 6zODIGJVQzKlhQlNLdPLMg and PartitionRegistration(replicas=[3, 2, 1], directories=[raOOhb1PofWlkOr7knf3lw, aVi532WiNDfbBF-6jrUHpA, fM_CM2CHzFPLaSPW0Ctb9Q], isr=[3, 2, 1], removingReplicas=[], addingReplicas=[], elr=[], lastKnownElr=[], leader=3, leaderRecoveryState=RECOVERED, leaderEpoch=0, partitionEpoch=0). (org.apache.kafka.controller.ReplicationControlManager)
kafka3  | 2026-09-25T22:30:03.951270589Z [2026-09-25 22:30:03,950] INFO [QuorumController id=3] Replayed PartitionRecord for new partition dados-sensores-4 with topic ID 6zODIGJVQzKlhQlNLdPLMg and PartitionRegistration(replicas=[2, 1, 3], directories=[aVi532WiNDfbBF-6jrUHpA, fM_CM2CHzFPLaSPW0Ctb9Q, raOOhb1PofWlkOr7knf3lw], isr=[2, 1, 3], removingReplicas=[], addingReplicas=[], elr=[], lastKnownElr=[], leader=2, leaderRecoveryState=RECOVERED, leaderEpoch=0, partitionEpoch=0). (org.apache.kafka.controller.ReplicationControlManager)
kafka3  | 2026-09-25T22:30:03.951916795Z [2026-09-25 22:30:03,951] INFO [QuorumController id=3] Replayed PartitionRecord for new partition dados-sensores-5 with topic ID 6zODIGJVQzKlhQlNLdPLMg and PartitionRegistration(replicas=[1, 3, 2], directories=[fM_CM2CHzFPLaSPW0Ctb9Q, raOOhb1PofWlkOr7knf3lw, aVi532WiNDfbBF-6jrUHpA], isr=[1, 3, 2], removingReplicas=[], addingReplicas=[], elr=[], lastKnownElr=[], leader=1, leaderRecoveryState=RECOVERED, leaderEpoch=0, partitionEpoch=0). (org.apache.kafka.controller.ReplicationControlManager)
kafka3  | 2026-09-25T22:30:03.951942649Z [2026-09-25 22:30:03,951] INFO [ReplicaFetcherManager on broker 3] Removed fetcher for partitions Set(dados-sensores-1, dados-sensores-3) (kafka.server.ReplicaFetcherManager)
kafka3  | 2026-09-25T22:30:03.955257846Z [2026-09-25 22:30:03,954] INFO [Broker id=3] Creating new partition dados-sensores-1 with topic id 6zODIGJVQzKlhQlNLdPLMg. (state.change.logger)
kafka3  | 2026-09-25T22:30:04.012820810Z [2026-09-25 22:30:04,012] INFO [LogLoader partition=dados-sensores-1, dir=/var/lib/kafka/data] Loading producer state till offset 0 with message format version 2 (kafka.log.UnifiedLog$)
kafka3  | 2026-09-25T22:30:04.020530106Z [2026-09-25 22:30:04,018] INFO Created log for partition dados-sensores-1 in /var/lib/kafka/data/dados-sensores-1 with properties {} (kafka.log.LogManager)
kafka3  | 2026-09-25T22:30:04.027240142Z [2026-09-25 22:30:04,026] INFO [Partition dados-sensores-1 broker=3] No checkpointed highwatermark is found for partition dados-sensores-1 (kafka.cluster.Partition)
kafka3  | 2026-09-25T22:30:04.029576945Z [2026-09-25 22:30:04,029] INFO [Partition dados-sensores-1 broker=3] Log loaded for partition dados-sensores-1 with initial high watermark 0 (kafka.cluster.Partition)
kafka3  | 2026-09-25T22:30:04.037141748Z [2026-09-25 22:30:04,036] INFO [Broker id=3] Leader dados-sensores-1 with topic id Some(6zODIGJVQzKlhQlNLdPLMg) starts at leader epoch 0 from offset 0 with partition epoch 0, high watermark 0, ISR [3,1,2], adding replicas [] and removing replicas [] . Previous leader None and previous leader epoch was -1. (state.change.logger)
kafka3  | 2026-09-25T22:30:04.068698273Z [2026-09-25 22:30:04,063] INFO [QuorumController id=3] Replayed TopicRecord for topic __consumer_offsets with topic ID w2caDlcSQY-bJJSbpCk06w. (org.apache.kafka.controller.ReplicationControlManager)
kafka3  | 2026-09-25T22:30:04.069210987Z [2026-09-25 22:30:04,064] INFO [QuorumController id=3] Replayed ConfigRecord for ConfigResource(type=TOPIC, name='__consumer_offsets') which set configuration compression.type to producer (org.apache.kafka.controller.ConfigurationControlManager)
kafka3  | 2026-09-25T22:30:04.071005113Z [2026-09-25 22:30:04,069] INFO [QuorumController id=3] Replayed ConfigRecord for ConfigResource(type=TOPIC, name='__consumer_offsets') which set configuration cleanup.policy to compact (org.apache.kafka.controller.ConfigurationControlManager)
kafka3  | 2026-09-25T22:30:04.072231287Z [2026-09-25 22:30:04,069] INFO [QuorumController id=3] Replayed ConfigRecord for ConfigResource(type=TOPIC, name='__consumer_offsets') which set configuration segment.bytes to 104857600 (org.apache.kafka.controller.ConfigurationControlManager)
kafka3  | 2026-09-25T22:30:04.072298085Z [2026-09-25 22:30:04,065] INFO [Broker id=3] Creating new partition dados-sensores-3 with topic id 6zODIGJVQzKlhQlNLdPLMg. (state.change.logger)
kafka3  | 2026-09-25T22:30:04.075436713Z [2026-09-25 22:30:04,075] INFO [QuorumController id=3] Replayed PartitionRecord for new partition __consumer_offsets-0 with topic ID w2caDlcSQY-bJJSbpCk06w and PartitionRegistration(replicas=[1, 2, 3], directories=[fM_CM2CHzFPLaSPW0Ctb9Q, aVi532WiNDfbBF-6jrUHpA, raOOhb1PofWlkOr7knf3lw], isr=[1, 2, 3], removingReplicas=[], addingReplicas=[], elr=[], lastKnownElr=[], leader=1, leaderRecoveryState=RECOVERED, leaderEpoch=0, partitionEpoch=0). (org.apache.kafka.controller.ReplicationControlManager)
kafka1  | 2026-09-25T22:30:04.639307145Z [2026-09-25 22:30:04,638] INFO [LogLoader partition=__consumer_offsets-40, dir=/var/lib/kafka/data] Loading producer state till offset 0 with message format version 2 (kafka.log.UnifiedLog$)
kafka1  | 2026-09-25T22:30:04.640808865Z [2026-09-25 22:30:04,640] INFO Created log for partition __consumer_offsets-40 in /var/lib/kafka/data/__consumer_offsets-40 with properties {cleanup.policy=compact, compression.type="producer", segment.bytes=104857600} (kafka.log.LogManager)
kafka1  | 2026-09-25T22:30:04.640880432Z [2026-09-25 22:30:04,640] INFO [Partition __consumer_offsets-40 broker=1] No checkpointed highwatermark is found for partition __consumer_offsets-40 (kafka.cluster.Partition)
kafka1  | 2026-09-25T22:30:04.640980266Z [2026-09-25 22:30:04,640] INFO [Partition __consumer_offsets-40 broker=1] Log loaded for partition __consumer_offsets-40 with initial high watermark 0 (kafka.cluster.Partition)
kafka1  | 2026-09-25T22:30:04.641407593Z [2026-09-25 22:30:04,641] INFO [Broker id=1] Leader __consumer_offsets-40 with topic id Some(w2caDlcSQY-bJJSbpCk06w) starts at leader epoch 0 from offset 0 with partition epoch 0, high watermark 0, ISR [1,2,3], adding replicas [] and removing replicas [] . Previous leader None and previous leader epoch was -1. (state.change.logger)
kafka1  | 2026-09-25T22:30:04.659960219Z [2026-09-25 22:30:04,659] INFO [Broker id=1] Creating new partition __consumer_offsets-5 with topic id w2caDlcSQY-bJJSbpCk06w. (state.change.logger)
kafka1  | 2026-09-25T22:30:04.670978272Z [2026-09-25 22:30:04,670] INFO [LogLoader partition=__consumer_offsets-5, dir=/var/lib/kafka/data] Loading producer state till offset 0 with message format version 2 (kafka.log.UnifiedLog$)
kafka1  | 2026-09-25T22:30:04.673861253Z [2026-09-25 22:30:04,672] INFO Created log for partition __consumer_offsets-5 in /var/lib/kafka/data/__consumer_offsets-5 with properties {cleanup.policy=compact, compression.type="producer", segment.bytes=104857600} (kafka.log.LogManager)
kafka1  | 2026-09-25T22:30:04.673888858Z [2026-09-25 22:30:04,673] INFO [Partition __consumer_offsets-5 broker=1] No checkpointed highwatermark is found for partition __consumer_offsets-5 (kafka.cluster.Partition)
kafka1  | 2026-09-25T22:30:04.673891949Z [2026-09-25 22:30:04,673] INFO [Partition __consumer_offsets-5 broker=1] Log loaded for partition __consumer_offsets-5 with initial high watermark 0 (kafka.cluster.Partition)
kafka1  | 2026-09-25T22:30:04.673894043Z [2026-09-25 22:30:04,673] INFO [Broker id=1] Leader __consumer_offsets-5 with topic id Some(w2caDlcSQY-bJJSbpCk06w) starts at leader epoch 0 from offset 0 with partition epoch 0, high watermark 0, ISR [1,2,3], adding replicas [] and removing replicas [] . Previous leader None and previous leader epoch was -1. (state.change.logger)
kafka1  | 2026-09-25T22:30:04.701475173Z [2026-09-25 22:30:04,699] INFO [Broker id=1] Creating new partition __consumer_offsets-37 with topic id w2caDlcSQY-bJJSbpCk06w. (state.change.logger)
kafka1  | 2026-09-25T22:30:04.719984586Z [2026-09-25 22:30:04,719] INFO [LogLoader partition=__consumer_offsets-37, dir=/var/lib/kafka/data] Loading producer state till offset 0 with message format version 2 (kafka.log.UnifiedLog$)
kafka1  | 2026-09-25T22:30:04.728379683Z [2026-09-25 22:30:04,728] INFO Created log for partition __consumer_offsets-37 in /var/lib/kafka/data/__consumer_offsets-37 with properties {cleanup.policy=compact, compression.type="producer", segment.bytes=104857600} (kafka.log.LogManager)
kafka1  | 2026-09-25T22:30:04.728428941Z [2026-09-25 22:30:04,728] INFO [Partition __consumer_offsets-37 broker=1] No checkpointed highwatermark is found for partition __consumer_offsets-37 (kafka.cluster.Partition)
kafka1  | 2026-09-25T22:30:04.728620450Z [2026-09-25 22:30:04,728] INFO [Partition __consumer_offsets-37 broker=1] Log loaded for partition __consumer_offsets-37 with initial high watermark 0 (kafka.cluster.Partition)
kafka1  | 2026-09-25T22:30:04.728884859Z [2026-09-25 22:30:04,728] INFO [Broker id=1] Leader __consumer_offsets-37 with topic id Some(w2caDlcSQY-bJJSbpCk06w) starts at leader epoch 0 from offset 0 with partition epoch 0, high watermark 0, ISR [1,3,2], adding replicas [] and removing replicas [] . Previous leader None and previous leader epoch was -1. (state.change.logger)
kafka1  | 2026-09-25T22:30:04.742203572Z [2026-09-25 22:30:04,740] INFO [Broker id=1] Creating new partition __consumer_offsets-6 with topic id w2caDlcSQY-bJJSbpCk06w. (state.change.logger)
kafka3  | 2026-09-25T22:30:04.077423600Z [2026-09-25 22:30:04,075] INFO [QuorumController id=3] Replayed PartitionRecord for new partition __consumer_offsets-1 with topic ID w2caDlcSQY-bJJSbpCk06w and PartitionRegistration(replicas=[2, 3, 1], directories=[aVi532WiNDfbBF-6jrUHpA, raOOhb1PofWlkOr7knf3lw, fM_CM2CHzFPLaSPW0Ctb9Q], isr=[2, 3, 1], removingReplicas=[], addingReplicas=[], elr=[], lastKnownElr=[], leader=2, leaderRecoveryState=RECOVERED, leaderEpoch=0, partitionEpoch=0). (org.apache.kafka.controller.ReplicationControlManager)
kafka3  | 2026-09-25T22:30:04.077468203Z [2026-09-25 22:30:04,075] INFO [QuorumController id=3] Replayed PartitionRecord for new partition __consumer_offsets-2 with topic ID w2caDlcSQY-bJJSbpCk06w and PartitionRegistration(replicas=[3, 1, 2], directories=[raOOhb1PofWlkOr7knf3lw, fM_CM2CHzFPLaSPW0Ctb9Q, aVi532WiNDfbBF-6jrUHpA], isr=[3, 1, 2], removingReplicas=[], addingReplicas=[], elr=[], lastKnownElr=[], leader=3, leaderRecoveryState=RECOVERED, leaderEpoch=0, partitionEpoch=0). (org.apache.kafka.controller.ReplicationControlManager)
kafka3  | 2026-09-25T22:30:04.077473982Z [2026-09-25 22:30:04,075] INFO [QuorumController id=3] Replayed PartitionRecord for new partition __consumer_offsets-3 with topic ID w2caDlcSQY-bJJSbpCk06w and PartitionRegistration(replicas=[2, 3, 1], directories=[aVi532WiNDfbBF-6jrUHpA, raOOhb1PofWlkOr7knf3lw, fM_CM2CHzFPLaSPW0Ctb9Q], isr=[2, 3, 1], removingReplicas=[], addingReplicas=[], elr=[], lastKnownElr=[], leader=2, leaderRecoveryState=RECOVERED, leaderEpoch=0, partitionEpoch=0). (org.apache.kafka.controller.ReplicationControlManager)
kafka3  | 2026-09-25T22:30:04.077476717Z [2026-09-25 22:30:04,076] INFO [QuorumController id=3] Replayed PartitionRecord for new partition __consumer_offsets-4 with topic ID w2caDlcSQY-bJJSbpCk06w and PartitionRegistration(replicas=[3, 1, 2], directories=[raOOhb1PofWlkOr7knf3lw, fM_CM2CHzFPLaSPW0Ctb9Q, aVi532WiNDfbBF-6jrUHpA], isr=[3, 1, 2], removingReplicas=[], addingReplicas=[], elr=[], lastKnownElr=[], leader=3, leaderRecoveryState=RECOVERED, leaderEpoch=0, partitionEpoch=0). (org.apache.kafka.controller.ReplicationControlManager)
kafka3  | 2026-09-25T22:30:04.084059115Z [2026-09-25 22:30:04,081] INFO [QuorumController id=3] Replayed PartitionRecord for new partition __consumer_offsets-5 with topic ID w2caDlcSQY-bJJSbpCk06w and PartitionRegistration(replicas=[1, 2, 3], directories=[fM_CM2CHzFPLaSPW0Ctb9Q, aVi532WiNDfbBF-6jrUHpA, raOOhb1PofWlkOr7knf3lw], isr=[1, 2, 3], removingReplicas=[], addingReplicas=[], elr=[], lastKnownElr=[], leader=1, leaderRecoveryState=RECOVERED, leaderEpoch=0, partitionEpoch=0). (org.apache.kafka.controller.ReplicationControlManager)
kafka3  | 2026-09-25T22:30:04.084104372Z [2026-09-25 22:30:04,082] INFO [QuorumController id=3] Replayed PartitionRecord for new partition __consumer_offsets-6 with topic ID w2caDlcSQY-bJJSbpCk06w and PartitionRegistration(replicas=[1, 2, 3], directories=[fM_CM2CHzFPLaSPW0Ctb9Q, aVi532WiNDfbBF-6jrUHpA, raOOhb1PofWlkOr7knf3lw], isr=[1, 2, 3], removingReplicas=[], addingReplicas=[], elr=[], lastKnownElr=[], leader=1, leaderRecoveryState=RECOVERED, leaderEpoch=0, partitionEpoch=0). (org.apache.kafka.controller.ReplicationControlManager)
kafka3  | 2026-09-25T22:30:04.088405075Z [2026-09-25 22:30:04,087] INFO [LogLoader partition=dados-sensores-3, dir=/var/lib/kafka/data] Loading producer state till offset 0 with message format version 2 (kafka.log.UnifiedLog$)
kafka3  | 2026-09-25T22:30:04.090831758Z [2026-09-25 22:30:04,090] INFO [QuorumController id=3] Replayed PartitionRecord for new partition __consumer_offsets-7 with topic ID w2caDlcSQY-bJJSbpCk06w and PartitionRegistration(replicas=[2, 3, 1], directories=[aVi532WiNDfbBF-6jrUHpA, raOOhb1PofWlkOr7knf3lw, fM_CM2CHzFPLaSPW0Ctb9Q], isr=[2, 3, 1], removingReplicas=[], addingReplicas=[], elr=[], lastKnownElr=[], leader=2, leaderRecoveryState=RECOVERED, leaderEpoch=0, partitionEpoch=0). (org.apache.kafka.controller.ReplicationControlManager)
kafka3  | 2026-09-25T22:30:04.094989757Z [2026-09-25 22:30:04,091] INFO [QuorumController id=3] Replayed PartitionRecord for new partition __consumer_offsets-8 with topic ID w2caDlcSQY-bJJSbpCk06w and PartitionRegistration(replicas=[3, 1, 2], directories=[raOOhb1PofWlkOr7knf3lw, fM_CM2CHzFPLaSPW0Ctb9Q, aVi532WiNDfbBF-6jrUHpA], isr=[3, 1, 2], removingReplicas=[], addingReplicas=[], elr=[], lastKnownElr=[], leader=3, leaderRecoveryState=RECOVERED, leaderEpoch=0, partitionEpoch=0). (org.apache.kafka.controller.ReplicationControlManager)
kafka3  | 2026-09-25T22:30:04.095066974Z [2026-09-25 22:30:04,092] INFO [QuorumController id=3] Replayed PartitionRecord for new partition __consumer_offsets-9 with topic ID w2caDlcSQY-bJJSbpCk06w and PartitionRegistration(replicas=[2, 1, 3], directories=[aVi532WiNDfbBF-6jrUHpA, fM_CM2CHzFPLaSPW0Ctb9Q, raOOhb1PofWlkOr7knf3lw], isr=[2, 1, 3], removingReplicas=[], addingReplicas=[], elr=[], lastKnownElr=[], leader=2, leaderRecoveryState=RECOVERED, leaderEpoch=0, partitionEpoch=0). (org.apache.kafka.controller.ReplicationControlManager)
kafka3  | 2026-09-25T22:30:04.095074635Z [2026-09-25 22:30:04,092] INFO [QuorumController id=3] Replayed PartitionRecord for new partition __consumer_offsets-10 with topic ID w2caDlcSQY-bJJSbpCk06w and PartitionRegistration(replicas=[1, 3, 2], directories=[fM_CM2CHzFPLaSPW0Ctb9Q, raOOhb1PofWlkOr7knf3lw, aVi532WiNDfbBF-6jrUHpA], isr=[1, 3, 2], removingReplicas=[], addingReplicas=[], elr=[], lastKnownElr=[], leader=1, leaderRecoveryState=RECOVERED, leaderEpoch=0, partitionEpoch=0). (org.apache.kafka.controller.ReplicationControlManager)
kafka3  | 2026-09-25T22:30:04.095077777Z [2026-09-25 22:30:04,093] INFO [QuorumController id=3] Replayed PartitionRecord for new partition __consumer_offsets-11 with topic ID w2caDlcSQY-bJJSbpCk06w and PartitionRegistration(replicas=[3, 2, 1], directories=[raOOhb1PofWlkOr7knf3lw, aVi532WiNDfbBF-6jrUHpA, fM_CM2CHzFPLaSPW0Ctb9Q], isr=[3, 2, 1], removingReplicas=[], addingReplicas=[], elr=[], lastKnownElr=[], leader=3, leaderRecoveryState=RECOVERED, leaderEpoch=0, partitionEpoch=0). (org.apache.kafka.controller.ReplicationControlManager)
kafka3  | 2026-09-25T22:30:04.095082766Z [2026-09-25 22:30:04,093] INFO [QuorumController id=3] Replayed PartitionRecord for new partition __consumer_offsets-12 with topic ID w2caDlcSQY-bJJSbpCk06w and PartitionRegistration(replicas=[3, 1, 2], directories=[raOOhb1PofWlkOr7knf3lw, fM_CM2CHzFPLaSPW0Ctb9Q, aVi532WiNDfbBF-6jrUHpA], isr=[3, 1, 2], removingReplicas=[], addingReplicas=[], elr=[], lastKnownElr=[], leader=3, leaderRecoveryState=RECOVERED, leaderEpoch=0, partitionEpoch=0). (org.apache.kafka.controller.ReplicationControlManager)
kafka3  | 2026-09-25T22:30:04.095085812Z [2026-09-25 22:30:04,093] INFO [QuorumController id=3] Replayed PartitionRecord for new partition __consumer_offsets-13 with topic ID w2caDlcSQY-bJJSbpCk06w and PartitionRegistration(replicas=[1, 2, 3], directories=[fM_CM2CHzFPLaSPW0Ctb9Q, aVi532WiNDfbBF-6jrUHpA, raOOhb1PofWlkOr7knf3lw], isr=[1, 2, 3], removingReplicas=[], addingReplicas=[], elr=[], lastKnownElr=[], leader=1, leaderRecoveryState=RECOVERED, leaderEpoch=0, partitionEpoch=0). (org.apache.kafka.controller.ReplicationControlManager)
kafka3  | 2026-09-25T22:30:04.095088244Z [2026-09-25 22:30:04,094] INFO [QuorumController id=3] Replayed PartitionRecord for new partition __consumer_offsets-14 with topic ID w2caDlcSQY-bJJSbpCk06w and PartitionRegistration(replicas=[2, 3, 1], directories=[aVi532WiNDfbBF-6jrUHpA, raOOhb1PofWlkOr7knf3lw, fM_CM2CHzFPLaSPW0Ctb9Q], isr=[2, 3, 1], removingReplicas=[], addingReplicas=[], elr=[], lastKnownElr=[], leader=2, leaderRecoveryState=RECOVERED, leaderEpoch=0, partitionEpoch=0). (org.apache.kafka.controller.ReplicationControlManager)
kafka3  | 2026-09-25T22:30:04.095105161Z [2026-09-25 22:30:04,094] INFO [QuorumController id=3] Replayed PartitionRecord for new partition __consumer_offsets-15 with topic ID w2caDlcSQY-bJJSbpCk06w and PartitionRegistration(replicas=[3, 1, 2], directories=[raOOhb1PofWlkOr7knf3lw, fM_CM2CHzFPLaSPW0Ctb9Q, aVi532WiNDfbBF-6jrUHpA], isr=[3, 1, 2], removingReplicas=[], addingReplicas=[], elr=[], lastKnownElr=[], leader=3, leaderRecoveryState=RECOVERED, leaderEpoch=0, partitionEpoch=0). (org.apache.kafka.controller.ReplicationControlManager)
kafka3  | 2026-09-25T22:30:04.095110220Z [2026-09-25 22:30:04,094] INFO Created log for partition dados-sensores-3 in /var/lib/kafka/data/dados-sensores-3 with properties {} (kafka.log.LogManager)
kafka3  | 2026-09-25T22:30:04.095231094Z [2026-09-25 22:30:04,094] INFO [QuorumController id=3] Replayed PartitionRecord for new partition __consumer_offsets-16 with topic ID w2caDlcSQY-bJJSbpCk06w and PartitionRegistration(replicas=[1, 2, 3], directories=[fM_CM2CHzFPLaSPW0Ctb9Q, aVi532WiNDfbBF-6jrUHpA, raOOhb1PofWlkOr7knf3lw], isr=[1, 2, 3], removingReplicas=[], addingReplicas=[], elr=[], lastKnownElr=[], leader=1, leaderRecoveryState=RECOVERED, leaderEpoch=0, partitionEpoch=0). (org.apache.kafka.controller.ReplicationControlManager)
kafka3  | 2026-09-25T22:30:04.095249767Z [2026-09-25 22:30:04,095] INFO [QuorumController id=3] Replayed PartitionRecord for new partition __consumer_offsets-17 with topic ID w2caDlcSQY-bJJSbpCk06w and PartitionRegistration(replicas=[2, 3, 1], directories=[aVi532WiNDfbBF-6jrUHpA, raOOhb1PofWlkOr7knf3lw, fM_CM2CHzFPLaSPW0Ctb9Q], isr=[2, 3, 1], removingReplicas=[], addingReplicas=[], elr=[], lastKnownElr=[], leader=2, leaderRecoveryState=RECOVERED, leaderEpoch=0, partitionEpoch=0). (org.apache.kafka.controller.ReplicationControlManager)
kafka3  | 2026-09-25T22:30:04.095301782Z [2026-09-25 22:30:04,095] INFO [QuorumController id=3] Replayed PartitionRecord for new partition __consumer_offsets-18 with topic ID w2caDlcSQY-bJJSbpCk06w and PartitionRegistration(replicas=[3, 2, 1], directories=[raOOhb1PofWlkOr7knf3lw, aVi532WiNDfbBF-6jrUHpA, fM_CM2CHzFPLaSPW0Ctb9Q], isr=[3, 2, 1], removingReplicas=[], addingReplicas=[], elr=[], lastKnownElr=[], leader=3, leaderRecoveryState=RECOVERED, leaderEpoch=0, partitionEpoch=0). (org.apache.kafka.controller.ReplicationControlManager)
kafka3  | 2026-09-25T22:30:04.095481234Z [2026-09-25 22:30:04,095] INFO [QuorumController id=3] Replayed PartitionRecord for new partition __consumer_offsets-19 with topic ID w2caDlcSQY-bJJSbpCk06w and PartitionRegistration(replicas=[2, 1, 3], directories=[aVi532WiNDfbBF-6jrUHpA, fM_CM2CHzFPLaSPW0Ctb9Q, raOOhb1PofWlkOr7knf3lw], isr=[2, 1, 3], removingReplicas=[], addingReplicas=[], elr=[], lastKnownElr=[], leader=2, leaderRecoveryState=RECOVERED, leaderEpoch=0, partitionEpoch=0). (org.apache.kafka.controller.ReplicationControlManager)
kafka3  | 2026-09-25T22:30:04.095676158Z [2026-09-25 22:30:04,095] INFO [QuorumController id=3] Replayed PartitionRecord for new partition __consumer_offsets-20 with topic ID w2caDlcSQY-bJJSbpCk06w and PartitionRegistration(replicas=[1, 3, 2], directories=[fM_CM2CHzFPLaSPW0Ctb9Q, raOOhb1PofWlkOr7knf3lw, aVi532WiNDfbBF-6jrUHpA], isr=[1, 3, 2], removingReplicas=[], addingReplicas=[], elr=[], lastKnownElr=[], leader=1, leaderRecoveryState=RECOVERED, leaderEpoch=0, partitionEpoch=0). (org.apache.kafka.controller.ReplicationControlManager)
kafka3  | 2026-09-25T22:30:04.095888368Z [2026-09-25 22:30:04,095] INFO [QuorumController id=3] Replayed PartitionRecord for new partition __consumer_offsets-21 with topic ID w2caDlcSQY-bJJSbpCk06w and PartitionRegistration(replicas=[3, 2, 1], directories=[raOOhb1PofWlkOr7knf3lw, aVi532WiNDfbBF-6jrUHpA, fM_CM2CHzFPLaSPW0Ctb9Q], isr=[3, 2, 1], removingReplicas=[], addingReplicas=[], elr=[], lastKnownElr=[], leader=3, leaderRecoveryState=RECOVERED, leaderEpoch=0, partitionEpoch=0). (org.apache.kafka.controller.ReplicationControlManager)
kafka3  | 2026-09-25T22:30:04.096126829Z [2026-09-25 22:30:04,095] INFO [QuorumController id=3] Replayed PartitionRecord for new partition __consumer_offsets-22 with topic ID w2caDlcSQY-bJJSbpCk06w and PartitionRegistration(replicas=[2, 1, 3], directories=[aVi532WiNDfbBF-6jrUHpA, fM_CM2CHzFPLaSPW0Ctb9Q, raOOhb1PofWlkOr7knf3lw], isr=[2, 1, 3], removingReplicas=[], addingReplicas=[], elr=[], lastKnownElr=[], leader=2, leaderRecoveryState=RECOVERED, leaderEpoch=0, partitionEpoch=0). (org.apache.kafka.controller.ReplicationControlManager)
kafka3  | 2026-09-25T22:30:04.096249177Z [2026-09-25 22:30:04,096] INFO [QuorumController id=3] Replayed PartitionRecord for new partition __consumer_offsets-23 with topic ID w2caDlcSQY-bJJSbpCk06w and PartitionRegistration(replicas=[1, 3, 2], directories=[fM_CM2CHzFPLaSPW0Ctb9Q, raOOhb1PofWlkOr7knf3lw, aVi532WiNDfbBF-6jrUHpA], isr=[1, 3, 2], removingReplicas=[], addingReplicas=[], elr=[], lastKnownElr=[], leader=1, leaderRecoveryState=RECOVERED, leaderEpoch=0, partitionEpoch=0). (org.apache.kafka.controller.ReplicationControlManager)
kafka3  | 2026-09-25T22:30:04.096406968Z [2026-09-25 22:30:04,096] INFO [QuorumController id=3] Replayed PartitionRecord for new partition __consumer_offsets-24 with topic ID w2caDlcSQY-bJJSbpCk06w and PartitionRegistration(replicas=[2, 3, 1], directories=[aVi532WiNDfbBF-6jrUHpA, raOOhb1PofWlkOr7knf3lw, fM_CM2CHzFPLaSPW0Ctb9Q], isr=[2, 3, 1], removingReplicas=[], addingReplicas=[], elr=[], lastKnownElr=[], leader=2, leaderRecoveryState=RECOVERED, leaderEpoch=0, partitionEpoch=0). (org.apache.kafka.controller.ReplicationControlManager)
kafka3  | 2026-09-25T22:30:04.096701962Z [2026-09-25 22:30:04,096] INFO [QuorumController id=3] Replayed PartitionRecord for new partition __consumer_offsets-25 with topic ID w2caDlcSQY-bJJSbpCk06w and PartitionRegistration(replicas=[3, 1, 2], directories=[raOOhb1PofWlkOr7knf3lw, fM_CM2CHzFPLaSPW0Ctb9Q, aVi532WiNDfbBF-6jrUHpA], isr=[3, 1, 2], removingReplicas=[], addingReplicas=[], elr=[], lastKnownElr=[], leader=3, leaderRecoveryState=RECOVERED, leaderEpoch=0, partitionEpoch=0). (org.apache.kafka.controller.ReplicationControlManager)
kafka3  | 2026-09-25T22:30:04.096970896Z [2026-09-25 22:30:04,096] INFO [QuorumController id=3] Replayed PartitionRecord for new partition __consumer_offsets-26 with topic ID w2caDlcSQY-bJJSbpCk06w and PartitionRegistration(replicas=[1, 2, 3], directories=[fM_CM2CHzFPLaSPW0Ctb9Q, aVi532WiNDfbBF-6jrUHpA, raOOhb1PofWlkOr7knf3lw], isr=[1, 2, 3], removingReplicas=[], addingReplicas=[], elr=[], lastKnownElr=[], leader=1, leaderRecoveryState=RECOVERED, leaderEpoch=0, partitionEpoch=0). (org.apache.kafka.controller.ReplicationControlManager)
kafka3  | 2026-09-25T22:30:04.097266552Z [2026-09-25 22:30:04,097] INFO [QuorumController id=3] Replayed PartitionRecord for new partition __consumer_offsets-27 with topic ID w2caDlcSQY-bJJSbpCk06w and PartitionRegistration(replicas=[2, 1, 3], directories=[aVi532WiNDfbBF-6jrUHpA, fM_CM2CHzFPLaSPW0Ctb9Q, raOOhb1PofWlkOr7knf3lw], isr=[2, 1, 3], removingReplicas=[], addingReplicas=[], elr=[], lastKnownElr=[], leader=2, leaderRecoveryState=RECOVERED, leaderEpoch=0, partitionEpoch=0). (org.apache.kafka.controller.ReplicationControlManager)
kafka3  | 2026-09-25T22:30:04.098665102Z [2026-09-25 22:30:04,097] INFO [QuorumController id=3] Replayed PartitionRecord for new partition __consumer_offsets-28 with topic ID w2caDlcSQY-bJJSbpCk06w and PartitionRegistration(replicas=[1, 3, 2], directories=[fM_CM2CHzFPLaSPW0Ctb9Q, raOOhb1PofWlkOr7knf3lw, aVi532WiNDfbBF-6jrUHpA], isr=[1, 3, 2], removingReplicas=[], addingReplicas=[], elr=[], lastKnownElr=[], leader=1, leaderRecoveryState=RECOVERED, leaderEpoch=0, partitionEpoch=0). (org.apache.kafka.controller.ReplicationControlManager)
kafka3  | 2026-09-25T22:30:04.098890738Z [2026-09-25 22:30:04,098] INFO [QuorumController id=3] Replayed PartitionRecord for new partition __consumer_offsets-29 with topic ID w2caDlcSQY-bJJSbpCk06w and PartitionRegistration(replicas=[3, 2, 1], directories=[raOOhb1PofWlkOr7knf3lw, aVi532WiNDfbBF-6jrUHpA, fM_CM2CHzFPLaSPW0Ctb9Q], isr=[3, 2, 1], removingReplicas=[], addingReplicas=[], elr=[], lastKnownElr=[], leader=3, leaderRecoveryState=RECOVERED, leaderEpoch=0, partitionEpoch=0). (org.apache.kafka.controller.ReplicationControlManager)
kafka3  | 2026-09-25T22:30:04.099062864Z [2026-09-25 22:30:04,098] INFO [QuorumController id=3] Replayed PartitionRecord for new partition __consumer_offsets-30 with topic ID w2caDlcSQY-bJJSbpCk06w and PartitionRegistration(replicas=[1, 2, 3], directories=[fM_CM2CHzFPLaSPW0Ctb9Q, aVi532WiNDfbBF-6jrUHpA, raOOhb1PofWlkOr7knf3lw], isr=[1, 2, 3], removingReplicas=[], addingReplicas=[], elr=[], lastKnownElr=[], leader=1, leaderRecoveryState=RECOVERED, leaderEpoch=0, partitionEpoch=0). (org.apache.kafka.controller.ReplicationControlManager)
kafka3  | 2026-09-25T22:30:04.099268875Z [2026-09-25 22:30:04,098] INFO [QuorumController id=3] Replayed PartitionRecord for new partition __consumer_offsets-31 with topic ID w2caDlcSQY-bJJSbpCk06w and PartitionRegistration(replicas=[2, 3, 1], directories=[aVi532WiNDfbBF-6jrUHpA, raOOhb1PofWlkOr7knf3lw, fM_CM2CHzFPLaSPW0Ctb9Q], isr=[2, 3, 1], removingReplicas=[], addingReplicas=[], elr=[], lastKnownElr=[], leader=2, leaderRecoveryState=RECOVERED, leaderEpoch=0, partitionEpoch=0). (org.apache.kafka.controller.ReplicationControlManager)
kafka3  | 2026-09-25T22:30:04.099282571Z [2026-09-25 22:30:04,098] INFO [QuorumController id=3] Replayed PartitionRecord for new partition __consumer_offsets-32 with topic ID w2caDlcSQY-bJJSbpCk06w and PartitionRegistration(replicas=[3, 1, 2], directories=[raOOhb1PofWlkOr7knf3lw, fM_CM2CHzFPLaSPW0Ctb9Q, aVi532WiNDfbBF-6jrUHpA], isr=[3, 1, 2], removingReplicas=[], addingReplicas=[], elr=[], lastKnownElr=[], leader=3, leaderRecoveryState=RECOVERED, leaderEpoch=0, partitionEpoch=0). (org.apache.kafka.controller.ReplicationControlManager)
kafka1  | 2026-09-25T22:30:04.759473432Z [2026-09-25 22:30:04,759] INFO [LogLoader partition=__consumer_offsets-6, dir=/var/lib/kafka/data] Loading producer state till offset 0 with message format version 2 (kafka.log.UnifiedLog$)
kafka1  | 2026-09-25T22:30:04.765244906Z [2026-09-25 22:30:04,760] INFO Created log for partition __consumer_offsets-6 in /var/lib/kafka/data/__consumer_offsets-6 with properties {cleanup.policy=compact, compression.type="producer", segment.bytes=104857600} (kafka.log.LogManager)
kafka1  | 2026-09-25T22:30:04.765270607Z [2026-09-25 22:30:04,762] INFO [Partition __consumer_offsets-6 broker=1] No checkpointed highwatermark is found for partition __consumer_offsets-6 (kafka.cluster.Partition)
kafka1  | 2026-09-25T22:30:04.765272941Z [2026-09-25 22:30:04,764] INFO [Partition __consumer_offsets-6 broker=1] Log loaded for partition __consumer_offsets-6 with initial high watermark 0 (kafka.cluster.Partition)
kafka1  | 2026-09-25T22:30:04.766413646Z [2026-09-25 22:30:04,765] INFO [Broker id=1] Leader __consumer_offsets-6 with topic id Some(w2caDlcSQY-bJJSbpCk06w) starts at leader epoch 0 from offset 0 with partition epoch 0, high watermark 0, ISR [1,2,3], adding replicas [] and removing replicas [] . Previous leader None and previous leader epoch was -1. (state.change.logger)
kafka1  | 2026-09-25T22:30:04.780543152Z [2026-09-25 22:30:04,780] INFO [Broker id=1] Creating new partition __consumer_offsets-33 with topic id w2caDlcSQY-bJJSbpCk06w. (state.change.logger)
kafka1  | 2026-09-25T22:30:04.790424709Z [2026-09-25 22:30:04,790] INFO [LogLoader partition=__consumer_offsets-33, dir=/var/lib/kafka/data] Loading producer state till offset 0 with message format version 2 (kafka.log.UnifiedLog$)
kafka1  | 2026-09-25T22:30:04.793250616Z [2026-09-25 22:30:04,792] INFO Created log for partition __consumer_offsets-33 in /var/lib/kafka/data/__consumer_offsets-33 with properties {cleanup.policy=compact, compression.type="producer", segment.bytes=104857600} (kafka.log.LogManager)
kafka1  | 2026-09-25T22:30:04.793411092Z [2026-09-25 22:30:04,792] INFO [Partition __consumer_offsets-33 broker=1] No checkpointed highwatermark is found for partition __consumer_offsets-33 (kafka.cluster.Partition)
kafka1  | 2026-09-25T22:30:04.793422976Z [2026-09-25 22:30:04,792] INFO [Partition __consumer_offsets-33 broker=1] Log loaded for partition __consumer_offsets-33 with initial high watermark 0 (kafka.cluster.Partition)
kafka1  | 2026-09-25T22:30:04.793425943Z [2026-09-25 22:30:04,792] INFO [Broker id=1] Leader __consumer_offsets-33 with topic id Some(w2caDlcSQY-bJJSbpCk06w) starts at leader epoch 0 from offset 0 with partition epoch 0, high watermark 0, ISR [1,3,2], adding replicas [] and removing replicas [] . Previous leader None and previous leader epoch was -1. (state.change.logger)
kafka1  | 2026-09-25T22:30:04.802526817Z [2026-09-25 22:30:04,802] INFO [Broker id=1] Transitioning 33 partition(s) to local followers. (state.change.logger)
kafka1  | 2026-09-25T22:30:04.802604526Z [2026-09-25 22:30:04,802] INFO [Broker id=1] Creating new partition __consumer_offsets-15 with topic id w2caDlcSQY-bJJSbpCk06w. (state.change.logger)
kafka1  | 2026-09-25T22:30:04.807498082Z [2026-09-25 22:30:04,807] INFO [LogLoader partition=__consumer_offsets-15, dir=/var/lib/kafka/data] Loading producer state till offset 0 with message format version 2 (kafka.log.UnifiedLog$)
kafka1  | 2026-09-25T22:30:04.808216909Z [2026-09-25 22:30:04,807] INFO Created log for partition __consumer_offsets-15 in /var/lib/kafka/data/__consumer_offsets-15 with properties {cleanup.policy=compact, compression.type="producer", segment.bytes=104857600} (kafka.log.LogManager)
kafka1  | 2026-09-25T22:30:04.808249454Z [2026-09-25 22:30:04,808] INFO [Partition __consumer_offsets-15 broker=1] No checkpointed highwatermark is found for partition __consumer_offsets-15 (kafka.cluster.Partition)
kafka1  | 2026-09-25T22:30:04.808252137Z [2026-09-25 22:30:04,808] INFO [Partition __consumer_offsets-15 broker=1] Log loaded for partition __consumer_offsets-15 with initial high watermark 0 (kafka.cluster.Partition)
kafka1  | 2026-09-25T22:30:04.808483006Z [2026-09-25 22:30:04,808] INFO [Broker id=1] Follower __consumer_offsets-15 starts at leader epoch 0 from offset 0 with partition epoch 0 and high watermark 0. Current leader is 3. Previous leader Some(3) and previous leader epoch was 0. (state.change.logger)
kafka1  | 2026-09-25T22:30:04.810992841Z [2026-09-25 22:30:04,808] INFO [Broker id=1] Creating new partition __consumer_offsets-46 with topic id w2caDlcSQY-bJJSbpCk06w. (state.change.logger)
kafka1  | 2026-09-25T22:30:04.814813866Z [2026-09-25 22:30:04,814] INFO [LogLoader partition=__consumer_offsets-46, dir=/var/lib/kafka/data] Loading producer state till offset 0 with message format version 2 (kafka.log.UnifiedLog$)
kafka1  | 2026-09-25T22:30:04.816345146Z [2026-09-25 22:30:04,816] INFO Created log for partition __consumer_offsets-46 in /var/lib/kafka/data/__consumer_offsets-46 with properties {cleanup.policy=compact, compression.type="producer", segment.bytes=104857600} (kafka.log.LogManager)
kafka1  | 2026-09-25T22:30:04.817076030Z [2026-09-25 22:30:04,816] INFO [Partition __consumer_offsets-46 broker=1] No checkpointed highwatermark is found for partition __consumer_offsets-46 (kafka.cluster.Partition)
kafka1  | 2026-09-25T22:30:04.817088761Z [2026-09-25 22:30:04,816] INFO [Partition __consumer_offsets-46 broker=1] Log loaded for partition __consumer_offsets-46 with initial high watermark 0 (kafka.cluster.Partition)
kafka1  | 2026-09-25T22:30:04.817090760Z [2026-09-25 22:30:04,816] INFO [Broker id=1] Follower __consumer_offsets-46 starts at leader epoch 0 from offset 0 with partition epoch 0 and high watermark 0. Current leader is 2. Previous leader Some(2) and previous leader epoch was 0. (state.change.logger)
kafka1  | 2026-09-25T22:30:04.817260722Z [2026-09-25 22:30:04,816] INFO [Broker id=1] Creating new partition __consumer_offsets-11 with topic id w2caDlcSQY-bJJSbpCk06w. (state.change.logger)
kafka1  | 2026-09-25T22:30:04.825961283Z [2026-09-25 22:30:04,823] INFO [LogLoader partition=__consumer_offsets-11, dir=/var/lib/kafka/data] Loading producer state till offset 0 with message format version 2 (kafka.log.UnifiedLog$)
kafka1  | 2026-09-25T22:30:04.825998470Z [2026-09-25 22:30:04,825] INFO Created log for partition __consumer_offsets-11 in /var/lib/kafka/data/__consumer_offsets-11 with properties {cleanup.policy=compact, compression.type="producer", segment.bytes=104857600} (kafka.log.LogManager)
kafka1  | 2026-09-25T22:30:04.826004507Z [2026-09-25 22:30:04,825] INFO [Partition __consumer_offsets-11 broker=1] No checkpointed highwatermark is found for partition __consumer_offsets-11 (kafka.cluster.Partition)
kafka1  | 2026-09-25T22:30:04.826006713Z [2026-09-25 22:30:04,825] INFO [Partition __consumer_offsets-11 broker=1] Log loaded for partition __consumer_offsets-11 with initial high watermark 0 (kafka.cluster.Partition)
kafka1  | 2026-09-25T22:30:04.829683650Z [2026-09-25 22:30:04,825] INFO [Broker id=1] Follower __consumer_offsets-11 starts at leader epoch 0 from offset 0 with partition epoch 0 and high watermark 0. Current leader is 3. Previous leader Some(3) and previous leader epoch was 0. (state.change.logger)
kafka3  | 2026-09-25T22:30:04.099286196Z [2026-09-25 22:30:04,098] INFO [Partition dados-sensores-3 broker=3] No checkpointed highwatermark is found for partition dados-sensores-3 (kafka.cluster.Partition)
kafka2  | 2026-09-25T22:30:03.886540744Z [2026-09-25 22:30:03,885] INFO [QuorumController id=2] Replayed PartitionRecord for new partition __consumer_offsets-43 with topic ID w2caDlcSQY-bJJSbpCk06w and PartitionRegistration(replicas=[3, 2, 1], directories=[raOOhb1PofWlkOr7knf3lw, aVi532WiNDfbBF-6jrUHpA, fM_CM2CHzFPLaSPW0Ctb9Q], isr=[3, 2, 1], removingReplicas=[], addingReplicas=[], elr=[], lastKnownElr=[], leader=3, leaderRecoveryState=RECOVERED, leaderEpoch=0, partitionEpoch=0). (org.apache.kafka.controller.ReplicationControlManager)
kafka2  | 2026-09-25T22:30:03.886568368Z [2026-09-25 22:30:03,886] INFO [QuorumController id=2] Replayed PartitionRecord for new partition __consumer_offsets-44 with topic ID w2caDlcSQY-bJJSbpCk06w and PartitionRegistration(replicas=[2, 1, 3], directories=[aVi532WiNDfbBF-6jrUHpA, fM_CM2CHzFPLaSPW0Ctb9Q, raOOhb1PofWlkOr7knf3lw], isr=[2, 1, 3], removingReplicas=[], addingReplicas=[], elr=[], lastKnownElr=[], leader=2, leaderRecoveryState=RECOVERED, leaderEpoch=0, partitionEpoch=0). (org.apache.kafka.controller.ReplicationControlManager)
kafka2  | 2026-09-25T22:30:03.886571001Z [2026-09-25 22:30:03,886] INFO [QuorumController id=2] Replayed PartitionRecord for new partition __consumer_offsets-45 with topic ID w2caDlcSQY-bJJSbpCk06w and PartitionRegistration(replicas=[1, 2, 3], directories=[fM_CM2CHzFPLaSPW0Ctb9Q, aVi532WiNDfbBF-6jrUHpA, raOOhb1PofWlkOr7knf3lw], isr=[1, 2, 3], removingReplicas=[], addingReplicas=[], elr=[], lastKnownElr=[], leader=1, leaderRecoveryState=RECOVERED, leaderEpoch=0, partitionEpoch=0). (org.apache.kafka.controller.ReplicationControlManager)
kafka2  | 2026-09-25T22:30:03.886573274Z [2026-09-25 22:30:03,886] INFO [QuorumController id=2] Replayed PartitionRecord for new partition __consumer_offsets-46 with topic ID w2caDlcSQY-bJJSbpCk06w and PartitionRegistration(replicas=[2, 3, 1], directories=[aVi532WiNDfbBF-6jrUHpA, raOOhb1PofWlkOr7knf3lw, fM_CM2CHzFPLaSPW0Ctb9Q], isr=[2, 3, 1], removingReplicas=[], addingReplicas=[], elr=[], lastKnownElr=[], leader=2, leaderRecoveryState=RECOVERED, leaderEpoch=0, partitionEpoch=0). (org.apache.kafka.controller.ReplicationControlManager)
kafka2  | 2026-09-25T22:30:03.886582593Z [2026-09-25 22:30:03,886] INFO [QuorumController id=2] Replayed PartitionRecord for new partition __consumer_offsets-47 with topic ID w2caDlcSQY-bJJSbpCk06w and PartitionRegistration(replicas=[3, 1, 2], directories=[raOOhb1PofWlkOr7knf3lw, fM_CM2CHzFPLaSPW0Ctb9Q, aVi532WiNDfbBF-6jrUHpA], isr=[3, 1, 2], removingReplicas=[], addingReplicas=[], elr=[], lastKnownElr=[], leader=3, leaderRecoveryState=RECOVERED, leaderEpoch=0, partitionEpoch=0). (org.apache.kafka.controller.ReplicationControlManager)
kafka2  | 2026-09-25T22:30:03.886814186Z [2026-09-25 22:30:03,886] INFO [QuorumController id=2] Replayed PartitionRecord for new partition __consumer_offsets-48 with topic ID w2caDlcSQY-bJJSbpCk06w and PartitionRegistration(replicas=[1, 2, 3], directories=[fM_CM2CHzFPLaSPW0Ctb9Q, aVi532WiNDfbBF-6jrUHpA, raOOhb1PofWlkOr7knf3lw], isr=[1, 2, 3], removingReplicas=[], addingReplicas=[], elr=[], lastKnownElr=[], leader=1, leaderRecoveryState=RECOVERED, leaderEpoch=0, partitionEpoch=0). (org.apache.kafka.controller.ReplicationControlManager)
kafka2  | 2026-09-25T22:30:03.887048884Z [2026-09-25 22:30:03,886] INFO [QuorumController id=2] Replayed PartitionRecord for new partition __consumer_offsets-49 with topic ID w2caDlcSQY-bJJSbpCk06w and PartitionRegistration(replicas=[2, 3, 1], directories=[aVi532WiNDfbBF-6jrUHpA, raOOhb1PofWlkOr7knf3lw, fM_CM2CHzFPLaSPW0Ctb9Q], isr=[2, 3, 1], removingReplicas=[], addingReplicas=[], elr=[], lastKnownElr=[], leader=2, leaderRecoveryState=RECOVERED, leaderEpoch=0, partitionEpoch=0). (org.apache.kafka.controller.ReplicationControlManager)
kafka2  | 2026-09-25T22:30:03.888298647Z [2026-09-25 22:30:03,887] INFO [LogLoader partition=dados-sensores-3, dir=/var/lib/kafka/data] Loading producer state till offset 0 with message format version 2 (kafka.log.UnifiedLog$)
kafka2  | 2026-09-25T22:30:03.889300247Z [2026-09-25 22:30:03,889] INFO Created log for partition dados-sensores-3 in /var/lib/kafka/data/dados-sensores-3 with properties {} (kafka.log.LogManager)
kafka2  | 2026-09-25T22:30:03.889521213Z [2026-09-25 22:30:03,889] INFO [Partition dados-sensores-3 broker=2] No checkpointed highwatermark is found for partition dados-sensores-3 (kafka.cluster.Partition)
kafka2  | 2026-09-25T22:30:03.889711931Z [2026-09-25 22:30:03,889] INFO [Partition dados-sensores-3 broker=2] Log loaded for partition dados-sensores-3 with initial high watermark 0 (kafka.cluster.Partition)
kafka2  | 2026-09-25T22:30:03.889789888Z [2026-09-25 22:30:03,889] INFO [Broker id=2] Follower dados-sensores-3 starts at leader epoch 0 from offset 0 with partition epoch 0 and high watermark 0. Current leader is 3. Previous leader Some(3) and previous leader epoch was 0. (state.change.logger)
kafka2  | 2026-09-25T22:30:03.889798972Z [2026-09-25 22:30:03,889] INFO [Broker id=2] Creating new partition dados-sensores-2 with topic id 6zODIGJVQzKlhQlNLdPLMg. (state.change.logger)
kafka2  | 2026-09-25T22:30:03.893554949Z [2026-09-25 22:30:03,893] INFO [LogLoader partition=dados-sensores-2, dir=/var/lib/kafka/data] Loading producer state till offset 0 with message format version 2 (kafka.log.UnifiedLog$)
kafka2  | 2026-09-25T22:30:03.894401897Z [2026-09-25 22:30:03,894] INFO Created log for partition dados-sensores-2 in /var/lib/kafka/data/dados-sensores-2 with properties {} (kafka.log.LogManager)
kafka2  | 2026-09-25T22:30:03.894424697Z [2026-09-25 22:30:03,894] INFO [Partition dados-sensores-2 broker=2] No checkpointed highwatermark is found for partition dados-sensores-2 (kafka.cluster.Partition)
kafka2  | 2026-09-25T22:30:03.894504637Z [2026-09-25 22:30:03,894] INFO [Partition dados-sensores-2 broker=2] Log loaded for partition dados-sensores-2 with initial high watermark 0 (kafka.cluster.Partition)
kafka2  | 2026-09-25T22:30:03.894846334Z [2026-09-25 22:30:03,894] INFO [Broker id=2] Follower dados-sensores-2 starts at leader epoch 0 from offset 0 with partition epoch 0 and high watermark 0. Current leader is 1. Previous leader Some(1) and previous leader epoch was 0. (state.change.logger)
kafka2  | 2026-09-25T22:30:03.894857868Z [2026-09-25 22:30:03,894] INFO [ReplicaFetcherManager on broker 2] Removed fetcher for partitions Set(dados-sensores-5, dados-sensores-1, dados-sensores-3, dados-sensores-2) (kafka.server.ReplicaFetcherManager)
kafka2  | 2026-09-25T22:30:03.895801676Z [2026-09-25 22:30:03,895] INFO [Broker id=2] Stopped fetchers as part of become-follower for 4 partitions (state.change.logger)
kafka2  | 2026-09-25T22:30:03.912520588Z [2026-09-25 22:30:03,912] INFO [ReplicaFetcherThread-0-1]: Starting (kafka.server.ReplicaFetcherThread)
kafka2  | 2026-09-25T22:30:03.916149257Z [2026-09-25 22:30:03,915] INFO [ReplicaFetcherManager on broker 2] Added fetcher to broker 1 for partitions HashMap(dados-sensores-5 -> InitialFetchState(Some(6zODIGJVQzKlhQlNLdPLMg),BrokerEndPoint(id=1, host=kafka1:9092),0,0), dados-sensores-2 -> InitialFetchState(Some(6zODIGJVQzKlhQlNLdPLMg),BrokerEndPoint(id=1, host=kafka1:9092),0,0)) (kafka.server.ReplicaFetcherManager)
kafka2  | 2026-09-25T22:30:03.918899172Z [2026-09-25 22:30:03,918] INFO [ReplicaFetcher replicaId=2, leaderId=1, fetcherId=0] Truncating partition dados-sensores-5 with TruncationState(offset=0, completed=true) due to local high watermark 0 (kafka.server.ReplicaFetcherThread)
kafka2  | 2026-09-25T22:30:03.920813936Z [2026-09-25 22:30:03,920] INFO [ReplicaFetcherManager on broker 2] Added fetcher to broker 3 for partitions HashMap(dados-sensores-1 -> InitialFetchState(Some(6zODIGJVQzKlhQlNLdPLMg),BrokerEndPoint(id=3, host=kafka3:9092),0,0), dados-sensores-3 -> InitialFetchState(Some(6zODIGJVQzKlhQlNLdPLMg),BrokerEndPoint(id=3, host=kafka3:9092),0,0)) (kafka.server.ReplicaFetcherManager)
kafka2  | 2026-09-25T22:30:03.920861121Z [2026-09-25 22:30:03,920] INFO [ReplicaFetcherThread-0-3]: Starting (kafka.server.ReplicaFetcherThread)
kafka2  | 2026-09-25T22:30:03.922201250Z [2026-09-25 22:30:03,920] INFO [ReplicaFetcher replicaId=2, leaderId=3, fetcherId=0] Truncating partition dados-sensores-1 with TruncationState(offset=0, completed=true) due to local high watermark 0 (kafka.server.ReplicaFetcherThread)
kafka2  | 2026-09-25T22:30:03.922229914Z [2026-09-25 22:30:03,921] INFO [Broker id=2] Started fetchers as part of become-follower for 4 partitions (state.change.logger)
kafka2  | 2026-09-25T22:30:03.922232721Z [2026-09-25 22:30:03,921] INFO [UnifiedLog partition=dados-sensores-5, dir=/var/lib/kafka/data] Truncating to 0 has no effect as the largest offset in the log is -1 (kafka.log.UnifiedLog)
kafka2  | 2026-09-25T22:30:03.922643332Z [2026-09-25 22:30:03,921] INFO [UnifiedLog partition=dados-sensores-1, dir=/var/lib/kafka/data] Truncating to 0 has no effect as the largest offset in the log is -1 (kafka.log.UnifiedLog)
kafka2  | 2026-09-25T22:30:03.926651810Z [2026-09-25 22:30:03,925] INFO [ReplicaFetcher replicaId=2, leaderId=1, fetcherId=0] Truncating partition dados-sensores-2 with TruncationState(offset=0, completed=true) due to local high watermark 0 (kafka.server.ReplicaFetcherThread)
kafka3  | 2026-09-25T22:30:04.099288304Z [2026-09-25 22:30:04,099] INFO [Partition dados-sensores-3 broker=3] Log loaded for partition dados-sensores-3 with initial high watermark 0 (kafka.cluster.Partition)
kafka1  | 2026-09-25T22:30:04.829791849Z [2026-09-25 22:30:04,828] INFO [Broker id=1] Creating new partition __consumer_offsets-44 with topic id w2caDlcSQY-bJJSbpCk06w. (state.change.logger)
kafka1  | 2026-09-25T22:30:04.834337310Z [2026-09-25 22:30:04,834] INFO [LogLoader partition=__consumer_offsets-44, dir=/var/lib/kafka/data] Loading producer state till offset 0 with message format version 2 (kafka.log.UnifiedLog$)
kafka3  | 2026-09-25T22:30:04.100360866Z [2026-09-25 22:30:04,099] INFO [Broker id=3] Leader dados-sensores-3 with topic id Some(6zODIGJVQzKlhQlNLdPLMg) starts at leader epoch 0 from offset 0 with partition epoch 0, high watermark 0, ISR [3,2,1], adding replicas [] and removing replicas [] . Previous leader None and previous leader epoch was -1. (state.change.logger)
kafka3  | 2026-09-25T22:30:04.100861142Z [2026-09-25 22:30:04,100] INFO [QuorumController id=3] Replayed PartitionRecord for new partition __consumer_offsets-33 with topic ID w2caDlcSQY-bJJSbpCk06w and PartitionRegistration(replicas=[1, 3, 2], directories=[fM_CM2CHzFPLaSPW0Ctb9Q, raOOhb1PofWlkOr7knf3lw, aVi532WiNDfbBF-6jrUHpA], isr=[1, 3, 2], removingReplicas=[], addingReplicas=[], elr=[], lastKnownElr=[], leader=1, leaderRecoveryState=RECOVERED, leaderEpoch=0, partitionEpoch=0). (org.apache.kafka.controller.ReplicationControlManager)
kafka3  | 2026-09-25T22:30:04.100883848Z [2026-09-25 22:30:04,100] INFO [QuorumController id=3] Replayed PartitionRecord for new partition __consumer_offsets-34 with topic ID w2caDlcSQY-bJJSbpCk06w and PartitionRegistration(replicas=[3, 2, 1], directories=[raOOhb1PofWlkOr7knf3lw, aVi532WiNDfbBF-6jrUHpA, fM_CM2CHzFPLaSPW0Ctb9Q], isr=[3, 2, 1], removingReplicas=[], addingReplicas=[], elr=[], lastKnownElr=[], leader=3, leaderRecoveryState=RECOVERED, leaderEpoch=0, partitionEpoch=0). (org.apache.kafka.controller.ReplicationControlManager)
kafka3  | 2026-09-25T22:30:04.101308586Z [2026-09-25 22:30:04,100] INFO [QuorumController id=3] Replayed PartitionRecord for new partition __consumer_offsets-35 with topic ID w2caDlcSQY-bJJSbpCk06w and PartitionRegistration(replicas=[2, 1, 3], directories=[aVi532WiNDfbBF-6jrUHpA, fM_CM2CHzFPLaSPW0Ctb9Q, raOOhb1PofWlkOr7knf3lw], isr=[2, 1, 3], removingReplicas=[], addingReplicas=[], elr=[], lastKnownElr=[], leader=2, leaderRecoveryState=RECOVERED, leaderEpoch=0, partitionEpoch=0). (org.apache.kafka.controller.ReplicationControlManager)
kafka3  | 2026-09-25T22:30:04.101894472Z [2026-09-25 22:30:04,101] INFO [QuorumController id=3] Replayed PartitionRecord for new partition __consumer_offsets-36 with topic ID w2caDlcSQY-bJJSbpCk06w and PartitionRegistration(replicas=[2, 1, 3], directories=[aVi532WiNDfbBF-6jrUHpA, fM_CM2CHzFPLaSPW0Ctb9Q, raOOhb1PofWlkOr7knf3lw], isr=[2, 1, 3], removingReplicas=[], addingReplicas=[], elr=[], lastKnownElr=[], leader=2, leaderRecoveryState=RECOVERED, leaderEpoch=0, partitionEpoch=0). (org.apache.kafka.controller.ReplicationControlManager)
kafka3  | 2026-09-25T22:30:04.108990598Z [2026-09-25 22:30:04,104] INFO [QuorumController id=3] Replayed PartitionRecord for new partition __consumer_offsets-37 with topic ID w2caDlcSQY-bJJSbpCk06w and PartitionRegistration(replicas=[1, 3, 2], directories=[fM_CM2CHzFPLaSPW0Ctb9Q, raOOhb1PofWlkOr7knf3lw, aVi532WiNDfbBF-6jrUHpA], isr=[1, 3, 2], removingReplicas=[], addingReplicas=[], elr=[], lastKnownElr=[], leader=1, leaderRecoveryState=RECOVERED, leaderEpoch=0, partitionEpoch=0). (org.apache.kafka.controller.ReplicationControlManager)
kafka3  | 2026-09-25T22:30:04.123523595Z [2026-09-25 22:30:04,117] INFO [Broker id=3] Transitioning 4 partition(s) to local followers. (state.change.logger)
kafka3  | 2026-09-25T22:30:04.123687667Z [2026-09-25 22:30:04,119] INFO [Broker id=3] Creating new partition dados-sensores-5 with topic id 6zODIGJVQzKlhQlNLdPLMg. (state.change.logger)
kafka3  | 2026-09-25T22:30:04.123696169Z [2026-09-25 22:30:04,119] INFO [QuorumController id=3] Replayed PartitionRecord for new partition __consumer_offsets-38 with topic ID w2caDlcSQY-bJJSbpCk06w and PartitionRegistration(replicas=[3, 2, 1], directories=[raOOhb1PofWlkOr7knf3lw, aVi532WiNDfbBF-6jrUHpA, fM_CM2CHzFPLaSPW0Ctb9Q], isr=[3, 2, 1], removingReplicas=[], addingReplicas=[], elr=[], lastKnownElr=[], leader=3, leaderRecoveryState=RECOVERED, leaderEpoch=0, partitionEpoch=0). (org.apache.kafka.controller.ReplicationControlManager)
kafka3  | 2026-09-25T22:30:04.123700545Z [2026-09-25 22:30:04,120] INFO [QuorumController id=3] Replayed PartitionRecord for new partition __consumer_offsets-39 with topic ID w2caDlcSQY-bJJSbpCk06w and PartitionRegistration(replicas=[3, 1, 2], directories=[raOOhb1PofWlkOr7knf3lw, fM_CM2CHzFPLaSPW0Ctb9Q, aVi532WiNDfbBF-6jrUHpA], isr=[3, 1, 2], removingReplicas=[], addingReplicas=[], elr=[], lastKnownElr=[], leader=3, leaderRecoveryState=RECOVERED, leaderEpoch=0, partitionEpoch=0). (org.apache.kafka.controller.ReplicationControlManager)
kafka3  | 2026-09-25T22:30:04.123703703Z [2026-09-25 22:30:04,120] INFO [QuorumController id=3] Replayed PartitionRecord for new partition __consumer_offsets-40 with topic ID w2caDlcSQY-bJJSbpCk06w and PartitionRegistration(replicas=[1, 2, 3], directories=[fM_CM2CHzFPLaSPW0Ctb9Q, aVi532WiNDfbBF-6jrUHpA, raOOhb1PofWlkOr7knf3lw], isr=[1, 2, 3], removingReplicas=[], addingReplicas=[], elr=[], lastKnownElr=[], leader=1, leaderRecoveryState=RECOVERED, leaderEpoch=0, partitionEpoch=0). (org.apache.kafka.controller.ReplicationControlManager)
kafka3  | 2026-09-25T22:30:04.124006046Z [2026-09-25 22:30:04,121] INFO [QuorumController id=3] Replayed PartitionRecord for new partition __consumer_offsets-41 with topic ID w2caDlcSQY-bJJSbpCk06w and PartitionRegistration(replicas=[2, 3, 1], directories=[aVi532WiNDfbBF-6jrUHpA, raOOhb1PofWlkOr7knf3lw, fM_CM2CHzFPLaSPW0Ctb9Q], isr=[2, 3, 1], removingReplicas=[], addingReplicas=[], elr=[], lastKnownElr=[], leader=2, leaderRecoveryState=RECOVERED, leaderEpoch=0, partitionEpoch=0). (org.apache.kafka.controller.ReplicationControlManager)
kafka3  | 2026-09-25T22:30:04.124016859Z [2026-09-25 22:30:04,121] INFO [QuorumController id=3] Replayed PartitionRecord for new partition __consumer_offsets-42 with topic ID w2caDlcSQY-bJJSbpCk06w and PartitionRegistration(replicas=[1, 3, 2], directories=[fM_CM2CHzFPLaSPW0Ctb9Q, raOOhb1PofWlkOr7knf3lw, aVi532WiNDfbBF-6jrUHpA], isr=[1, 3, 2], removingReplicas=[], addingReplicas=[], elr=[], lastKnownElr=[], leader=1, leaderRecoveryState=RECOVERED, leaderEpoch=0, partitionEpoch=0). (org.apache.kafka.controller.ReplicationControlManager)
kafka3  | 2026-09-25T22:30:04.124018970Z [2026-09-25 22:30:04,122] INFO [QuorumController id=3] Replayed PartitionRecord for new partition __consumer_offsets-43 with topic ID w2caDlcSQY-bJJSbpCk06w and PartitionRegistration(replicas=[3, 2, 1], directories=[raOOhb1PofWlkOr7knf3lw, aVi532WiNDfbBF-6jrUHpA, fM_CM2CHzFPLaSPW0Ctb9Q], isr=[3, 2, 1], removingReplicas=[], addingReplicas=[], elr=[], lastKnownElr=[], leader=3, leaderRecoveryState=RECOVERED, leaderEpoch=0, partitionEpoch=0). (org.apache.kafka.controller.ReplicationControlManager)
kafka3  | 2026-09-25T22:30:04.124021164Z [2026-09-25 22:30:04,122] INFO [QuorumController id=3] Replayed PartitionRecord for new partition __consumer_offsets-44 with topic ID w2caDlcSQY-bJJSbpCk06w and PartitionRegistration(replicas=[2, 1, 3], directories=[aVi532WiNDfbBF-6jrUHpA, fM_CM2CHzFPLaSPW0Ctb9Q, raOOhb1PofWlkOr7knf3lw], isr=[2, 1, 3], removingReplicas=[], addingReplicas=[], elr=[], lastKnownElr=[], leader=2, leaderRecoveryState=RECOVERED, leaderEpoch=0, partitionEpoch=0). (org.apache.kafka.controller.ReplicationControlManager)
kafka3  | 2026-09-25T22:30:04.124024491Z [2026-09-25 22:30:04,122] INFO [QuorumController id=3] Replayed PartitionRecord for new partition __consumer_offsets-45 with topic ID w2caDlcSQY-bJJSbpCk06w and PartitionRegistration(replicas=[1, 2, 3], directories=[fM_CM2CHzFPLaSPW0Ctb9Q, aVi532WiNDfbBF-6jrUHpA, raOOhb1PofWlkOr7knf3lw], isr=[1, 2, 3], removingReplicas=[], addingReplicas=[], elr=[], lastKnownElr=[], leader=1, leaderRecoveryState=RECOVERED, leaderEpoch=0, partitionEpoch=0). (org.apache.kafka.controller.ReplicationControlManager)
kafka3  | 2026-09-25T22:30:04.124026249Z [2026-09-25 22:30:04,122] INFO [QuorumController id=3] Replayed PartitionRecord for new partition __consumer_offsets-46 with topic ID w2caDlcSQY-bJJSbpCk06w and PartitionRegistration(replicas=[2, 3, 1], directories=[aVi532WiNDfbBF-6jrUHpA, raOOhb1PofWlkOr7knf3lw, fM_CM2CHzFPLaSPW0Ctb9Q], isr=[2, 3, 1], removingReplicas=[], addingReplicas=[], elr=[], lastKnownElr=[], leader=2, leaderRecoveryState=RECOVERED, leaderEpoch=0, partitionEpoch=0). (org.apache.kafka.controller.ReplicationControlManager)
kafka3  | 2026-09-25T22:30:04.124028849Z [2026-09-25 22:30:04,122] INFO [QuorumController id=3] Replayed PartitionRecord for new partition __consumer_offsets-47 with topic ID w2caDlcSQY-bJJSbpCk06w and PartitionRegistration(replicas=[3, 1, 2], directories=[raOOhb1PofWlkOr7knf3lw, fM_CM2CHzFPLaSPW0Ctb9Q, aVi532WiNDfbBF-6jrUHpA], isr=[3, 1, 2], removingReplicas=[], addingReplicas=[], elr=[], lastKnownElr=[], leader=3, leaderRecoveryState=RECOVERED, leaderEpoch=0, partitionEpoch=0). (org.apache.kafka.controller.ReplicationControlManager)
kafka3  | 2026-09-25T22:30:04.124041116Z [2026-09-25 22:30:04,123] INFO [QuorumController id=3] Replayed PartitionRecord for new partition __consumer_offsets-48 with topic ID w2caDlcSQY-bJJSbpCk06w and PartitionRegistration(replicas=[1, 2, 3], directories=[fM_CM2CHzFPLaSPW0Ctb9Q, aVi532WiNDfbBF-6jrUHpA, raOOhb1PofWlkOr7knf3lw], isr=[1, 2, 3], removingReplicas=[], addingReplicas=[], elr=[], lastKnownElr=[], leader=1, leaderRecoveryState=RECOVERED, leaderEpoch=0, partitionEpoch=0). (org.apache.kafka.controller.ReplicationControlManager)
kafka3  | 2026-09-25T22:30:04.124476038Z [2026-09-25 22:30:04,123] INFO [QuorumController id=3] Replayed PartitionRecord for new partition __consumer_offsets-49 with topic ID w2caDlcSQY-bJJSbpCk06w and PartitionRegistration(replicas=[2, 3, 1], directories=[aVi532WiNDfbBF-6jrUHpA, raOOhb1PofWlkOr7knf3lw, fM_CM2CHzFPLaSPW0Ctb9Q], isr=[2, 3, 1], removingReplicas=[], addingReplicas=[], elr=[], lastKnownElr=[], leader=2, leaderRecoveryState=RECOVERED, leaderEpoch=0, partitionEpoch=0). (org.apache.kafka.controller.ReplicationControlManager)
kafka3  | 2026-09-25T22:30:04.145180754Z [2026-09-25 22:30:04,142] INFO [LogLoader partition=dados-sensores-5, dir=/var/lib/kafka/data] Loading producer state till offset 0 with message format version 2 (kafka.log.UnifiedLog$)
kafka3  | 2026-09-25T22:30:04.148718629Z [2026-09-25 22:30:04,148] INFO Created log for partition dados-sensores-5 in /var/lib/kafka/data/dados-sensores-5 with properties {} (kafka.log.LogManager)
kafka3  | 2026-09-25T22:30:04.149217952Z [2026-09-25 22:30:04,148] INFO [Partition dados-sensores-5 broker=3] No checkpointed highwatermark is found for partition dados-sensores-5 (kafka.cluster.Partition)
kafka3  | 2026-09-25T22:30:04.150619387Z [2026-09-25 22:30:04,150] INFO [Partition dados-sensores-5 broker=3] Log loaded for partition dados-sensores-5 with initial high watermark 0 (kafka.cluster.Partition)
kafka3  | 2026-09-25T22:30:04.153803360Z [2026-09-25 22:30:04,153] INFO [Broker id=3] Follower dados-sensores-5 starts at leader epoch 0 from offset 0 with partition epoch 0 and high watermark 0. Current leader is 1. Previous leader Some(1) and previous leader epoch was 0. (state.change.logger)
kafka3  | 2026-09-25T22:30:04.153999396Z [2026-09-25 22:30:04,153] INFO [Broker id=3] Creating new partition dados-sensores-4 with topic id 6zODIGJVQzKlhQlNLdPLMg. (state.change.logger)
kafka3  | 2026-09-25T22:30:04.163665489Z [2026-09-25 22:30:04,163] INFO [LogLoader partition=dados-sensores-4, dir=/var/lib/kafka/data] Loading producer state till offset 0 with message format version 2 (kafka.log.UnifiedLog$)
kafka3  | 2026-09-25T22:30:04.167642091Z [2026-09-25 22:30:04,166] INFO Created log for partition dados-sensores-4 in /var/lib/kafka/data/dados-sensores-4 with properties {} (kafka.log.LogManager)
kafka3  | 2026-09-25T22:30:04.167927569Z [2026-09-25 22:30:04,167] INFO [Partition dados-sensores-4 broker=3] No checkpointed highwatermark is found for partition dados-sensores-4 (kafka.cluster.Partition)
kafka3  | 2026-09-25T22:30:04.168422215Z [2026-09-25 22:30:04,168] INFO [Partition dados-sensores-4 broker=3] Log loaded for partition dados-sensores-4 with initial high watermark 0 (kafka.cluster.Partition)
kafka3  | 2026-09-25T22:30:04.168857672Z [2026-09-25 22:30:04,168] INFO [Broker id=3] Follower dados-sensores-4 starts at leader epoch 0 from offset 0 with partition epoch 0 and high watermark 0. Current leader is 2. Previous leader Some(2) and previous leader epoch was 0. (state.change.logger)
kafka2  | 2026-09-25T22:30:03.926691418Z [2026-09-25 22:30:03,925] INFO [ReplicaFetcher replicaId=2, leaderId=3, fetcherId=0] Truncating partition dados-sensores-3 with TruncationState(offset=0, completed=true) due to local high watermark 0 (kafka.server.ReplicaFetcherThread)
kafka2  | 2026-09-25T22:30:03.927014471Z [2026-09-25 22:30:03,926] INFO [UnifiedLog partition=dados-sensores-2, dir=/var/lib/kafka/data] Truncating to 0 has no effect as the largest offset in the log is -1 (kafka.log.UnifiedLog)
kafka2  | 2026-09-25T22:30:03.927424659Z [2026-09-25 22:30:03,927] INFO [UnifiedLog partition=dados-sensores-3, dir=/var/lib/kafka/data] Truncating to 0 has no effect as the largest offset in the log is -1 (kafka.log.UnifiedLog)
kafka2  | 2026-09-25T22:30:03.955244894Z [2026-09-25 22:30:03,954] INFO [Broker id=2] Transitioning 17 partition(s) to local leaders. (state.change.logger)
kafka2  | 2026-09-25T22:30:03.961571508Z [2026-09-25 22:30:03,961] INFO [ReplicaFetcherManager on broker 2] Removed fetcher for partitions Set(__consumer_offsets-14, __consumer_offsets-46, __consumer_offsets-44, __consumer_offsets-9, __consumer_offsets-41, __consumer_offsets-24, __consumer_offsets-22, __consumer_offsets-19, __consumer_offsets-17, __consumer_offsets-49, __consumer_offsets-31, __consumer_offsets-27, __consumer_offsets-7, __consumer_offsets-3, __consumer_offsets-35, __consumer_offsets-36, __consumer_offsets-1) (kafka.server.ReplicaFetcherManager)
kafka2  | 2026-09-25T22:30:03.961662791Z [2026-09-25 22:30:03,961] INFO [Broker id=2] Creating new partition __consumer_offsets-14 with topic id w2caDlcSQY-bJJSbpCk06w. (state.change.logger)
kafka2  | 2026-09-25T22:30:03.977018359Z [2026-09-25 22:30:03,976] INFO [LogLoader partition=__consumer_offsets-14, dir=/var/lib/kafka/data] Loading producer state till offset 0 with message format version 2 (kafka.log.UnifiedLog$)
kafka2  | 2026-09-25T22:30:03.979673122Z [2026-09-25 22:30:03,979] INFO Created log for partition __consumer_offsets-14 in /var/lib/kafka/data/__consumer_offsets-14 with properties {cleanup.policy=compact, compression.type="producer", segment.bytes=104857600} (kafka.log.LogManager)
kafka2  | 2026-09-25T22:30:03.981916286Z [2026-09-25 22:30:03,980] INFO [Partition __consumer_offsets-14 broker=2] No checkpointed highwatermark is found for partition __consumer_offsets-14 (kafka.cluster.Partition)
kafka2  | 2026-09-25T22:30:03.981951500Z [2026-09-25 22:30:03,980] INFO [Partition __consumer_offsets-14 broker=2] Log loaded for partition __consumer_offsets-14 with initial high watermark 0 (kafka.cluster.Partition)
kafka2  | 2026-09-25T22:30:03.981955972Z [2026-09-25 22:30:03,980] INFO [Broker id=2] Leader __consumer_offsets-14 with topic id Some(w2caDlcSQY-bJJSbpCk06w) starts at leader epoch 0 from offset 0 with partition epoch 0, high watermark 0, ISR [2,3,1], adding replicas [] and removing replicas [] . Previous leader None and previous leader epoch was -1. (state.change.logger)
kafka2  | 2026-09-25T22:30:03.994361231Z [2026-09-25 22:30:03,993] INFO [Broker id=2] Creating new partition __consumer_offsets-46 with topic id w2caDlcSQY-bJJSbpCk06w. (state.change.logger)
kafka2  | 2026-09-25T22:30:04.006309583Z [2026-09-25 22:30:04,004] INFO [LogLoader partition=__consumer_offsets-46, dir=/var/lib/kafka/data] Loading producer state till offset 0 with message format version 2 (kafka.log.UnifiedLog$)
kafka2  | 2026-09-25T22:30:04.009564638Z [2026-09-25 22:30:04,008] INFO Created log for partition __consumer_offsets-46 in /var/lib/kafka/data/__consumer_offsets-46 with properties {cleanup.policy=compact, compression.type="producer", segment.bytes=104857600} (kafka.log.LogManager)
kafka2  | 2026-09-25T22:30:04.010996375Z [2026-09-25 22:30:04,010] INFO [Partition __consumer_offsets-46 broker=2] No checkpointed highwatermark is found for partition __consumer_offsets-46 (kafka.cluster.Partition)
kafka2  | 2026-09-25T22:30:04.011455366Z [2026-09-25 22:30:04,010] INFO [Partition __consumer_offsets-46 broker=2] Log loaded for partition __consumer_offsets-46 with initial high watermark 0 (kafka.cluster.Partition)
kafka2  | 2026-09-25T22:30:04.012531494Z [2026-09-25 22:30:04,012] INFO [Broker id=2] Leader __consumer_offsets-46 with topic id Some(w2caDlcSQY-bJJSbpCk06w) starts at leader epoch 0 from offset 0 with partition epoch 0, high watermark 0, ISR [2,3,1], adding replicas [] and removing replicas [] . Previous leader None and previous leader epoch was -1. (state.change.logger)
kafka2  | 2026-09-25T22:30:04.039737431Z [2026-09-25 22:30:04,038] INFO [Broker id=2] Creating new partition __consumer_offsets-44 with topic id w2caDlcSQY-bJJSbpCk06w. (state.change.logger)
kafka2  | 2026-09-25T22:30:04.049141916Z [2026-09-25 22:30:04,048] INFO [LogLoader partition=__consumer_offsets-44, dir=/var/lib/kafka/data] Loading producer state till offset 0 with message format version 2 (kafka.log.UnifiedLog$)
kafka2  | 2026-09-25T22:30:04.051108107Z [2026-09-25 22:30:04,050] INFO Created log for partition __consumer_offsets-44 in /var/lib/kafka/data/__consumer_offsets-44 with properties {cleanup.policy=compact, compression.type="producer", segment.bytes=104857600} (kafka.log.LogManager)
kafka2  | 2026-09-25T22:30:04.051822276Z [2026-09-25 22:30:04,051] INFO [Partition __consumer_offsets-44 broker=2] No checkpointed highwatermark is found for partition __consumer_offsets-44 (kafka.cluster.Partition)
kafka2  | 2026-09-25T22:30:04.056290650Z [2026-09-25 22:30:04,054] INFO [Partition __consumer_offsets-44 broker=2] Log loaded for partition __consumer_offsets-44 with initial high watermark 0 (kafka.cluster.Partition)
kafka2  | 2026-09-25T22:30:04.056361584Z [2026-09-25 22:30:04,055] INFO [Broker id=2] Leader __consumer_offsets-44 with topic id Some(w2caDlcSQY-bJJSbpCk06w) starts at leader epoch 0 from offset 0 with partition epoch 0, high watermark 0, ISR [2,1,3], adding replicas [] and removing replicas [] . Previous leader None and previous leader epoch was -1. (state.change.logger)
kafka2  | 2026-09-25T22:30:04.085674421Z [2026-09-25 22:30:04,085] INFO [Broker id=2] Creating new partition __consumer_offsets-9 with topic id w2caDlcSQY-bJJSbpCk06w. (state.change.logger)
kafka2  | 2026-09-25T22:30:04.101481255Z [2026-09-25 22:30:04,099] INFO [LogLoader partition=__consumer_offsets-9, dir=/var/lib/kafka/data] Loading producer state till offset 0 with message format version 2 (kafka.log.UnifiedLog$)
kafka2  | 2026-09-25T22:30:04.102376454Z [2026-09-25 22:30:04,101] INFO Created log for partition __consumer_offsets-9 in /var/lib/kafka/data/__consumer_offsets-9 with properties {cleanup.policy=compact, compression.type="producer", segment.bytes=104857600} (kafka.log.LogManager)
kafka2  | 2026-09-25T22:30:04.102399755Z [2026-09-25 22:30:04,102] INFO [Partition __consumer_offsets-9 broker=2] No checkpointed highwatermark is found for partition __consumer_offsets-9 (kafka.cluster.Partition)
kafka2  | 2026-09-25T22:30:04.102687834Z [2026-09-25 22:30:04,102] INFO [Partition __consumer_offsets-9 broker=2] Log loaded for partition __consumer_offsets-9 with initial high watermark 0 (kafka.cluster.Partition)
kafka2  | 2026-09-25T22:30:04.109142980Z [2026-09-25 22:30:04,105] INFO [Broker id=2] Leader __consumer_offsets-9 with topic id Some(w2caDlcSQY-bJJSbpCk06w) starts at leader epoch 0 from offset 0 with partition epoch 0, high watermark 0, ISR [2,1,3], adding replicas [] and removing replicas [] . Previous leader None and previous leader epoch was -1. (state.change.logger)
kafka2  | 2026-09-25T22:30:04.130468455Z [2026-09-25 22:30:04,130] INFO [Broker id=2] Creating new partition __consumer_offsets-41 with topic id w2caDlcSQY-bJJSbpCk06w. (state.change.logger)
kafka2  | 2026-09-25T22:30:04.146964967Z [2026-09-25 22:30:04,146] INFO [LogLoader partition=__consumer_offsets-41, dir=/var/lib/kafka/data] Loading producer state till offset 0 with message format version 2 (kafka.log.UnifiedLog$)
kafka2  | 2026-09-25T22:30:04.148863350Z [2026-09-25 22:30:04,148] INFO Created log for partition __consumer_offsets-41 in /var/lib/kafka/data/__consumer_offsets-41 with properties {cleanup.policy=compact, compression.type="producer", segment.bytes=104857600} (kafka.log.LogManager)
kafka2  | 2026-09-25T22:30:04.149808656Z [2026-09-25 22:30:04,149] INFO [Partition __consumer_offsets-41 broker=2] No checkpointed highwatermark is found for partition __consumer_offsets-41 (kafka.cluster.Partition)
kafka2  | 2026-09-25T22:30:04.150061632Z [2026-09-25 22:30:04,149] INFO [Partition __consumer_offsets-41 broker=2] Log loaded for partition __consumer_offsets-41 with initial high watermark 0 (kafka.cluster.Partition)
kafka2  | 2026-09-25T22:30:04.150450396Z [2026-09-25 22:30:04,150] INFO [Broker id=2] Leader __consumer_offsets-41 with topic id Some(w2caDlcSQY-bJJSbpCk06w) starts at leader epoch 0 from offset 0 with partition epoch 0, high watermark 0, ISR [2,3,1], adding replicas [] and removing replicas [] . Previous leader None and previous leader epoch was -1. (state.change.logger)
kafka2  | 2026-09-25T22:30:04.163680957Z [2026-09-25 22:30:04,163] INFO [Broker id=2] Creating new partition __consumer_offsets-24 with topic id w2caDlcSQY-bJJSbpCk06w. (state.change.logger)
kafka2  | 2026-09-25T22:30:04.178492539Z [2026-09-25 22:30:04,178] INFO [LogLoader partition=__consumer_offsets-24, dir=/var/lib/kafka/data] Loading producer state till offset 0 with message format version 2 (kafka.log.UnifiedLog$)
kafka2  | 2026-09-25T22:30:04.180385836Z [2026-09-25 22:30:04,179] INFO Created log for partition __consumer_offsets-24 in /var/lib/kafka/data/__consumer_offsets-24 with properties {cleanup.policy=compact, compression.type="producer", segment.bytes=104857600} (kafka.log.LogManager)
kafka2  | 2026-09-25T22:30:04.180680715Z [2026-09-25 22:30:04,180] INFO [Partition __consumer_offsets-24 broker=2] No checkpointed highwatermark is found for partition __consumer_offsets-24 (kafka.cluster.Partition)
kafka2  | 2026-09-25T22:30:04.182028926Z [2026-09-25 22:30:04,180] INFO [Partition __consumer_offsets-24 broker=2] Log loaded for partition __consumer_offsets-24 with initial high watermark 0 (kafka.cluster.Partition)
kafka2  | 2026-09-25T22:30:04.182052962Z [2026-09-25 22:30:04,181] INFO [Broker id=2] Leader __consumer_offsets-24 with topic id Some(w2caDlcSQY-bJJSbpCk06w) starts at leader epoch 0 from offset 0 with partition epoch 0, high watermark 0, ISR [2,3,1], adding replicas [] and removing replicas [] . Previous leader None and previous leader epoch was -1. (state.change.logger)
kafka2  | 2026-09-25T22:30:04.192143555Z [2026-09-25 22:30:04,191] INFO [Broker id=2] Creating new partition __consumer_offsets-22 with topic id w2caDlcSQY-bJJSbpCk06w. (state.change.logger)
kafka2  | 2026-09-25T22:30:04.204994591Z [2026-09-25 22:30:04,204] INFO [LogLoader partition=__consumer_offsets-22, dir=/var/lib/kafka/data] Loading producer state till offset 0 with message format version 2 (kafka.log.UnifiedLog$)
kafka2  | 2026-09-25T22:30:04.207696528Z [2026-09-25 22:30:04,206] INFO Created log for partition __consumer_offsets-22 in /var/lib/kafka/data/__consumer_offsets-22 with properties {cleanup.policy=compact, compression.type="producer", segment.bytes=104857600} (kafka.log.LogManager)
kafka2  | 2026-09-25T22:30:04.207742803Z [2026-09-25 22:30:04,206] INFO [Partition __consumer_offsets-22 broker=2] No checkpointed highwatermark is found for partition __consumer_offsets-22 (kafka.cluster.Partition)
kafka2  | 2026-09-25T22:30:04.208570430Z [2026-09-25 22:30:04,207] INFO [Partition __consumer_offsets-22 broker=2] Log loaded for partition __consumer_offsets-22 with initial high watermark 0 (kafka.cluster.Partition)
kafka2  | 2026-09-25T22:30:04.208632095Z [2026-09-25 22:30:04,207] INFO [Broker id=2] Leader __consumer_offsets-22 with topic id Some(w2caDlcSQY-bJJSbpCk06w) starts at leader epoch 0 from offset 0 with partition epoch 0, high watermark 0, ISR [2,1,3], adding replicas [] and removing replicas [] . Previous leader None and previous leader epoch was -1. (state.change.logger)
kafka2  | 2026-09-25T22:30:04.215400971Z [2026-09-25 22:30:04,214] INFO [Broker id=2] Creating new partition __consumer_offsets-19 with topic id w2caDlcSQY-bJJSbpCk06w. (state.change.logger)
kafka2  | 2026-09-25T22:30:04.222825494Z [2026-09-25 22:30:04,222] INFO [LogLoader partition=__consumer_offsets-19, dir=/var/lib/kafka/data] Loading producer state till offset 0 with message format version 2 (kafka.log.UnifiedLog$)
kafka2  | 2026-09-25T22:30:04.224664764Z [2026-09-25 22:30:04,223] INFO Created log for partition __consumer_offsets-19 in /var/lib/kafka/data/__consumer_offsets-19 with properties {cleanup.policy=compact, compression.type="producer", segment.bytes=104857600} (kafka.log.LogManager)
kafka2  | 2026-09-25T22:30:04.224733721Z [2026-09-25 22:30:04,224] INFO [Partition __consumer_offsets-19 broker=2] No checkpointed highwatermark is found for partition __consumer_offsets-19 (kafka.cluster.Partition)
kafka2  | 2026-09-25T22:30:04.224736853Z [2026-09-25 22:30:04,224] INFO [Partition __consumer_offsets-19 broker=2] Log loaded for partition __consumer_offsets-19 with initial high watermark 0 (kafka.cluster.Partition)
kafka2  | 2026-09-25T22:30:04.224738719Z [2026-09-25 22:30:04,224] INFO [Broker id=2] Leader __consumer_offsets-19 with topic id Some(w2caDlcSQY-bJJSbpCk06w) starts at leader epoch 0 from offset 0 with partition epoch 0, high watermark 0, ISR [2,1,3], adding replicas [] and removing replicas [] . Previous leader None and previous leader epoch was -1. (state.change.logger)
kafka2  | 2026-09-25T22:30:04.233276384Z [2026-09-25 22:30:04,232] INFO [Broker id=2] Creating new partition __consumer_offsets-17 with topic id w2caDlcSQY-bJJSbpCk06w. (state.change.logger)
kafka2  | 2026-09-25T22:30:04.246945660Z [2026-09-25 22:30:04,242] INFO [LogLoader partition=__consumer_offsets-17, dir=/var/lib/kafka/data] Loading producer state till offset 0 with message format version 2 (kafka.log.UnifiedLog$)
kafka2  | 2026-09-25T22:30:04.246999426Z [2026-09-25 22:30:04,246] INFO Created log for partition __consumer_offsets-17 in /var/lib/kafka/data/__consumer_offsets-17 with properties {cleanup.policy=compact, compression.type="producer", segment.bytes=104857600} (kafka.log.LogManager)
kafka2  | 2026-09-25T22:30:04.247003464Z [2026-09-25 22:30:04,246] INFO [Partition __consumer_offsets-17 broker=2] No checkpointed highwatermark is found for partition __consumer_offsets-17 (kafka.cluster.Partition)
kafka2  | 2026-09-25T22:30:04.249759889Z [2026-09-25 22:30:04,246] INFO [Partition __consumer_offsets-17 broker=2] Log loaded for partition __consumer_offsets-17 with initial high watermark 0 (kafka.cluster.Partition)
kafka2  | 2026-09-25T22:30:04.249822381Z [2026-09-25 22:30:04,247] INFO [Broker id=2] Leader __consumer_offsets-17 with topic id Some(w2caDlcSQY-bJJSbpCk06w) starts at leader epoch 0 from offset 0 with partition epoch 0, high watermark 0, ISR [2,3,1], adding replicas [] and removing replicas [] . Previous leader None and previous leader epoch was -1. (state.change.logger)
kafka2  | 2026-09-25T22:30:04.255487317Z [2026-09-25 22:30:04,255] INFO [Broker id=2] Creating new partition __consumer_offsets-49 with topic id w2caDlcSQY-bJJSbpCk06w. (state.change.logger)
kafka2  | 2026-09-25T22:30:04.265540997Z [2026-09-25 22:30:04,265] INFO [LogLoader partition=__consumer_offsets-49, dir=/var/lib/kafka/data] Loading producer state till offset 0 with message format version 2 (kafka.log.UnifiedLog$)
kafka2  | 2026-09-25T22:30:04.267286043Z [2026-09-25 22:30:04,266] INFO Created log for partition __consumer_offsets-49 in /var/lib/kafka/data/__consumer_offsets-49 with properties {cleanup.policy=compact, compression.type="producer", segment.bytes=104857600} (kafka.log.LogManager)
kafka2  | 2026-09-25T22:30:04.268464402Z [2026-09-25 22:30:04,268] INFO [Partition __consumer_offsets-49 broker=2] No checkpointed highwatermark is found for partition __consumer_offsets-49 (kafka.cluster.Partition)
kafka2  | 2026-09-25T22:30:04.269158020Z [2026-09-25 22:30:04,268] INFO [Partition __consumer_offsets-49 broker=2] Log loaded for partition __consumer_offsets-49 with initial high watermark 0 (kafka.cluster.Partition)
kafka2  | 2026-09-25T22:30:04.269667903Z [2026-09-25 22:30:04,269] INFO [Broker id=2] Leader __consumer_offsets-49 with topic id Some(w2caDlcSQY-bJJSbpCk06w) starts at leader epoch 0 from offset 0 with partition epoch 0, high watermark 0, ISR [2,3,1], adding replicas [] and removing replicas [] . Previous leader None and previous leader epoch was -1. (state.change.logger)
kafka2  | 2026-09-25T22:30:04.294650531Z [2026-09-25 22:30:04,289] INFO [Broker id=2] Creating new partition __consumer_offsets-31 with topic id w2caDlcSQY-bJJSbpCk06w. (state.change.logger)
kafka2  | 2026-09-25T22:30:04.295627877Z [2026-09-25 22:30:04,295] INFO [LogLoader partition=__consumer_offsets-31, dir=/var/lib/kafka/data] Loading producer state till offset 0 with message format version 2 (kafka.log.UnifiedLog$)
kafka2  | 2026-09-25T22:30:04.297959019Z [2026-09-25 22:30:04,297] INFO Created log for partition __consumer_offsets-31 in /var/lib/kafka/data/__consumer_offsets-31 with properties {cleanup.policy=compact, compression.type="producer", segment.bytes=104857600} (kafka.log.LogManager)
kafka2  | 2026-09-25T22:30:04.298068341Z [2026-09-25 22:30:04,297] INFO [Partition __consumer_offsets-31 broker=2] No checkpointed highwatermark is found for partition __consumer_offsets-31 (kafka.cluster.Partition)
kafka2  | 2026-09-25T22:30:04.298403747Z [2026-09-25 22:30:04,298] INFO [Partition __consumer_offsets-31 broker=2] Log loaded for partition __consumer_offsets-31 with initial high watermark 0 (kafka.cluster.Partition)
kafka2  | 2026-09-25T22:30:04.298516135Z [2026-09-25 22:30:04,298] INFO [Broker id=2] Leader __consumer_offsets-31 with topic id Some(w2caDlcSQY-bJJSbpCk06w) starts at leader epoch 0 from offset 0 with partition epoch 0, high watermark 0, ISR [2,3,1], adding replicas [] and removing replicas [] . Previous leader None and previous leader epoch was -1. (state.change.logger)
kafka2  | 2026-09-25T22:30:04.308750055Z [2026-09-25 22:30:04,308] INFO [Broker id=2] Creating new partition __consumer_offsets-27 with topic id w2caDlcSQY-bJJSbpCk06w. (state.change.logger)
kafka2  | 2026-09-25T22:30:04.317554592Z [2026-09-25 22:30:04,317] INFO [LogLoader partition=__consumer_offsets-27, dir=/var/lib/kafka/data] Loading producer state till offset 0 with message format version 2 (kafka.log.UnifiedLog$)
kafka2  | 2026-09-25T22:30:04.318908982Z [2026-09-25 22:30:04,318] INFO Created log for partition __consumer_offsets-27 in /var/lib/kafka/data/__consumer_offsets-27 with properties {cleanup.policy=compact, compression.type="producer", segment.bytes=104857600} (kafka.log.LogManager)
kafka2  | 2026-09-25T22:30:04.319331069Z [2026-09-25 22:30:04,318] INFO [Partition __consumer_offsets-27 broker=2] No checkpointed highwatermark is found for partition __consumer_offsets-27 (kafka.cluster.Partition)
kafka2  | 2026-09-25T22:30:04.319378528Z [2026-09-25 22:30:04,319] INFO [Partition __consumer_offsets-27 broker=2] Log loaded for partition __consumer_offsets-27 with initial high watermark 0 (kafka.cluster.Partition)
kafka2  | 2026-09-25T22:30:04.319383385Z [2026-09-25 22:30:04,319] INFO [Broker id=2] Leader __consumer_offsets-27 with topic id Some(w2caDlcSQY-bJJSbpCk06w) starts at leader epoch 0 from offset 0 with partition epoch 0, high watermark 0, ISR [2,1,3], adding replicas [] and removing replicas [] . Previous leader None and previous leader epoch was -1. (state.change.logger)
kafka2  | 2026-09-25T22:30:04.334027951Z [2026-09-25 22:30:04,333] INFO [Broker id=2] Creating new partition __consumer_offsets-7 with topic id w2caDlcSQY-bJJSbpCk06w. (state.change.logger)
kafka2  | 2026-09-25T22:30:04.341951455Z [2026-09-25 22:30:04,341] INFO [LogLoader partition=__consumer_offsets-7, dir=/var/lib/kafka/data] Loading producer state till offset 0 with message format version 2 (kafka.log.UnifiedLog$)
kafka2  | 2026-09-25T22:30:04.345236215Z [2026-09-25 22:30:04,344] INFO Created log for partition __consumer_offsets-7 in /var/lib/kafka/data/__consumer_offsets-7 with properties {cleanup.policy=compact, compression.type="producer", segment.bytes=104857600} (kafka.log.LogManager)
kafka2  | 2026-09-25T22:30:04.345293069Z [2026-09-25 22:30:04,345] INFO [Partition __consumer_offsets-7 broker=2] No checkpointed highwatermark is found for partition __consumer_offsets-7 (kafka.cluster.Partition)
kafka2  | 2026-09-25T22:30:04.348585240Z [2026-09-25 22:30:04,347] INFO [Partition __consumer_offsets-7 broker=2] Log loaded for partition __consumer_offsets-7 with initial high watermark 0 (kafka.cluster.Partition)
kafka2  | 2026-09-25T22:30:04.348601499Z [2026-09-25 22:30:04,347] INFO [Broker id=2] Leader __consumer_offsets-7 with topic id Some(w2caDlcSQY-bJJSbpCk06w) starts at leader epoch 0 from offset 0 with partition epoch 0, high watermark 0, ISR [2,3,1], adding replicas [] and removing replicas [] . Previous leader None and previous leader epoch was -1. (state.change.logger)
kafka2  | 2026-09-25T22:30:04.363447820Z [2026-09-25 22:30:04,363] INFO [Broker id=2] Creating new partition __consumer_offsets-3 with topic id w2caDlcSQY-bJJSbpCk06w. (state.change.logger)
kafka2  | 2026-09-25T22:30:04.377241630Z [2026-09-25 22:30:04,376] INFO [LogLoader partition=__consumer_offsets-3, dir=/var/lib/kafka/data] Loading producer state till offset 0 with message format version 2 (kafka.log.UnifiedLog$)
kafka2  | 2026-09-25T22:30:04.381238898Z [2026-09-25 22:30:04,380] INFO Created log for partition __consumer_offsets-3 in /var/lib/kafka/data/__consumer_offsets-3 with properties {cleanup.policy=compact, compression.type="producer", segment.bytes=104857600} (kafka.log.LogManager)
kafka2  | 2026-09-25T22:30:04.384483347Z [2026-09-25 22:30:04,383] INFO [Partition __consumer_offsets-3 broker=2] No checkpointed highwatermark is found for partition __consumer_offsets-3 (kafka.cluster.Partition)
kafka2  | 2026-09-25T22:30:04.384539550Z [2026-09-25 22:30:04,383] INFO [Partition __consumer_offsets-3 broker=2] Log loaded for partition __consumer_offsets-3 with initial high watermark 0 (kafka.cluster.Partition)
kafka2  | 2026-09-25T22:30:04.384545171Z [2026-09-25 22:30:04,383] INFO [Broker id=2] Leader __consumer_offsets-3 with topic id Some(w2caDlcSQY-bJJSbpCk06w) starts at leader epoch 0 from offset 0 with partition epoch 0, high watermark 0, ISR [2,3,1], adding replicas [] and removing replicas [] . Previous leader None and previous leader epoch was -1. (state.change.logger)
kafka2  | 2026-09-25T22:30:04.393825343Z [2026-09-25 22:30:04,393] INFO [Broker id=2] Creating new partition __consumer_offsets-35 with topic id w2caDlcSQY-bJJSbpCk06w. (state.change.logger)
kafka2  | 2026-09-25T22:30:04.402455559Z [2026-09-25 22:30:04,402] INFO [LogLoader partition=__consumer_offsets-35, dir=/var/lib/kafka/data] Loading producer state till offset 0 with message format version 2 (kafka.log.UnifiedLog$)
kafka2  | 2026-09-25T22:30:04.406840452Z [2026-09-25 22:30:04,406] INFO Created log for partition __consumer_offsets-35 in /var/lib/kafka/data/__consumer_offsets-35 with properties {cleanup.policy=compact, compression.type="producer", segment.bytes=104857600} (kafka.log.LogManager)
kafka2  | 2026-09-25T22:30:04.407220020Z [2026-09-25 22:30:04,406] INFO [Partition __consumer_offsets-35 broker=2] No checkpointed highwatermark is found for partition __consumer_offsets-35 (kafka.cluster.Partition)
kafka2  | 2026-09-25T22:30:04.407255049Z [2026-09-25 22:30:04,407] INFO [Partition __consumer_offsets-35 broker=2] Log loaded for partition __consumer_offsets-35 with initial high watermark 0 (kafka.cluster.Partition)
kafka2  | 2026-09-25T22:30:04.407643139Z [2026-09-25 22:30:04,407] INFO [Broker id=2] Leader __consumer_offsets-35 with topic id Some(w2caDlcSQY-bJJSbpCk06w) starts at leader epoch 0 from offset 0 with partition epoch 0, high watermark 0, ISR [2,1,3], adding replicas [] and removing replicas [] . Previous leader None and previous leader epoch was -1. (state.change.logger)
kafka2  | 2026-09-25T22:30:04.417537530Z [2026-09-25 22:30:04,417] INFO [Broker id=2] Creating new partition __consumer_offsets-36 with topic id w2caDlcSQY-bJJSbpCk06w. (state.change.logger)
kafka2  | 2026-09-25T22:30:04.423058928Z [2026-09-25 22:30:04,422] INFO [LogLoader partition=__consumer_offsets-36, dir=/var/lib/kafka/data] Loading producer state till offset 0 with message format version 2 (kafka.log.UnifiedLog$)
kafka2  | 2026-09-25T22:30:04.424008474Z [2026-09-25 22:30:04,423] INFO Created log for partition __consumer_offsets-36 in /var/lib/kafka/data/__consumer_offsets-36 with properties {cleanup.policy=compact, compression.type="producer", segment.bytes=104857600} (kafka.log.LogManager)
kafka2  | 2026-09-25T22:30:04.424051409Z [2026-09-25 22:30:04,423] INFO [Partition __consumer_offsets-36 broker=2] No checkpointed highwatermark is found for partition __consumer_offsets-36 (kafka.cluster.Partition)
kafka2  | 2026-09-25T22:30:04.424064256Z [2026-09-25 22:30:04,423] INFO [Partition __consumer_offsets-36 broker=2] Log loaded for partition __consumer_offsets-36 with initial high watermark 0 (kafka.cluster.Partition)
kafka2  | 2026-09-25T22:30:04.424345157Z [2026-09-25 22:30:04,424] INFO [Broker id=2] Leader __consumer_offsets-36 with topic id Some(w2caDlcSQY-bJJSbpCk06w) starts at leader epoch 0 from offset 0 with partition epoch 0, high watermark 0, ISR [2,1,3], adding replicas [] and removing replicas [] . Previous leader None and previous leader epoch was -1. (state.change.logger)
kafka2  | 2026-09-25T22:30:04.433395914Z [2026-09-25 22:30:04,433] INFO [Broker id=2] Creating new partition __consumer_offsets-1 with topic id w2caDlcSQY-bJJSbpCk06w. (state.change.logger)
kafka2  | 2026-09-25T22:30:04.440478866Z [2026-09-25 22:30:04,439] INFO [LogLoader partition=__consumer_offsets-1, dir=/var/lib/kafka/data] Loading producer state till offset 0 with message format version 2 (kafka.log.UnifiedLog$)
kafka2  | 2026-09-25T22:30:04.441780254Z [2026-09-25 22:30:04,441] INFO Created log for partition __consumer_offsets-1 in /var/lib/kafka/data/__consumer_offsets-1 with properties {cleanup.policy=compact, compression.type="producer", segment.bytes=104857600} (kafka.log.LogManager)
kafka2  | 2026-09-25T22:30:04.442126385Z [2026-09-25 22:30:04,441] INFO [Partition __consumer_offsets-1 broker=2] No checkpointed highwatermark is found for partition __consumer_offsets-1 (kafka.cluster.Partition)
kafka2  | 2026-09-25T22:30:04.442135291Z [2026-09-25 22:30:04,441] INFO [Partition __consumer_offsets-1 broker=2] Log loaded for partition __consumer_offsets-1 with initial high watermark 0 (kafka.cluster.Partition)
kafka2  | 2026-09-25T22:30:04.442841609Z [2026-09-25 22:30:04,442] INFO [Broker id=2] Leader __consumer_offsets-1 with topic id Some(w2caDlcSQY-bJJSbpCk06w) starts at leader epoch 0 from offset 0 with partition epoch 0, high watermark 0, ISR [2,3,1], adding replicas [] and removing replicas [] . Previous leader None and previous leader epoch was -1. (state.change.logger)
kafka2  | 2026-09-25T22:30:04.449900137Z [2026-09-25 22:30:04,449] INFO [Broker id=2] Transitioning 33 partition(s) to local followers. (state.change.logger)
kafka2  | 2026-09-25T22:30:04.449945128Z [2026-09-25 22:30:04,449] INFO [Broker id=2] Creating new partition __consumer_offsets-15 with topic id w2caDlcSQY-bJJSbpCk06w. (state.change.logger)
kafka2  | 2026-09-25T22:30:04.454501244Z [2026-09-25 22:30:04,454] INFO [LogLoader partition=__consumer_offsets-15, dir=/var/lib/kafka/data] Loading producer state till offset 0 with message format version 2 (kafka.log.UnifiedLog$)
kafka2  | 2026-09-25T22:30:04.455879888Z [2026-09-25 22:30:04,455] INFO Created log for partition __consumer_offsets-15 in /var/lib/kafka/data/__consumer_offsets-15 with properties {cleanup.policy=compact, compression.type="producer", segment.bytes=104857600} (kafka.log.LogManager)
kafka2  | 2026-09-25T22:30:04.455919677Z [2026-09-25 22:30:04,455] INFO [Partition __consumer_offsets-15 broker=2] No checkpointed highwatermark is found for partition __consumer_offsets-15 (kafka.cluster.Partition)
kafka2  | 2026-09-25T22:30:04.455992373Z [2026-09-25 22:30:04,455] INFO [Partition __consumer_offsets-15 broker=2] Log loaded for partition __consumer_offsets-15 with initial high watermark 0 (kafka.cluster.Partition)
kafka2  | 2026-09-25T22:30:04.456208924Z [2026-09-25 22:30:04,455] INFO [Broker id=2] Follower __consumer_offsets-15 starts at leader epoch 0 from offset 0 with partition epoch 0 and high watermark 0. Current leader is 3. Previous leader Some(3) and previous leader epoch was 0. (state.change.logger)
kafka2  | 2026-09-25T22:30:04.456219989Z [2026-09-25 22:30:04,456] INFO [Broker id=2] Creating new partition __consumer_offsets-48 with topic id w2caDlcSQY-bJJSbpCk06w. (state.change.logger)
kafka2  | 2026-09-25T22:30:04.462695075Z [2026-09-25 22:30:04,461] INFO [LogLoader partition=__consumer_offsets-48, dir=/var/lib/kafka/data] Loading producer state till offset 0 with message format version 2 (kafka.log.UnifiedLog$)
kafka2  | 2026-09-25T22:30:04.464239514Z [2026-09-25 22:30:04,463] INFO Created log for partition __consumer_offsets-48 in /var/lib/kafka/data/__consumer_offsets-48 with properties {cleanup.policy=compact, compression.type="producer", segment.bytes=104857600} (kafka.log.LogManager)
kafka2  | 2026-09-25T22:30:04.464269999Z [2026-09-25 22:30:04,464] INFO [Partition __consumer_offsets-48 broker=2] No checkpointed highwatermark is found for partition __consumer_offsets-48 (kafka.cluster.Partition)
kafka2  | 2026-09-25T22:30:04.464758121Z [2026-09-25 22:30:04,464] INFO [Partition __consumer_offsets-48 broker=2] Log loaded for partition __consumer_offsets-48 with initial high watermark 0 (kafka.cluster.Partition)
kafka2  | 2026-09-25T22:30:04.464959782Z [2026-09-25 22:30:04,464] INFO [Broker id=2] Follower __consumer_offsets-48 starts at leader epoch 0 from offset 0 with partition epoch 0 and high watermark 0. Current leader is 1. Previous leader Some(1) and previous leader epoch was 0. (state.change.logger)
kafka2  | 2026-09-25T22:30:04.464982587Z [2026-09-25 22:30:04,464] INFO [Broker id=2] Creating new partition __consumer_offsets-13 with topic id w2caDlcSQY-bJJSbpCk06w. (state.change.logger)
kafka2  | 2026-09-25T22:30:04.470510664Z [2026-09-25 22:30:04,470] INFO [LogLoader partition=__consumer_offsets-13, dir=/var/lib/kafka/data] Loading producer state till offset 0 with message format version 2 (kafka.log.UnifiedLog$)
kafka2  | 2026-09-25T22:30:04.471462982Z [2026-09-25 22:30:04,471] INFO Created log for partition __consumer_offsets-13 in /var/lib/kafka/data/__consumer_offsets-13 with properties {cleanup.policy=compact, compression.type="producer", segment.bytes=104857600} (kafka.log.LogManager)
kafka2  | 2026-09-25T22:30:04.471891845Z [2026-09-25 22:30:04,471] INFO [Partition __consumer_offsets-13 broker=2] No checkpointed highwatermark is found for partition __consumer_offsets-13 (kafka.cluster.Partition)
kafka2  | 2026-09-25T22:30:04.471910601Z [2026-09-25 22:30:04,471] INFO [Partition __consumer_offsets-13 broker=2] Log loaded for partition __consumer_offsets-13 with initial high watermark 0 (kafka.cluster.Partition)
kafka2  | 2026-09-25T22:30:04.471913814Z [2026-09-25 22:30:04,471] INFO [Broker id=2] Follower __consumer_offsets-13 starts at leader epoch 0 from offset 0 with partition epoch 0 and high watermark 0. Current leader is 1. Previous leader Some(1) and previous leader epoch was 0. (state.change.logger)
kafka2  | 2026-09-25T22:30:04.472056802Z [2026-09-25 22:30:04,471] INFO [Broker id=2] Creating new partition __consumer_offsets-11 with topic id w2caDlcSQY-bJJSbpCk06w. (state.change.logger)
kafka2  | 2026-09-25T22:30:04.480748798Z [2026-09-25 22:30:04,480] INFO [LogLoader partition=__consumer_offsets-11, dir=/var/lib/kafka/data] Loading producer state till offset 0 with message format version 2 (kafka.log.UnifiedLog$)
kafka2  | 2026-09-25T22:30:04.483726098Z [2026-09-25 22:30:04,483] INFO Created log for partition __consumer_offsets-11 in /var/lib/kafka/data/__consumer_offsets-11 with properties {cleanup.policy=compact, compression.type="producer", segment.bytes=104857600} (kafka.log.LogManager)
kafka2  | 2026-09-25T22:30:04.483769478Z [2026-09-25 22:30:04,483] INFO [Partition __consumer_offsets-11 broker=2] No checkpointed highwatermark is found for partition __consumer_offsets-11 (kafka.cluster.Partition)
kafka2  | 2026-09-25T22:30:04.483772187Z [2026-09-25 22:30:04,483] INFO [Partition __consumer_offsets-11 broker=2] Log loaded for partition __consumer_offsets-11 with initial high watermark 0 (kafka.cluster.Partition)
kafka2  | 2026-09-25T22:30:04.487053813Z [2026-09-25 22:30:04,484] INFO [Broker id=2] Follower __consumer_offsets-11 starts at leader epoch 0 from offset 0 with partition epoch 0 and high watermark 0. Current leader is 3. Previous leader Some(3) and previous leader epoch was 0. (state.change.logger)
kafka2  | 2026-09-25T22:30:04.487085037Z [2026-09-25 22:30:04,484] INFO [Broker id=2] Creating new partition __consumer_offsets-42 with topic id w2caDlcSQY-bJJSbpCk06w. (state.change.logger)
kafka2  | 2026-09-25T22:30:04.491765438Z [2026-09-25 22:30:04,491] INFO [LogLoader partition=__consumer_offsets-42, dir=/var/lib/kafka/data] Loading producer state till offset 0 with message format version 2 (kafka.log.UnifiedLog$)
kafka2  | 2026-09-25T22:30:04.492846482Z [2026-09-25 22:30:04,492] INFO Created log for partition __consumer_offsets-42 in /var/lib/kafka/data/__consumer_offsets-42 with properties {cleanup.policy=compact, compression.type="producer", segment.bytes=104857600} (kafka.log.LogManager)
kafka2  | 2026-09-25T22:30:04.492861770Z [2026-09-25 22:30:04,492] INFO [Partition __consumer_offsets-42 broker=2] No checkpointed highwatermark is found for partition __consumer_offsets-42 (kafka.cluster.Partition)
kafka2  | 2026-09-25T22:30:04.492863891Z [2026-09-25 22:30:04,492] INFO [Partition __consumer_offsets-42 broker=2] Log loaded for partition __consumer_offsets-42 with initial high watermark 0 (kafka.cluster.Partition)
kafka2  | 2026-09-25T22:30:04.493213329Z [2026-09-25 22:30:04,492] INFO [Broker id=2] Follower __consumer_offsets-42 starts at leader epoch 0 from offset 0 with partition epoch 0 and high watermark 0. Current leader is 1. Previous leader Some(1) and previous leader epoch was 0. (state.change.logger)
kafka2  | 2026-09-25T22:30:04.493238578Z [2026-09-25 22:30:04,492] INFO [Broker id=2] Creating new partition __consumer_offsets-23 with topic id w2caDlcSQY-bJJSbpCk06w. (state.change.logger)
kafka2  | 2026-09-25T22:30:04.498314192Z [2026-09-25 22:30:04,497] INFO [LogLoader partition=__consumer_offsets-23, dir=/var/lib/kafka/data] Loading producer state till offset 0 with message format version 2 (kafka.log.UnifiedLog$)
kafka2  | 2026-09-25T22:30:04.499378415Z [2026-09-25 22:30:04,498] INFO Created log for partition __consumer_offsets-23 in /var/lib/kafka/data/__consumer_offsets-23 with properties {cleanup.policy=compact, compression.type="producer", segment.bytes=104857600} (kafka.log.LogManager)
kafka2  | 2026-09-25T22:30:04.499516481Z [2026-09-25 22:30:04,499] INFO [Partition __consumer_offsets-23 broker=2] No checkpointed highwatermark is found for partition __consumer_offsets-23 (kafka.cluster.Partition)
kafka2  | 2026-09-25T22:30:04.499774610Z [2026-09-25 22:30:04,499] INFO [Partition __consumer_offsets-23 broker=2] Log loaded for partition __consumer_offsets-23 with initial high watermark 0 (kafka.cluster.Partition)
kafka2  | 2026-09-25T22:30:04.499936411Z [2026-09-25 22:30:04,499] INFO [Broker id=2] Follower __consumer_offsets-23 starts at leader epoch 0 from offset 0 with partition epoch 0 and high watermark 0. Current leader is 1. Previous leader Some(1) and previous leader epoch was 0. (state.change.logger)
kafka2  | 2026-09-25T22:30:04.500245427Z [2026-09-25 22:30:04,499] INFO [Broker id=2] Creating new partition __consumer_offsets-21 with topic id w2caDlcSQY-bJJSbpCk06w. (state.change.logger)
kafka2  | 2026-09-25T22:30:04.506811625Z [2026-09-25 22:30:04,506] INFO [LogLoader partition=__consumer_offsets-21, dir=/var/lib/kafka/data] Loading producer state till offset 0 with message format version 2 (kafka.log.UnifiedLog$)
kafka2  | 2026-09-25T22:30:04.508507331Z [2026-09-25 22:30:04,508] INFO Created log for partition __consumer_offsets-21 in /var/lib/kafka/data/__consumer_offsets-21 with properties {cleanup.policy=compact, compression.type="producer", segment.bytes=104857600} (kafka.log.LogManager)
kafka2  | 2026-09-25T22:30:04.508648833Z [2026-09-25 22:30:04,508] INFO [Partition __consumer_offsets-21 broker=2] No checkpointed highwatermark is found for partition __consumer_offsets-21 (kafka.cluster.Partition)
kafka3  | 2026-09-25T22:30:04.169872223Z [2026-09-25 22:30:04,169] INFO [Broker id=3] Creating new partition dados-sensores-0 with topic id 6zODIGJVQzKlhQlNLdPLMg. (state.change.logger)
kafka1  | 2026-09-25T22:30:04.835914471Z [2026-09-25 22:30:04,835] INFO Created log for partition __consumer_offsets-44 in /var/lib/kafka/data/__consumer_offsets-44 with properties {cleanup.policy=compact, compression.type="producer", segment.bytes=104857600} (kafka.log.LogManager)
kafka2  | 2026-09-25T22:30:04.508659420Z [2026-09-25 22:30:04,508] INFO [Partition __consumer_offsets-21 broker=2] Log loaded for partition __consumer_offsets-21 with initial high watermark 0 (kafka.cluster.Partition)
kafka2  | 2026-09-25T22:30:04.508890558Z [2026-09-25 22:30:04,508] INFO [Broker id=2] Follower __consumer_offsets-21 starts at leader epoch 0 from offset 0 with partition epoch 0 and high watermark 0. Current leader is 3. Previous leader Some(3) and previous leader epoch was 0. (state.change.logger)
kafka2  | 2026-09-25T22:30:04.509118628Z [2026-09-25 22:30:04,508] INFO [Broker id=2] Creating new partition __consumer_offsets-32 with topic id w2caDlcSQY-bJJSbpCk06w. (state.change.logger)
kafka2  | 2026-09-25T22:30:04.518002395Z [2026-09-25 22:30:04,517] INFO [LogLoader partition=__consumer_offsets-32, dir=/var/lib/kafka/data] Loading producer state till offset 0 with message format version 2 (kafka.log.UnifiedLog$)
kafka1  | 2026-09-25T22:30:04.836169825Z [2026-09-25 22:30:04,835] INFO [Partition __consumer_offsets-44 broker=1] No checkpointed highwatermark is found for partition __consumer_offsets-44 (kafka.cluster.Partition)
kafka1  | 2026-09-25T22:30:04.836241711Z [2026-09-25 22:30:04,836] INFO [Partition __consumer_offsets-44 broker=1] Log loaded for partition __consumer_offsets-44 with initial high watermark 0 (kafka.cluster.Partition)
kafka1  | 2026-09-25T22:30:04.836421050Z [2026-09-25 22:30:04,836] INFO [Broker id=1] Follower __consumer_offsets-44 starts at leader epoch 0 from offset 0 with partition epoch 0 and high watermark 0. Current leader is 2. Previous leader Some(2) and previous leader epoch was 0. (state.change.logger)
kafka1  | 2026-09-25T22:30:04.836645610Z [2026-09-25 22:30:04,836] INFO [Broker id=1] Creating new partition __consumer_offsets-9 with topic id w2caDlcSQY-bJJSbpCk06w. (state.change.logger)
kafka1  | 2026-09-25T22:30:04.843496846Z [2026-09-25 22:30:04,841] INFO [LogLoader partition=__consumer_offsets-9, dir=/var/lib/kafka/data] Loading producer state till offset 0 with message format version 2 (kafka.log.UnifiedLog$)
kafka1  | 2026-09-25T22:30:04.843530770Z [2026-09-25 22:30:04,841] INFO Created log for partition __consumer_offsets-9 in /var/lib/kafka/data/__consumer_offsets-9 with properties {cleanup.policy=compact, compression.type="producer", segment.bytes=104857600} (kafka.log.LogManager)
kafka1  | 2026-09-25T22:30:04.843533455Z [2026-09-25 22:30:04,842] INFO [Partition __consumer_offsets-9 broker=1] No checkpointed highwatermark is found for partition __consumer_offsets-9 (kafka.cluster.Partition)
kafka1  | 2026-09-25T22:30:04.843535244Z [2026-09-25 22:30:04,842] INFO [Partition __consumer_offsets-9 broker=1] Log loaded for partition __consumer_offsets-9 with initial high watermark 0 (kafka.cluster.Partition)
kafka1  | 2026-09-25T22:30:04.843536881Z [2026-09-25 22:30:04,842] INFO [Broker id=1] Follower __consumer_offsets-9 starts at leader epoch 0 from offset 0 with partition epoch 0 and high watermark 0. Current leader is 2. Previous leader Some(2) and previous leader epoch was 0. (state.change.logger)
kafka1  | 2026-09-25T22:30:04.843538820Z [2026-09-25 22:30:04,842] INFO [Broker id=1] Creating new partition __consumer_offsets-21 with topic id w2caDlcSQY-bJJSbpCk06w. (state.change.logger)
kafka1  | 2026-09-25T22:30:04.849300871Z [2026-09-25 22:30:04,848] INFO [LogLoader partition=__consumer_offsets-21, dir=/var/lib/kafka/data] Loading producer state till offset 0 with message format version 2 (kafka.log.UnifiedLog$)
kafka1  | 2026-09-25T22:30:04.850212041Z [2026-09-25 22:30:04,849] INFO Created log for partition __consumer_offsets-21 in /var/lib/kafka/data/__consumer_offsets-21 with properties {cleanup.policy=compact, compression.type="producer", segment.bytes=104857600} (kafka.log.LogManager)
kafka1  | 2026-09-25T22:30:04.850264042Z [2026-09-25 22:30:04,849] INFO [Partition __consumer_offsets-21 broker=1] No checkpointed highwatermark is found for partition __consumer_offsets-21 (kafka.cluster.Partition)
kafka1  | 2026-09-25T22:30:04.850266591Z [2026-09-25 22:30:04,849] INFO [Partition __consumer_offsets-21 broker=1] Log loaded for partition __consumer_offsets-21 with initial high watermark 0 (kafka.cluster.Partition)
kafka1  | 2026-09-25T22:30:04.850372740Z [2026-09-25 22:30:04,850] INFO [Broker id=1] Follower __consumer_offsets-21 starts at leader epoch 0 from offset 0 with partition epoch 0 and high watermark 0. Current leader is 3. Previous leader Some(3) and previous leader epoch was 0. (state.change.logger)
kafka1  | 2026-09-25T22:30:04.850867988Z [2026-09-25 22:30:04,850] INFO [Broker id=1] Creating new partition __consumer_offsets-19 with topic id w2caDlcSQY-bJJSbpCk06w. (state.change.logger)
kafka1  | 2026-09-25T22:30:04.856443696Z [2026-09-25 22:30:04,856] INFO [LogLoader partition=__consumer_offsets-19, dir=/var/lib/kafka/data] Loading producer state till offset 0 with message format version 2 (kafka.log.UnifiedLog$)
kafka1  | 2026-09-25T22:30:04.857460686Z [2026-09-25 22:30:04,857] INFO Created log for partition __consumer_offsets-19 in /var/lib/kafka/data/__consumer_offsets-19 with properties {cleanup.policy=compact, compression.type="producer", segment.bytes=104857600} (kafka.log.LogManager)
kafka1  | 2026-09-25T22:30:04.857492718Z [2026-09-25 22:30:04,857] INFO [Partition __consumer_offsets-19 broker=1] No checkpointed highwatermark is found for partition __consumer_offsets-19 (kafka.cluster.Partition)
kafka1  | 2026-09-25T22:30:04.857494896Z [2026-09-25 22:30:04,857] INFO [Partition __consumer_offsets-19 broker=1] Log loaded for partition __consumer_offsets-19 with initial high watermark 0 (kafka.cluster.Partition)
kafka1  | 2026-09-25T22:30:04.857727685Z [2026-09-25 22:30:04,857] INFO [Broker id=1] Follower __consumer_offsets-19 starts at leader epoch 0 from offset 0 with partition epoch 0 and high watermark 0. Current leader is 2. Previous leader Some(2) and previous leader epoch was 0. (state.change.logger)
kafka1  | 2026-09-25T22:30:04.857740959Z [2026-09-25 22:30:04,857] INFO [Broker id=1] Creating new partition __consumer_offsets-17 with topic id w2caDlcSQY-bJJSbpCk06w. (state.change.logger)
kafka1  | 2026-09-25T22:30:04.866146730Z [2026-09-25 22:30:04,865] INFO [LogLoader partition=__consumer_offsets-17, dir=/var/lib/kafka/data] Loading producer state till offset 0 with message format version 2 (kafka.log.UnifiedLog$)
kafka1  | 2026-09-25T22:30:04.867180082Z [2026-09-25 22:30:04,866] INFO Created log for partition __consumer_offsets-17 in /var/lib/kafka/data/__consumer_offsets-17 with properties {cleanup.policy=compact, compression.type="producer", segment.bytes=104857600} (kafka.log.LogManager)
kafka1  | 2026-09-25T22:30:04.867345729Z [2026-09-25 22:30:04,867] INFO [Partition __consumer_offsets-17 broker=1] No checkpointed highwatermark is found for partition __consumer_offsets-17 (kafka.cluster.Partition)
kafka1  | 2026-09-25T22:30:04.867646342Z [2026-09-25 22:30:04,867] INFO [Partition __consumer_offsets-17 broker=1] Log loaded for partition __consumer_offsets-17 with initial high watermark 0 (kafka.cluster.Partition)
kafka1  | 2026-09-25T22:30:04.867859638Z [2026-09-25 22:30:04,867] INFO [Broker id=1] Follower __consumer_offsets-17 starts at leader epoch 0 from offset 0 with partition epoch 0 and high watermark 0. Current leader is 2. Previous leader Some(2) and previous leader epoch was 0. (state.change.logger)
kafka1  | 2026-09-25T22:30:04.871007197Z [2026-09-25 22:30:04,867] INFO [Broker id=1] Creating new partition __consumer_offsets-32 with topic id w2caDlcSQY-bJJSbpCk06w. (state.change.logger)
kafka1  | 2026-09-25T22:30:04.874397810Z [2026-09-25 22:30:04,873] INFO [LogLoader partition=__consumer_offsets-32, dir=/var/lib/kafka/data] Loading producer state till offset 0 with message format version 2 (kafka.log.UnifiedLog$)
kafka3  | 2026-09-25T22:30:04.179067401Z [2026-09-25 22:30:04,178] INFO [LogLoader partition=dados-sensores-0, dir=/var/lib/kafka/data] Loading producer state till offset 0 with message format version 2 (kafka.log.UnifiedLog$)
kafka3  | 2026-09-25T22:30:04.180360137Z [2026-09-25 22:30:04,180] INFO Created log for partition dados-sensores-0 in /var/lib/kafka/data/dados-sensores-0 with properties {} (kafka.log.LogManager)
kafka3  | 2026-09-25T22:30:04.180451550Z [2026-09-25 22:30:04,180] INFO [Partition dados-sensores-0 broker=3] No checkpointed highwatermark is found for partition dados-sensores-0 (kafka.cluster.Partition)
kafka3  | 2026-09-25T22:30:04.180974207Z [2026-09-25 22:30:04,180] INFO [Partition dados-sensores-0 broker=3] Log loaded for partition dados-sensores-0 with initial high watermark 0 (kafka.cluster.Partition)
kafka3  | 2026-09-25T22:30:04.182070780Z [2026-09-25 22:30:04,181] INFO [Broker id=3] Follower dados-sensores-0 starts at leader epoch 0 from offset 0 with partition epoch 0 and high watermark 0. Current leader is 2. Previous leader Some(2) and previous leader epoch was 0. (state.change.logger)
kafka3  | 2026-09-25T22:30:04.182080203Z [2026-09-25 22:30:04,181] INFO [Broker id=3] Creating new partition dados-sensores-2 with topic id 6zODIGJVQzKlhQlNLdPLMg. (state.change.logger)
kafka3  | 2026-09-25T22:30:04.193929465Z [2026-09-25 22:30:04,193] INFO [LogLoader partition=dados-sensores-2, dir=/var/lib/kafka/data] Loading producer state till offset 0 with message format version 2 (kafka.log.UnifiedLog$)
kafka3  | 2026-09-25T22:30:04.195465266Z [2026-09-25 22:30:04,194] INFO Created log for partition dados-sensores-2 in /var/lib/kafka/data/dados-sensores-2 with properties {} (kafka.log.LogManager)
kafka3  | 2026-09-25T22:30:04.195477872Z [2026-09-25 22:30:04,195] INFO [Partition dados-sensores-2 broker=3] No checkpointed highwatermark is found for partition dados-sensores-2 (kafka.cluster.Partition)
kafka3  | 2026-09-25T22:30:04.195480127Z [2026-09-25 22:30:04,195] INFO [Partition dados-sensores-2 broker=3] Log loaded for partition dados-sensores-2 with initial high watermark 0 (kafka.cluster.Partition)
kafka3  | 2026-09-25T22:30:04.195800280Z [2026-09-25 22:30:04,195] INFO [Broker id=3] Follower dados-sensores-2 starts at leader epoch 0 from offset 0 with partition epoch 0 and high watermark 0. Current leader is 1. Previous leader Some(1) and previous leader epoch was 0. (state.change.logger)
kafka3  | 2026-09-25T22:30:04.196040056Z [2026-09-25 22:30:04,195] INFO [ReplicaFetcherManager on broker 3] Removed fetcher for partitions Set(dados-sensores-5, dados-sensores-4, dados-sensores-0, dados-sensores-2) (kafka.server.ReplicaFetcherManager)
kafka3  | 2026-09-25T22:30:04.197257005Z [2026-09-25 22:30:04,196] INFO [Broker id=3] Stopped fetchers as part of become-follower for 4 partitions (state.change.logger)
kafka3  | 2026-09-25T22:30:04.232428352Z [2026-09-25 22:30:04,231] INFO [ReplicaFetcherThread-0-1]: Starting (kafka.server.ReplicaFetcherThread)
kafka3  | 2026-09-25T22:30:04.246945657Z [2026-09-25 22:30:04,240] INFO [ReplicaFetcherManager on broker 3] Added fetcher to broker 1 for partitions HashMap(dados-sensores-5 -> InitialFetchState(Some(6zODIGJVQzKlhQlNLdPLMg),BrokerEndPoint(id=1, host=kafka1:9092),0,0), dados-sensores-2 -> InitialFetchState(Some(6zODIGJVQzKlhQlNLdPLMg),BrokerEndPoint(id=1, host=kafka1:9092),0,0)) (kafka.server.ReplicaFetcherManager)
kafka3  | 2026-09-25T22:30:04.246987990Z [2026-09-25 22:30:04,243] INFO [ReplicaFetcher replicaId=3, leaderId=1, fetcherId=0] Truncating partition dados-sensores-5 with TruncationState(offset=0, completed=true) due to local high watermark 0 (kafka.server.ReplicaFetcherThread)
kafka3  | 2026-09-25T22:30:04.247079985Z [2026-09-25 22:30:04,245] INFO [UnifiedLog partition=dados-sensores-5, dir=/var/lib/kafka/data] Truncating to 0 has no effect as the largest offset in the log is -1 (kafka.log.UnifiedLog)
kafka3  | 2026-09-25T22:30:04.253257649Z [2026-09-25 22:30:04,252] INFO [ReplicaFetcher replicaId=3, leaderId=1, fetcherId=0] Truncating partition dados-sensores-2 with TruncationState(offset=0, completed=true) due to local high watermark 0 (kafka.server.ReplicaFetcherThread)
kafka3  | 2026-09-25T22:30:04.253893049Z [2026-09-25 22:30:04,253] INFO [UnifiedLog partition=dados-sensores-2, dir=/var/lib/kafka/data] Truncating to 0 has no effect as the largest offset in the log is -1 (kafka.log.UnifiedLog)
kafka3  | 2026-09-25T22:30:04.257928404Z [2026-09-25 22:30:04,257] INFO [ReplicaFetcherManager on broker 3] Added fetcher to broker 2 for partitions HashMap(dados-sensores-4 -> InitialFetchState(Some(6zODIGJVQzKlhQlNLdPLMg),BrokerEndPoint(id=2, host=kafka2:9092),0,0), dados-sensores-0 -> InitialFetchState(Some(6zODIGJVQzKlhQlNLdPLMg),BrokerEndPoint(id=2, host=kafka2:9092),0,0)) (kafka.server.ReplicaFetcherManager)
kafka3  | 2026-09-25T22:30:04.258599899Z [2026-09-25 22:30:04,258] INFO [Broker id=3] Started fetchers as part of become-follower for 4 partitions (state.change.logger)
kafka3  | 2026-09-25T22:30:04.259323972Z [2026-09-25 22:30:04,259] INFO [ReplicaFetcherThread-0-2]: Starting (kafka.server.ReplicaFetcherThread)
kafka3  | 2026-09-25T22:30:04.260386080Z [2026-09-25 22:30:04,259] INFO [ReplicaFetcher replicaId=3, leaderId=2, fetcherId=0] Truncating partition dados-sensores-4 with TruncationState(offset=0, completed=true) due to local high watermark 0 (kafka.server.ReplicaFetcherThread)
kafka3  | 2026-09-25T22:30:04.260780790Z [2026-09-25 22:30:04,260] INFO [UnifiedLog partition=dados-sensores-4, dir=/var/lib/kafka/data] Truncating to 0 has no effect as the largest offset in the log is -1 (kafka.log.UnifiedLog)
kafka3  | 2026-09-25T22:30:04.262141485Z [2026-09-25 22:30:04,260] INFO [ReplicaFetcher replicaId=3, leaderId=2, fetcherId=0] Truncating partition dados-sensores-0 with TruncationState(offset=0, completed=true) due to local high watermark 0 (kafka.server.ReplicaFetcherThread)
kafka3  | 2026-09-25T22:30:04.262174612Z [2026-09-25 22:30:04,261] INFO [UnifiedLog partition=dados-sensores-0, dir=/var/lib/kafka/data] Truncating to 0 has no effect as the largest offset in the log is -1 (kafka.log.UnifiedLog)
kafka3  | 2026-09-25T22:30:04.285111250Z [2026-09-25 22:30:04,283] INFO [Broker id=3] Transitioning 16 partition(s) to local leaders. (state.change.logger)
kafka3  | 2026-09-25T22:30:04.294650562Z [2026-09-25 22:30:04,289] INFO [ReplicaFetcherManager on broker 3] Removed fetcher for partitions Set(__consumer_offsets-15, __consumer_offsets-47, __consumer_offsets-11, __consumer_offsets-43, __consumer_offsets-12, __consumer_offsets-21, __consumer_offsets-18, __consumer_offsets-32, __consumer_offsets-29, __consumer_offsets-25, __consumer_offsets-39, __consumer_offsets-8, __consumer_offsets-38, __consumer_offsets-4, __consumer_offsets-2, __consumer_offsets-34) (kafka.server.ReplicaFetcherManager)
kafka3  | 2026-09-25T22:30:04.294723057Z [2026-09-25 22:30:04,290] INFO [Broker id=3] Creating new partition __consumer_offsets-15 with topic id w2caDlcSQY-bJJSbpCk06w. (state.change.logger)
kafka3  | 2026-09-25T22:30:04.300371529Z [2026-09-25 22:30:04,300] INFO [LogLoader partition=__consumer_offsets-15, dir=/var/lib/kafka/data] Loading producer state till offset 0 with message format version 2 (kafka.log.UnifiedLog$)
kafka3  | 2026-09-25T22:30:04.302856989Z [2026-09-25 22:30:04,301] INFO Created log for partition __consumer_offsets-15 in /var/lib/kafka/data/__consumer_offsets-15 with properties {cleanup.policy=compact, compression.type="producer", segment.bytes=104857600} (kafka.log.LogManager)
kafka3  | 2026-09-25T22:30:04.302892505Z [2026-09-25 22:30:04,302] INFO [Partition __consumer_offsets-15 broker=3] No checkpointed highwatermark is found for partition __consumer_offsets-15 (kafka.cluster.Partition)
kafka3  | 2026-09-25T22:30:04.302895384Z [2026-09-25 22:30:04,302] INFO [Partition __consumer_offsets-15 broker=3] Log loaded for partition __consumer_offsets-15 with initial high watermark 0 (kafka.cluster.Partition)
kafka3  | 2026-09-25T22:30:04.302897192Z [2026-09-25 22:30:04,302] INFO [Broker id=3] Leader __consumer_offsets-15 with topic id Some(w2caDlcSQY-bJJSbpCk06w) starts at leader epoch 0 from offset 0 with partition epoch 0, high watermark 0, ISR [3,1,2], adding replicas [] and removing replicas [] . Previous leader None and previous leader epoch was -1. (state.change.logger)
kafka3  | 2026-09-25T22:30:04.313609523Z [2026-09-25 22:30:04,313] INFO [Broker id=3] Creating new partition __consumer_offsets-47 with topic id w2caDlcSQY-bJJSbpCk06w. (state.change.logger)
kafka3  | 2026-09-25T22:30:04.324698290Z [2026-09-25 22:30:04,320] INFO [LogLoader partition=__consumer_offsets-47, dir=/var/lib/kafka/data] Loading producer state till offset 0 with message format version 2 (kafka.log.UnifiedLog$)
kafka1  | 2026-09-25T22:30:04.874868863Z [2026-09-25 22:30:04,874] INFO Created log for partition __consumer_offsets-32 in /var/lib/kafka/data/__consumer_offsets-32 with properties {cleanup.policy=compact, compression.type="producer", segment.bytes=104857600} (kafka.log.LogManager)
kafka1  | 2026-09-25T22:30:04.875149748Z [2026-09-25 22:30:04,874] INFO [Partition __consumer_offsets-32 broker=1] No checkpointed highwatermark is found for partition __consumer_offsets-32 (kafka.cluster.Partition)
kafka1  | 2026-09-25T22:30:04.875160863Z [2026-09-25 22:30:04,874] INFO [Partition __consumer_offsets-32 broker=1] Log loaded for partition __consumer_offsets-32 with initial high watermark 0 (kafka.cluster.Partition)
kafka1  | 2026-09-25T22:30:04.875528226Z [2026-09-25 22:30:04,875] INFO [Broker id=1] Follower __consumer_offsets-32 starts at leader epoch 0 from offset 0 with partition epoch 0 and high watermark 0. Current leader is 3. Previous leader Some(3) and previous leader epoch was 0. (state.change.logger)
kafka1  | 2026-09-25T22:30:04.875595013Z [2026-09-25 22:30:04,875] INFO [Broker id=1] Creating new partition __consumer_offsets-7 with topic id w2caDlcSQY-bJJSbpCk06w. (state.change.logger)
kafka1  | 2026-09-25T22:30:04.883961327Z [2026-09-25 22:30:04,883] INFO [LogLoader partition=__consumer_offsets-7, dir=/var/lib/kafka/data] Loading producer state till offset 0 with message format version 2 (kafka.log.UnifiedLog$)
kafka1  | 2026-09-25T22:30:04.885071109Z [2026-09-25 22:30:04,884] INFO Created log for partition __consumer_offsets-7 in /var/lib/kafka/data/__consumer_offsets-7 with properties {cleanup.policy=compact, compression.type="producer", segment.bytes=104857600} (kafka.log.LogManager)
kafka1  | 2026-09-25T22:30:04.885140936Z [2026-09-25 22:30:04,884] INFO [Partition __consumer_offsets-7 broker=1] No checkpointed highwatermark is found for partition __consumer_offsets-7 (kafka.cluster.Partition)
kafka1  | 2026-09-25T22:30:04.885169997Z [2026-09-25 22:30:04,885] INFO [Partition __consumer_offsets-7 broker=1] Log loaded for partition __consumer_offsets-7 with initial high watermark 0 (kafka.cluster.Partition)
kafka2  | 2026-09-25T22:30:04.519360392Z [2026-09-25 22:30:04,518] INFO Created log for partition __consumer_offsets-32 in /var/lib/kafka/data/__consumer_offsets-32 with properties {cleanup.policy=compact, compression.type="producer", segment.bytes=104857600} (kafka.log.LogManager)
kafka2  | 2026-09-25T22:30:04.519409366Z [2026-09-25 22:30:04,518] INFO [Partition __consumer_offsets-32 broker=2] No checkpointed highwatermark is found for partition __consumer_offsets-32 (kafka.cluster.Partition)
kafka2  | 2026-09-25T22:30:04.519416329Z [2026-09-25 22:30:04,519] INFO [Partition __consumer_offsets-32 broker=2] Log loaded for partition __consumer_offsets-32 with initial high watermark 0 (kafka.cluster.Partition)
kafka2  | 2026-09-25T22:30:04.519492683Z [2026-09-25 22:30:04,519] INFO [Broker id=2] Follower __consumer_offsets-32 starts at leader epoch 0 from offset 0 with partition epoch 0 and high watermark 0. Current leader is 3. Previous leader Some(3) and previous leader epoch was 0. (state.change.logger)
kafka2  | 2026-09-25T22:30:04.519765957Z [2026-09-25 22:30:04,519] INFO [Broker id=2] Creating new partition __consumer_offsets-30 with topic id w2caDlcSQY-bJJSbpCk06w. (state.change.logger)
kafka2  | 2026-09-25T22:30:04.528377108Z [2026-09-25 22:30:04,527] INFO [LogLoader partition=__consumer_offsets-30, dir=/var/lib/kafka/data] Loading producer state till offset 0 with message format version 2 (kafka.log.UnifiedLog$)
kafka2  | 2026-09-25T22:30:04.529555362Z [2026-09-25 22:30:04,529] INFO Created log for partition __consumer_offsets-30 in /var/lib/kafka/data/__consumer_offsets-30 with properties {cleanup.policy=compact, compression.type="producer", segment.bytes=104857600} (kafka.log.LogManager)
kafka2  | 2026-09-25T22:30:04.532326455Z [2026-09-25 22:30:04,529] INFO [Partition __consumer_offsets-30 broker=2] No checkpointed highwatermark is found for partition __consumer_offsets-30 (kafka.cluster.Partition)
kafka2  | 2026-09-25T22:30:04.532363591Z [2026-09-25 22:30:04,529] INFO [Partition __consumer_offsets-30 broker=2] Log loaded for partition __consumer_offsets-30 with initial high watermark 0 (kafka.cluster.Partition)
kafka2  | 2026-09-25T22:30:04.532367325Z [2026-09-25 22:30:04,529] INFO [Broker id=2] Follower __consumer_offsets-30 starts at leader epoch 0 from offset 0 with partition epoch 0 and high watermark 0. Current leader is 1. Previous leader Some(1) and previous leader epoch was 0. (state.change.logger)
kafka2  | 2026-09-25T22:30:04.532369647Z [2026-09-25 22:30:04,529] INFO [Broker id=2] Creating new partition __consumer_offsets-28 with topic id w2caDlcSQY-bJJSbpCk06w. (state.change.logger)
kafka2  | 2026-09-25T22:30:04.539069530Z [2026-09-25 22:30:04,538] INFO [LogLoader partition=__consumer_offsets-28, dir=/var/lib/kafka/data] Loading producer state till offset 0 with message format version 2 (kafka.log.UnifiedLog$)
kafka2  | 2026-09-25T22:30:04.540181911Z [2026-09-25 22:30:04,539] INFO Created log for partition __consumer_offsets-28 in /var/lib/kafka/data/__consumer_offsets-28 with properties {cleanup.policy=compact, compression.type="producer", segment.bytes=104857600} (kafka.log.LogManager)
kafka2  | 2026-09-25T22:30:04.540431836Z [2026-09-25 22:30:04,540] INFO [Partition __consumer_offsets-28 broker=2] No checkpointed highwatermark is found for partition __consumer_offsets-28 (kafka.cluster.Partition)
kafka2  | 2026-09-25T22:30:04.540830596Z [2026-09-25 22:30:04,540] INFO [Partition __consumer_offsets-28 broker=2] Log loaded for partition __consumer_offsets-28 with initial high watermark 0 (kafka.cluster.Partition)
kafka2  | 2026-09-25T22:30:04.540839370Z [2026-09-25 22:30:04,540] INFO [Broker id=2] Follower __consumer_offsets-28 starts at leader epoch 0 from offset 0 with partition epoch 0 and high watermark 0. Current leader is 1. Previous leader Some(1) and previous leader epoch was 0. (state.change.logger)
kafka2  | 2026-09-25T22:30:04.540935050Z [2026-09-25 22:30:04,540] INFO [Broker id=2] Creating new partition __consumer_offsets-26 with topic id w2caDlcSQY-bJJSbpCk06w. (state.change.logger)
kafka2  | 2026-09-25T22:30:04.547554632Z [2026-09-25 22:30:04,547] INFO [LogLoader partition=__consumer_offsets-26, dir=/var/lib/kafka/data] Loading producer state till offset 0 with message format version 2 (kafka.log.UnifiedLog$)
kafka2  | 2026-09-25T22:30:04.549199266Z [2026-09-25 22:30:04,548] INFO Created log for partition __consumer_offsets-26 in /var/lib/kafka/data/__consumer_offsets-26 with properties {cleanup.policy=compact, compression.type="producer", segment.bytes=104857600} (kafka.log.LogManager)
kafka2  | 2026-09-25T22:30:04.549385374Z [2026-09-25 22:30:04,549] INFO [Partition __consumer_offsets-26 broker=2] No checkpointed highwatermark is found for partition __consumer_offsets-26 (kafka.cluster.Partition)
kafka2  | 2026-09-25T22:30:04.549662253Z [2026-09-25 22:30:04,549] INFO [Partition __consumer_offsets-26 broker=2] Log loaded for partition __consumer_offsets-26 with initial high watermark 0 (kafka.cluster.Partition)
kafka2  | 2026-09-25T22:30:04.549926877Z [2026-09-25 22:30:04,549] INFO [Broker id=2] Follower __consumer_offsets-26 starts at leader epoch 0 from offset 0 with partition epoch 0 and high watermark 0. Current leader is 1. Previous leader Some(1) and previous leader epoch was 0. (state.change.logger)
kafka1  | 2026-09-25T22:30:04.885413020Z [2026-09-25 22:30:04,885] INFO [Broker id=1] Follower __consumer_offsets-7 starts at leader epoch 0 from offset 0 with partition epoch 0 and high watermark 0. Current leader is 2. Previous leader Some(2) and previous leader epoch was 0. (state.change.logger)
kafka1  | 2026-09-25T22:30:04.885587692Z [2026-09-25 22:30:04,885] INFO [Broker id=1] Creating new partition __consumer_offsets-38 with topic id w2caDlcSQY-bJJSbpCk06w. (state.change.logger)
kafka1  | 2026-09-25T22:30:04.891578593Z [2026-09-25 22:30:04,890] INFO [LogLoader partition=__consumer_offsets-38, dir=/var/lib/kafka/data] Loading producer state till offset 0 with message format version 2 (kafka.log.UnifiedLog$)
kafka1  | 2026-09-25T22:30:04.892228200Z [2026-09-25 22:30:04,892] INFO Created log for partition __consumer_offsets-38 in /var/lib/kafka/data/__consumer_offsets-38 with properties {cleanup.policy=compact, compression.type="producer", segment.bytes=104857600} (kafka.log.LogManager)
kafka1  | 2026-09-25T22:30:04.892284383Z [2026-09-25 22:30:04,892] INFO [Partition __consumer_offsets-38 broker=1] No checkpointed highwatermark is found for partition __consumer_offsets-38 (kafka.cluster.Partition)
kafka1  | 2026-09-25T22:30:04.892945196Z [2026-09-25 22:30:04,892] INFO [Partition __consumer_offsets-38 broker=1] Log loaded for partition __consumer_offsets-38 with initial high watermark 0 (kafka.cluster.Partition)
kafka1  | 2026-09-25T22:30:04.892962551Z [2026-09-25 22:30:04,892] INFO [Broker id=1] Follower __consumer_offsets-38 starts at leader epoch 0 from offset 0 with partition epoch 0 and high watermark 0. Current leader is 3. Previous leader Some(3) and previous leader epoch was 0. (state.change.logger)
kafka1  | 2026-09-25T22:30:04.899020286Z [2026-09-25 22:30:04,892] INFO [Broker id=1] Creating new partition __consumer_offsets-3 with topic id w2caDlcSQY-bJJSbpCk06w. (state.change.logger)
kafka1  | 2026-09-25T22:30:04.899052801Z [2026-09-25 22:30:04,898] INFO [LogLoader partition=__consumer_offsets-3, dir=/var/lib/kafka/data] Loading producer state till offset 0 with message format version 2 (kafka.log.UnifiedLog$)
kafka1  | 2026-09-25T22:30:04.900110303Z [2026-09-25 22:30:04,899] INFO Created log for partition __consumer_offsets-3 in /var/lib/kafka/data/__consumer_offsets-3 with properties {cleanup.policy=compact, compression.type="producer", segment.bytes=104857600} (kafka.log.LogManager)
kafka1  | 2026-09-25T22:30:04.900139737Z [2026-09-25 22:30:04,899] INFO [Partition __consumer_offsets-3 broker=1] No checkpointed highwatermark is found for partition __consumer_offsets-3 (kafka.cluster.Partition)
kafka1  | 2026-09-25T22:30:04.900143372Z [2026-09-25 22:30:04,900] INFO [Partition __consumer_offsets-3 broker=1] Log loaded for partition __consumer_offsets-3 with initial high watermark 0 (kafka.cluster.Partition)
kafka1  | 2026-09-25T22:30:04.900273488Z [2026-09-25 22:30:04,900] INFO [Broker id=1] Follower __consumer_offsets-3 starts at leader epoch 0 from offset 0 with partition epoch 0 and high watermark 0. Current leader is 2. Previous leader Some(2) and previous leader epoch was 0. (state.change.logger)
kafka1  | 2026-09-25T22:30:04.900285491Z [2026-09-25 22:30:04,900] INFO [Broker id=1] Creating new partition __consumer_offsets-36 with topic id w2caDlcSQY-bJJSbpCk06w. (state.change.logger)
kafka1  | 2026-09-25T22:30:04.906962371Z [2026-09-25 22:30:04,906] INFO [LogLoader partition=__consumer_offsets-36, dir=/var/lib/kafka/data] Loading producer state till offset 0 with message format version 2 (kafka.log.UnifiedLog$)
kafka1  | 2026-09-25T22:30:04.908656098Z [2026-09-25 22:30:04,908] INFO Created log for partition __consumer_offsets-36 in /var/lib/kafka/data/__consumer_offsets-36 with properties {cleanup.policy=compact, compression.type="producer", segment.bytes=104857600} (kafka.log.LogManager)
kafka1  | 2026-09-25T22:30:04.908692303Z [2026-09-25 22:30:04,908] INFO [Partition __consumer_offsets-36 broker=1] No checkpointed highwatermark is found for partition __consumer_offsets-36 (kafka.cluster.Partition)
kafka1  | 2026-09-25T22:30:04.908732591Z [2026-09-25 22:30:04,908] INFO [Partition __consumer_offsets-36 broker=1] Log loaded for partition __consumer_offsets-36 with initial high watermark 0 (kafka.cluster.Partition)
kafka1  | 2026-09-25T22:30:04.908945634Z [2026-09-25 22:30:04,908] INFO [Broker id=1] Follower __consumer_offsets-36 starts at leader epoch 0 from offset 0 with partition epoch 0 and high watermark 0. Current leader is 2. Previous leader Some(2) and previous leader epoch was 0. (state.change.logger)
kafka1  | 2026-09-25T22:30:04.909133940Z [2026-09-25 22:30:04,908] INFO [Broker id=1] Creating new partition __consumer_offsets-1 with topic id w2caDlcSQY-bJJSbpCk06w. (state.change.logger)
kafka1  | 2026-09-25T22:30:04.914331714Z [2026-09-25 22:30:04,914] INFO [LogLoader partition=__consumer_offsets-1, dir=/var/lib/kafka/data] Loading producer state till offset 0 with message format version 2 (kafka.log.UnifiedLog$)
kafka1  | 2026-09-25T22:30:04.915385672Z [2026-09-25 22:30:04,915] INFO Created log for partition __consumer_offsets-1 in /var/lib/kafka/data/__consumer_offsets-1 with properties {cleanup.policy=compact, compression.type="producer", segment.bytes=104857600} (kafka.log.LogManager)
kafka1  | 2026-09-25T22:30:04.915413699Z [2026-09-25 22:30:04,915] INFO [Partition __consumer_offsets-1 broker=1] No checkpointed highwatermark is found for partition __consumer_offsets-1 (kafka.cluster.Partition)
kafka1  | 2026-09-25T22:30:04.915419539Z [2026-09-25 22:30:04,915] INFO [Partition __consumer_offsets-1 broker=1] Log loaded for partition __consumer_offsets-1 with initial high watermark 0 (kafka.cluster.Partition)
kafka1  | 2026-09-25T22:30:04.915628909Z [2026-09-25 22:30:04,915] INFO [Broker id=1] Follower __consumer_offsets-1 starts at leader epoch 0 from offset 0 with partition epoch 0 and high watermark 0. Current leader is 2. Previous leader Some(2) and previous leader epoch was 0. (state.change.logger)
kafka1  | 2026-09-25T22:30:04.915635247Z [2026-09-25 22:30:04,915] INFO [Broker id=1] Creating new partition __consumer_offsets-34 with topic id w2caDlcSQY-bJJSbpCk06w. (state.change.logger)
kafka1  | 2026-09-25T22:30:04.920515956Z [2026-09-25 22:30:04,920] INFO [LogLoader partition=__consumer_offsets-34, dir=/var/lib/kafka/data] Loading producer state till offset 0 with message format version 2 (kafka.log.UnifiedLog$)
kafka1  | 2026-09-25T22:30:04.921567653Z [2026-09-25 22:30:04,921] INFO Created log for partition __consumer_offsets-34 in /var/lib/kafka/data/__consumer_offsets-34 with properties {cleanup.policy=compact, compression.type="producer", segment.bytes=104857600} (kafka.log.LogManager)
kafka1  | 2026-09-25T22:30:04.921724624Z [2026-09-25 22:30:04,921] INFO [Partition __consumer_offsets-34 broker=1] No checkpointed highwatermark is found for partition __consumer_offsets-34 (kafka.cluster.Partition)
kafka1  | 2026-09-25T22:30:04.921734694Z [2026-09-25 22:30:04,921] INFO [Partition __consumer_offsets-34 broker=1] Log loaded for partition __consumer_offsets-34 with initial high watermark 0 (kafka.cluster.Partition)
kafka1  | 2026-09-25T22:30:04.921873291Z [2026-09-25 22:30:04,921] INFO [Broker id=1] Follower __consumer_offsets-34 starts at leader epoch 0 from offset 0 with partition epoch 0 and high watermark 0. Current leader is 3. Previous leader Some(3) and previous leader epoch was 0. (state.change.logger)
kafka1  | 2026-09-25T22:30:04.922267477Z [2026-09-25 22:30:04,922] INFO [Broker id=1] Creating new partition __consumer_offsets-47 with topic id w2caDlcSQY-bJJSbpCk06w. (state.change.logger)
kafka1  | 2026-09-25T22:30:04.927946806Z [2026-09-25 22:30:04,927] INFO [LogLoader partition=__consumer_offsets-47, dir=/var/lib/kafka/data] Loading producer state till offset 0 with message format version 2 (kafka.log.UnifiedLog$)
kafka1  | 2026-09-25T22:30:04.928847345Z [2026-09-25 22:30:04,928] INFO Created log for partition __consumer_offsets-47 in /var/lib/kafka/data/__consumer_offsets-47 with properties {cleanup.policy=compact, compression.type="producer", segment.bytes=104857600} (kafka.log.LogManager)
kafka1  | 2026-09-25T22:30:04.928867979Z [2026-09-25 22:30:04,928] INFO [Partition __consumer_offsets-47 broker=1] No checkpointed highwatermark is found for partition __consumer_offsets-47 (kafka.cluster.Partition)
kafka1  | 2026-09-25T22:30:04.929080904Z [2026-09-25 22:30:04,928] INFO [Partition __consumer_offsets-47 broker=1] Log loaded for partition __consumer_offsets-47 with initial high watermark 0 (kafka.cluster.Partition)
kafka1  | 2026-09-25T22:30:04.929093109Z [2026-09-25 22:30:04,928] INFO [Broker id=1] Follower __consumer_offsets-47 starts at leader epoch 0 from offset 0 with partition epoch 0 and high watermark 0. Current leader is 3. Previous leader Some(3) and previous leader epoch was 0. (state.change.logger)
kafka1  | 2026-09-25T22:30:04.929096374Z [2026-09-25 22:30:04,928] INFO [Broker id=1] Creating new partition __consumer_offsets-14 with topic id w2caDlcSQY-bJJSbpCk06w. (state.change.logger)
kafka1  | 2026-09-25T22:30:04.933007561Z [2026-09-25 22:30:04,932] INFO [LogLoader partition=__consumer_offsets-14, dir=/var/lib/kafka/data] Loading producer state till offset 0 with message format version 2 (kafka.log.UnifiedLog$)
kafka1  | 2026-09-25T22:30:04.934207786Z [2026-09-25 22:30:04,933] INFO Created log for partition __consumer_offsets-14 in /var/lib/kafka/data/__consumer_offsets-14 with properties {cleanup.policy=compact, compression.type="producer", segment.bytes=104857600} (kafka.log.LogManager)
kafka1  | 2026-09-25T22:30:04.934529343Z [2026-09-25 22:30:04,933] INFO [Partition __consumer_offsets-14 broker=1] No checkpointed highwatermark is found for partition __consumer_offsets-14 (kafka.cluster.Partition)
kafka1  | 2026-09-25T22:30:04.934577758Z [2026-09-25 22:30:04,934] INFO [Partition __consumer_offsets-14 broker=1] Log loaded for partition __consumer_offsets-14 with initial high watermark 0 (kafka.cluster.Partition)
kafka1  | 2026-09-25T22:30:04.934631575Z [2026-09-25 22:30:04,934] INFO [Broker id=1] Follower __consumer_offsets-14 starts at leader epoch 0 from offset 0 with partition epoch 0 and high watermark 0. Current leader is 2. Previous leader Some(2) and previous leader epoch was 0. (state.change.logger)
kafka1  | 2026-09-25T22:30:04.934647222Z [2026-09-25 22:30:04,934] INFO [Broker id=1] Creating new partition __consumer_offsets-43 with topic id w2caDlcSQY-bJJSbpCk06w. (state.change.logger)
kafka1  | 2026-09-25T22:30:04.940142804Z [2026-09-25 22:30:04,939] INFO [LogLoader partition=__consumer_offsets-43, dir=/var/lib/kafka/data] Loading producer state till offset 0 with message format version 2 (kafka.log.UnifiedLog$)
kafka1  | 2026-09-25T22:30:04.940988808Z [2026-09-25 22:30:04,940] INFO Created log for partition __consumer_offsets-43 in /var/lib/kafka/data/__consumer_offsets-43 with properties {cleanup.policy=compact, compression.type="producer", segment.bytes=104857600} (kafka.log.LogManager)
kafka1  | 2026-09-25T22:30:04.941006658Z [2026-09-25 22:30:04,940] INFO [Partition __consumer_offsets-43 broker=1] No checkpointed highwatermark is found for partition __consumer_offsets-43 (kafka.cluster.Partition)
kafka1  | 2026-09-25T22:30:04.941074199Z [2026-09-25 22:30:04,940] INFO [Partition __consumer_offsets-43 broker=1] Log loaded for partition __consumer_offsets-43 with initial high watermark 0 (kafka.cluster.Partition)
kafka1  | 2026-09-25T22:30:04.941083395Z [2026-09-25 22:30:04,941] INFO [Broker id=1] Follower __consumer_offsets-43 starts at leader epoch 0 from offset 0 with partition epoch 0 and high watermark 0. Current leader is 3. Previous leader Some(3) and previous leader epoch was 0. (state.change.logger)
kafka1  | 2026-09-25T22:30:04.941235900Z [2026-09-25 22:30:04,941] INFO [Broker id=1] Creating new partition __consumer_offsets-12 with topic id w2caDlcSQY-bJJSbpCk06w. (state.change.logger)
kafka1  | 2026-09-25T22:30:04.945024283Z [2026-09-25 22:30:04,944] INFO [LogLoader partition=__consumer_offsets-12, dir=/var/lib/kafka/data] Loading producer state till offset 0 with message format version 2 (kafka.log.UnifiedLog$)
kafka1  | 2026-09-25T22:30:04.945619539Z [2026-09-25 22:30:04,945] INFO Created log for partition __consumer_offsets-12 in /var/lib/kafka/data/__consumer_offsets-12 with properties {cleanup.policy=compact, compression.type="producer", segment.bytes=104857600} (kafka.log.LogManager)
kafka1  | 2026-09-25T22:30:04.945635891Z [2026-09-25 22:30:04,945] INFO [Partition __consumer_offsets-12 broker=1] No checkpointed highwatermark is found for partition __consumer_offsets-12 (kafka.cluster.Partition)
kafka1  | 2026-09-25T22:30:04.945778060Z [2026-09-25 22:30:04,945] INFO [Partition __consumer_offsets-12 broker=1] Log loaded for partition __consumer_offsets-12 with initial high watermark 0 (kafka.cluster.Partition)
kafka1  | 2026-09-25T22:30:04.945809189Z [2026-09-25 22:30:04,945] INFO [Broker id=1] Follower __consumer_offsets-12 starts at leader epoch 0 from offset 0 with partition epoch 0 and high watermark 0. Current leader is 3. Previous leader Some(3) and previous leader epoch was 0. (state.change.logger)
kafka1  | 2026-09-25T22:30:04.945915205Z [2026-09-25 22:30:04,945] INFO [Broker id=1] Creating new partition __consumer_offsets-41 with topic id w2caDlcSQY-bJJSbpCk06w. (state.change.logger)
kafka1  | 2026-09-25T22:30:04.950978065Z [2026-09-25 22:30:04,950] INFO [LogLoader partition=__consumer_offsets-41, dir=/var/lib/kafka/data] Loading producer state till offset 0 with message format version 2 (kafka.log.UnifiedLog$)
kafka1  | 2026-09-25T22:30:04.951638947Z [2026-09-25 22:30:04,951] INFO Created log for partition __consumer_offsets-41 in /var/lib/kafka/data/__consumer_offsets-41 with properties {cleanup.policy=compact, compression.type="producer", segment.bytes=104857600} (kafka.log.LogManager)
kafka1  | 2026-09-25T22:30:04.951661155Z [2026-09-25 22:30:04,951] INFO [Partition __consumer_offsets-41 broker=1] No checkpointed highwatermark is found for partition __consumer_offsets-41 (kafka.cluster.Partition)
kafka1  | 2026-09-25T22:30:04.951798179Z [2026-09-25 22:30:04,951] INFO [Partition __consumer_offsets-41 broker=1] Log loaded for partition __consumer_offsets-41 with initial high watermark 0 (kafka.cluster.Partition)
kafka1  | 2026-09-25T22:30:04.951808102Z [2026-09-25 22:30:04,951] INFO [Broker id=1] Follower __consumer_offsets-41 starts at leader epoch 0 from offset 0 with partition epoch 0 and high watermark 0. Current leader is 2. Previous leader Some(2) and previous leader epoch was 0. (state.change.logger)
kafka1  | 2026-09-25T22:30:04.952750586Z [2026-09-25 22:30:04,951] INFO [Broker id=1] Creating new partition __consumer_offsets-24 with topic id w2caDlcSQY-bJJSbpCk06w. (state.change.logger)
kafka1  | 2026-09-25T22:30:04.958316593Z [2026-09-25 22:30:04,957] INFO [LogLoader partition=__consumer_offsets-24, dir=/var/lib/kafka/data] Loading producer state till offset 0 with message format version 2 (kafka.log.UnifiedLog$)
kafka1  | 2026-09-25T22:30:04.959531343Z [2026-09-25 22:30:04,959] INFO Created log for partition __consumer_offsets-24 in /var/lib/kafka/data/__consumer_offsets-24 with properties {cleanup.policy=compact, compression.type="producer", segment.bytes=104857600} (kafka.log.LogManager)
kafka1  | 2026-09-25T22:30:04.959562921Z [2026-09-25 22:30:04,959] INFO [Partition __consumer_offsets-24 broker=1] No checkpointed highwatermark is found for partition __consumer_offsets-24 (kafka.cluster.Partition)
kafka1  | 2026-09-25T22:30:04.959572061Z [2026-09-25 22:30:04,959] INFO [Partition __consumer_offsets-24 broker=1] Log loaded for partition __consumer_offsets-24 with initial high watermark 0 (kafka.cluster.Partition)
kafka1  | 2026-09-25T22:30:04.959817064Z [2026-09-25 22:30:04,959] INFO [Broker id=1] Follower __consumer_offsets-24 starts at leader epoch 0 from offset 0 with partition epoch 0 and high watermark 0. Current leader is 2. Previous leader Some(2) and previous leader epoch was 0. (state.change.logger)
kafka1  | 2026-09-25T22:30:04.959831178Z [2026-09-25 22:30:04,959] INFO [Broker id=1] Creating new partition __consumer_offsets-22 with topic id w2caDlcSQY-bJJSbpCk06w. (state.change.logger)
kafka1  | 2026-09-25T22:30:04.963970597Z [2026-09-25 22:30:04,963] INFO [LogLoader partition=__consumer_offsets-22, dir=/var/lib/kafka/data] Loading producer state till offset 0 with message format version 2 (kafka.log.UnifiedLog$)
kafka1  | 2026-09-25T22:30:04.964582273Z [2026-09-25 22:30:04,964] INFO Created log for partition __consumer_offsets-22 in /var/lib/kafka/data/__consumer_offsets-22 with properties {cleanup.policy=compact, compression.type="producer", segment.bytes=104857600} (kafka.log.LogManager)
kafka2  | 2026-09-25T22:30:04.550178789Z [2026-09-25 22:30:04,550] INFO [Broker id=2] Creating new partition __consumer_offsets-40 with topic id w2caDlcSQY-bJJSbpCk06w. (state.change.logger)
kafka2  | 2026-09-25T22:30:04.558211672Z [2026-09-25 22:30:04,557] INFO [LogLoader partition=__consumer_offsets-40, dir=/var/lib/kafka/data] Loading producer state till offset 0 with message format version 2 (kafka.log.UnifiedLog$)
kafka2  | 2026-09-25T22:30:04.560866242Z [2026-09-25 22:30:04,560] INFO Created log for partition __consumer_offsets-40 in /var/lib/kafka/data/__consumer_offsets-40 with properties {cleanup.policy=compact, compression.type="producer", segment.bytes=104857600} (kafka.log.LogManager)
kafka2  | 2026-09-25T22:30:04.560908533Z [2026-09-25 22:30:04,560] INFO [Partition __consumer_offsets-40 broker=2] No checkpointed highwatermark is found for partition __consumer_offsets-40 (kafka.cluster.Partition)
kafka2  | 2026-09-25T22:30:04.561391318Z [2026-09-25 22:30:04,561] INFO [Partition __consumer_offsets-40 broker=2] Log loaded for partition __consumer_offsets-40 with initial high watermark 0 (kafka.cluster.Partition)
kafka2  | 2026-09-25T22:30:04.563004678Z [2026-09-25 22:30:04,561] INFO [Broker id=2] Follower __consumer_offsets-40 starts at leader epoch 0 from offset 0 with partition epoch 0 and high watermark 0. Current leader is 1. Previous leader Some(1) and previous leader epoch was 0. (state.change.logger)
kafka2  | 2026-09-25T22:30:04.563022417Z [2026-09-25 22:30:04,561] INFO [Broker id=2] Creating new partition __consumer_offsets-5 with topic id w2caDlcSQY-bJJSbpCk06w. (state.change.logger)
kafka2  | 2026-09-25T22:30:04.571716044Z [2026-09-25 22:30:04,571] INFO [LogLoader partition=__consumer_offsets-5, dir=/var/lib/kafka/data] Loading producer state till offset 0 with message format version 2 (kafka.log.UnifiedLog$)
kafka2  | 2026-09-25T22:30:04.573405233Z [2026-09-25 22:30:04,572] INFO Created log for partition __consumer_offsets-5 in /var/lib/kafka/data/__consumer_offsets-5 with properties {cleanup.policy=compact, compression.type="producer", segment.bytes=104857600} (kafka.log.LogManager)
kafka2  | 2026-09-25T22:30:04.573439854Z [2026-09-25 22:30:04,572] INFO [Partition __consumer_offsets-5 broker=2] No checkpointed highwatermark is found for partition __consumer_offsets-5 (kafka.cluster.Partition)
kafka2  | 2026-09-25T22:30:04.573457544Z [2026-09-25 22:30:04,572] INFO [Partition __consumer_offsets-5 broker=2] Log loaded for partition __consumer_offsets-5 with initial high watermark 0 (kafka.cluster.Partition)
kafka2  | 2026-09-25T22:30:04.573460045Z [2026-09-25 22:30:04,572] INFO [Broker id=2] Follower __consumer_offsets-5 starts at leader epoch 0 from offset 0 with partition epoch 0 and high watermark 0. Current leader is 1. Previous leader Some(1) and previous leader epoch was 0. (state.change.logger)
kafka2  | 2026-09-25T22:30:04.573461867Z [2026-09-25 22:30:04,573] INFO [Broker id=2] Creating new partition __consumer_offsets-38 with topic id w2caDlcSQY-bJJSbpCk06w. (state.change.logger)
kafka2  | 2026-09-25T22:30:04.580154108Z [2026-09-25 22:30:04,579] INFO [LogLoader partition=__consumer_offsets-38, dir=/var/lib/kafka/data] Loading producer state till offset 0 with message format version 2 (kafka.log.UnifiedLog$)
kafka2  | 2026-09-25T22:30:04.581416019Z [2026-09-25 22:30:04,580] INFO Created log for partition __consumer_offsets-38 in /var/lib/kafka/data/__consumer_offsets-38 with properties {cleanup.policy=compact, compression.type="producer", segment.bytes=104857600} (kafka.log.LogManager)
kafka2  | 2026-09-25T22:30:04.581831552Z [2026-09-25 22:30:04,581] INFO [Partition __consumer_offsets-38 broker=2] No checkpointed highwatermark is found for partition __consumer_offsets-38 (kafka.cluster.Partition)
kafka2  | 2026-09-25T22:30:04.581854660Z [2026-09-25 22:30:04,581] INFO [Partition __consumer_offsets-38 broker=2] Log loaded for partition __consumer_offsets-38 with initial high watermark 0 (kafka.cluster.Partition)
kafka2  | 2026-09-25T22:30:04.581860380Z [2026-09-25 22:30:04,581] INFO [Broker id=2] Follower __consumer_offsets-38 starts at leader epoch 0 from offset 0 with partition epoch 0 and high watermark 0. Current leader is 3. Previous leader Some(3) and previous leader epoch was 0. (state.change.logger)
kafka2  | 2026-09-25T22:30:04.582132235Z [2026-09-25 22:30:04,581] INFO [Broker id=2] Creating new partition __consumer_offsets-34 with topic id w2caDlcSQY-bJJSbpCk06w. (state.change.logger)
kafka2  | 2026-09-25T22:30:04.589356419Z [2026-09-25 22:30:04,588] INFO [LogLoader partition=__consumer_offsets-34, dir=/var/lib/kafka/data] Loading producer state till offset 0 with message format version 2 (kafka.log.UnifiedLog$)
kafka2  | 2026-09-25T22:30:04.590235633Z [2026-09-25 22:30:04,589] INFO Created log for partition __consumer_offsets-34 in /var/lib/kafka/data/__consumer_offsets-34 with properties {cleanup.policy=compact, compression.type="producer", segment.bytes=104857600} (kafka.log.LogManager)
kafka2  | 2026-09-25T22:30:04.590245525Z [2026-09-25 22:30:04,590] INFO [Partition __consumer_offsets-34 broker=2] No checkpointed highwatermark is found for partition __consumer_offsets-34 (kafka.cluster.Partition)
kafka2  | 2026-09-25T22:30:04.590514598Z [2026-09-25 22:30:04,590] INFO [Partition __consumer_offsets-34 broker=2] Log loaded for partition __consumer_offsets-34 with initial high watermark 0 (kafka.cluster.Partition)
kafka2  | 2026-09-25T22:30:04.590525707Z [2026-09-25 22:30:04,590] INFO [Broker id=2] Follower __consumer_offsets-34 starts at leader epoch 0 from offset 0 with partition epoch 0 and high watermark 0. Current leader is 3. Previous leader Some(3) and previous leader epoch was 0. (state.change.logger)
kafka2  | 2026-09-25T22:30:04.590650026Z [2026-09-25 22:30:04,590] INFO [Broker id=2] Creating new partition __consumer_offsets-47 with topic id w2caDlcSQY-bJJSbpCk06w. (state.change.logger)
kafka2  | 2026-09-25T22:30:04.597837997Z [2026-09-25 22:30:04,597] INFO [LogLoader partition=__consumer_offsets-47, dir=/var/lib/kafka/data] Loading producer state till offset 0 with message format version 2 (kafka.log.UnifiedLog$)
kafka2  | 2026-09-25T22:30:04.599485237Z [2026-09-25 22:30:04,599] INFO Created log for partition __consumer_offsets-47 in /var/lib/kafka/data/__consumer_offsets-47 with properties {cleanup.policy=compact, compression.type="producer", segment.bytes=104857600} (kafka.log.LogManager)
kafka2  | 2026-09-25T22:30:04.599614595Z [2026-09-25 22:30:04,599] INFO [Partition __consumer_offsets-47 broker=2] No checkpointed highwatermark is found for partition __consumer_offsets-47 (kafka.cluster.Partition)
kafka2  | 2026-09-25T22:30:04.599971423Z [2026-09-25 22:30:04,599] INFO [Partition __consumer_offsets-47 broker=2] Log loaded for partition __consumer_offsets-47 with initial high watermark 0 (kafka.cluster.Partition)
kafka2  | 2026-09-25T22:30:04.600403054Z [2026-09-25 22:30:04,600] INFO [Broker id=2] Follower __consumer_offsets-47 starts at leader epoch 0 from offset 0 with partition epoch 0 and high watermark 0. Current leader is 3. Previous leader Some(3) and previous leader epoch was 0. (state.change.logger)
kafka2  | 2026-09-25T22:30:04.600714246Z [2026-09-25 22:30:04,600] INFO [Broker id=2] Creating new partition __consumer_offsets-16 with topic id w2caDlcSQY-bJJSbpCk06w. (state.change.logger)
kafka2  | 2026-09-25T22:30:04.607697287Z [2026-09-25 22:30:04,607] INFO [LogLoader partition=__consumer_offsets-16, dir=/var/lib/kafka/data] Loading producer state till offset 0 with message format version 2 (kafka.log.UnifiedLog$)
kafka2  | 2026-09-25T22:30:04.608981002Z [2026-09-25 22:30:04,608] INFO Created log for partition __consumer_offsets-16 in /var/lib/kafka/data/__consumer_offsets-16 with properties {cleanup.policy=compact, compression.type="producer", segment.bytes=104857600} (kafka.log.LogManager)
kafka2  | 2026-09-25T22:30:04.609176152Z [2026-09-25 22:30:04,608] INFO [Partition __consumer_offsets-16 broker=2] No checkpointed highwatermark is found for partition __consumer_offsets-16 (kafka.cluster.Partition)
kafka2  | 2026-09-25T22:30:04.609231520Z [2026-09-25 22:30:04,608] INFO [Partition __consumer_offsets-16 broker=2] Log loaded for partition __consumer_offsets-16 with initial high watermark 0 (kafka.cluster.Partition)
kafka2  | 2026-09-25T22:30:04.609241241Z [2026-09-25 22:30:04,608] INFO [Broker id=2] Follower __consumer_offsets-16 starts at leader epoch 0 from offset 0 with partition epoch 0 and high watermark 0. Current leader is 1. Previous leader Some(1) and previous leader epoch was 0. (state.change.logger)
kafka2  | 2026-09-25T22:30:04.609243373Z [2026-09-25 22:30:04,608] INFO [Broker id=2] Creating new partition __consumer_offsets-45 with topic id w2caDlcSQY-bJJSbpCk06w. (state.change.logger)
kafka2  | 2026-09-25T22:30:04.619030611Z [2026-09-25 22:30:04,616] INFO [LogLoader partition=__consumer_offsets-45, dir=/var/lib/kafka/data] Loading producer state till offset 0 with message format version 2 (kafka.log.UnifiedLog$)
kafka2  | 2026-09-25T22:30:04.619869016Z [2026-09-25 22:30:04,619] INFO Created log for partition __consumer_offsets-45 in /var/lib/kafka/data/__consumer_offsets-45 with properties {cleanup.policy=compact, compression.type="producer", segment.bytes=104857600} (kafka.log.LogManager)
kafka2  | 2026-09-25T22:30:04.619974835Z [2026-09-25 22:30:04,619] INFO [Partition __consumer_offsets-45 broker=2] No checkpointed highwatermark is found for partition __consumer_offsets-45 (kafka.cluster.Partition)
kafka2  | 2026-09-25T22:30:04.620102496Z [2026-09-25 22:30:04,620] INFO [Partition __consumer_offsets-45 broker=2] Log loaded for partition __consumer_offsets-45 with initial high watermark 0 (kafka.cluster.Partition)
kafka2  | 2026-09-25T22:30:04.621745165Z [2026-09-25 22:30:04,620] INFO [Broker id=2] Follower __consumer_offsets-45 starts at leader epoch 0 from offset 0 with partition epoch 0 and high watermark 0. Current leader is 1. Previous leader Some(1) and previous leader epoch was 0. (state.change.logger)
kafka2  | 2026-09-25T22:30:04.623710561Z [2026-09-25 22:30:04,620] INFO [Broker id=2] Creating new partition __consumer_offsets-43 with topic id w2caDlcSQY-bJJSbpCk06w. (state.change.logger)
kafka2  | 2026-09-25T22:30:04.633289480Z [2026-09-25 22:30:04,632] INFO [LogLoader partition=__consumer_offsets-43, dir=/var/lib/kafka/data] Loading producer state till offset 0 with message format version 2 (kafka.log.UnifiedLog$)
kafka2  | 2026-09-25T22:30:04.634652275Z [2026-09-25 22:30:04,634] INFO Created log for partition __consumer_offsets-43 in /var/lib/kafka/data/__consumer_offsets-43 with properties {cleanup.policy=compact, compression.type="producer", segment.bytes=104857600} (kafka.log.LogManager)
kafka2  | 2026-09-25T22:30:04.634684967Z [2026-09-25 22:30:04,634] INFO [Partition __consumer_offsets-43 broker=2] No checkpointed highwatermark is found for partition __consumer_offsets-43 (kafka.cluster.Partition)
kafka2  | 2026-09-25T22:30:04.634687778Z [2026-09-25 22:30:04,634] INFO [Partition __consumer_offsets-43 broker=2] Log loaded for partition __consumer_offsets-43 with initial high watermark 0 (kafka.cluster.Partition)
kafka2  | 2026-09-25T22:30:04.634850397Z [2026-09-25 22:30:04,634] INFO [Broker id=2] Follower __consumer_offsets-43 starts at leader epoch 0 from offset 0 with partition epoch 0 and high watermark 0. Current leader is 3. Previous leader Some(3) and previous leader epoch was 0. (state.change.logger)
kafka2  | 2026-09-25T22:30:04.637719168Z [2026-09-25 22:30:04,634] INFO [Broker id=2] Creating new partition __consumer_offsets-12 with topic id w2caDlcSQY-bJJSbpCk06w. (state.change.logger)
kafka2  | 2026-09-25T22:30:04.641716743Z [2026-09-25 22:30:04,641] INFO [LogLoader partition=__consumer_offsets-12, dir=/var/lib/kafka/data] Loading producer state till offset 0 with message format version 2 (kafka.log.UnifiedLog$)
kafka2  | 2026-09-25T22:30:04.648434590Z [2026-09-25 22:30:04,642] INFO Created log for partition __consumer_offsets-12 in /var/lib/kafka/data/__consumer_offsets-12 with properties {cleanup.policy=compact, compression.type="producer", segment.bytes=104857600} (kafka.log.LogManager)
kafka2  | 2026-09-25T22:30:04.648488543Z [2026-09-25 22:30:04,643] INFO [Partition __consumer_offsets-12 broker=2] No checkpointed highwatermark is found for partition __consumer_offsets-12 (kafka.cluster.Partition)
kafka2  | 2026-09-25T22:30:04.648491372Z [2026-09-25 22:30:04,643] INFO [Partition __consumer_offsets-12 broker=2] Log loaded for partition __consumer_offsets-12 with initial high watermark 0 (kafka.cluster.Partition)
kafka2  | 2026-09-25T22:30:04.648510936Z [2026-09-25 22:30:04,643] INFO [Broker id=2] Follower __consumer_offsets-12 starts at leader epoch 0 from offset 0 with partition epoch 0 and high watermark 0. Current leader is 3. Previous leader Some(3) and previous leader epoch was 0. (state.change.logger)
kafka2  | 2026-09-25T22:30:04.648513381Z [2026-09-25 22:30:04,643] INFO [Broker id=2] Creating new partition __consumer_offsets-10 with topic id w2caDlcSQY-bJJSbpCk06w. (state.change.logger)
kafka2  | 2026-09-25T22:30:04.654400717Z [2026-09-25 22:30:04,654] INFO [LogLoader partition=__consumer_offsets-10, dir=/var/lib/kafka/data] Loading producer state till offset 0 with message format version 2 (kafka.log.UnifiedLog$)
kafka2  | 2026-09-25T22:30:04.656511894Z [2026-09-25 22:30:04,656] INFO Created log for partition __consumer_offsets-10 in /var/lib/kafka/data/__consumer_offsets-10 with properties {cleanup.policy=compact, compression.type="producer", segment.bytes=104857600} (kafka.log.LogManager)
kafka2  | 2026-09-25T22:30:04.656550668Z [2026-09-25 22:30:04,656] INFO [Partition __consumer_offsets-10 broker=2] No checkpointed highwatermark is found for partition __consumer_offsets-10 (kafka.cluster.Partition)
kafka2  | 2026-09-25T22:30:04.656707734Z [2026-09-25 22:30:04,656] INFO [Partition __consumer_offsets-10 broker=2] Log loaded for partition __consumer_offsets-10 with initial high watermark 0 (kafka.cluster.Partition)
kafka2  | 2026-09-25T22:30:04.656959618Z [2026-09-25 22:30:04,656] INFO [Broker id=2] Follower __consumer_offsets-10 starts at leader epoch 0 from offset 0 with partition epoch 0 and high watermark 0. Current leader is 1. Previous leader Some(1) and previous leader epoch was 0. (state.change.logger)
kafka2  | 2026-09-25T22:30:04.657183668Z [2026-09-25 22:30:04,657] INFO [Broker id=2] Creating new partition __consumer_offsets-20 with topic id w2caDlcSQY-bJJSbpCk06w. (state.change.logger)
kafka2  | 2026-09-25T22:30:04.670977534Z [2026-09-25 22:30:04,669] INFO [LogLoader partition=__consumer_offsets-20, dir=/var/lib/kafka/data] Loading producer state till offset 0 with message format version 2 (kafka.log.UnifiedLog$)
kafka2  | 2026-09-25T22:30:04.672044905Z [2026-09-25 22:30:04,671] INFO Created log for partition __consumer_offsets-20 in /var/lib/kafka/data/__consumer_offsets-20 with properties {cleanup.policy=compact, compression.type="producer", segment.bytes=104857600} (kafka.log.LogManager)
kafka2  | 2026-09-25T22:30:04.673828475Z [2026-09-25 22:30:04,672] INFO [Partition __consumer_offsets-20 broker=2] No checkpointed highwatermark is found for partition __consumer_offsets-20 (kafka.cluster.Partition)
kafka2  | 2026-09-25T22:30:04.673862260Z [2026-09-25 22:30:04,672] INFO [Partition __consumer_offsets-20 broker=2] Log loaded for partition __consumer_offsets-20 with initial high watermark 0 (kafka.cluster.Partition)
kafka2  | 2026-09-25T22:30:04.673864647Z [2026-09-25 22:30:04,672] INFO [Broker id=2] Follower __consumer_offsets-20 starts at leader epoch 0 from offset 0 with partition epoch 0 and high watermark 0. Current leader is 1. Previous leader Some(1) and previous leader epoch was 0. (state.change.logger)
kafka2  | 2026-09-25T22:30:04.673866642Z [2026-09-25 22:30:04,673] INFO [Broker id=2] Creating new partition __consumer_offsets-18 with topic id w2caDlcSQY-bJJSbpCk06w. (state.change.logger)
kafka2  | 2026-09-25T22:30:04.683186495Z [2026-09-25 22:30:04,682] INFO [LogLoader partition=__consumer_offsets-18, dir=/var/lib/kafka/data] Loading producer state till offset 0 with message format version 2 (kafka.log.UnifiedLog$)
kafka2  | 2026-09-25T22:30:04.684498993Z [2026-09-25 22:30:04,684] INFO Created log for partition __consumer_offsets-18 in /var/lib/kafka/data/__consumer_offsets-18 with properties {cleanup.policy=compact, compression.type="producer", segment.bytes=104857600} (kafka.log.LogManager)
kafka2  | 2026-09-25T22:30:04.684743266Z [2026-09-25 22:30:04,684] INFO [Partition __consumer_offsets-18 broker=2] No checkpointed highwatermark is found for partition __consumer_offsets-18 (kafka.cluster.Partition)
kafka2  | 2026-09-25T22:30:04.684948797Z [2026-09-25 22:30:04,684] INFO [Partition __consumer_offsets-18 broker=2] Log loaded for partition __consumer_offsets-18 with initial high watermark 0 (kafka.cluster.Partition)
kafka2  | 2026-09-25T22:30:04.685096671Z [2026-09-25 22:30:04,685] INFO [Broker id=2] Follower __consumer_offsets-18 starts at leader epoch 0 from offset 0 with partition epoch 0 and high watermark 0. Current leader is 3. Previous leader Some(3) and previous leader epoch was 0. (state.change.logger)
kafka2  | 2026-09-25T22:30:04.685403245Z [2026-09-25 22:30:04,685] INFO [Broker id=2] Creating new partition __consumer_offsets-0 with topic id w2caDlcSQY-bJJSbpCk06w. (state.change.logger)
kafka2  | 2026-09-25T22:30:04.701402679Z [2026-09-25 22:30:04,698] INFO [LogLoader partition=__consumer_offsets-0, dir=/var/lib/kafka/data] Loading producer state till offset 0 with message format version 2 (kafka.log.UnifiedLog$)
kafka2  | 2026-09-25T22:30:04.701439305Z [2026-09-25 22:30:04,700] INFO Created log for partition __consumer_offsets-0 in /var/lib/kafka/data/__consumer_offsets-0 with properties {cleanup.policy=compact, compression.type="producer", segment.bytes=104857600} (kafka.log.LogManager)
kafka2  | 2026-09-25T22:30:04.701634587Z [2026-09-25 22:30:04,701] INFO [Partition __consumer_offsets-0 broker=2] No checkpointed highwatermark is found for partition __consumer_offsets-0 (kafka.cluster.Partition)
kafka1  | 2026-09-25T22:30:04.964753269Z [2026-09-25 22:30:04,964] INFO [Partition __consumer_offsets-22 broker=1] No checkpointed highwatermark is found for partition __consumer_offsets-22 (kafka.cluster.Partition)
kafka3  | 2026-09-25T22:30:04.324744529Z [2026-09-25 22:30:04,324] INFO Created log for partition __consumer_offsets-47 in /var/lib/kafka/data/__consumer_offsets-47 with properties {cleanup.policy=compact, compression.type="producer", segment.bytes=104857600} (kafka.log.LogManager)
kafka3  | 2026-09-25T22:30:04.327547058Z [2026-09-25 22:30:04,324] INFO [Partition __consumer_offsets-47 broker=3] No checkpointed highwatermark is found for partition __consumer_offsets-47 (kafka.cluster.Partition)
kafka3  | 2026-09-25T22:30:04.327772106Z [2026-09-25 22:30:04,326] INFO [Partition __consumer_offsets-47 broker=3] Log loaded for partition __consumer_offsets-47 with initial high watermark 0 (kafka.cluster.Partition)
kafka3  | 2026-09-25T22:30:04.329662919Z [2026-09-25 22:30:04,328] INFO [Broker id=3] Leader __consumer_offsets-47 with topic id Some(w2caDlcSQY-bJJSbpCk06w) starts at leader epoch 0 from offset 0 with partition epoch 0, high watermark 0, ISR [3,1,2], adding replicas [] and removing replicas [] . Previous leader None and previous leader epoch was -1. (state.change.logger)
kafka3  | 2026-09-25T22:30:04.338950871Z [2026-09-25 22:30:04,338] INFO [Broker id=3] Creating new partition __consumer_offsets-11 with topic id w2caDlcSQY-bJJSbpCk06w. (state.change.logger)
kafka3  | 2026-09-25T22:30:04.348341916Z [2026-09-25 22:30:04,347] INFO [LogLoader partition=__consumer_offsets-11, dir=/var/lib/kafka/data] Loading producer state till offset 0 with message format version 2 (kafka.log.UnifiedLog$)
kafka3  | 2026-09-25T22:30:04.349625471Z [2026-09-25 22:30:04,349] INFO Created log for partition __consumer_offsets-11 in /var/lib/kafka/data/__consumer_offsets-11 with properties {cleanup.policy=compact, compression.type="producer", segment.bytes=104857600} (kafka.log.LogManager)
kafka3  | 2026-09-25T22:30:04.349864779Z [2026-09-25 22:30:04,349] INFO [Partition __consumer_offsets-11 broker=3] No checkpointed highwatermark is found for partition __consumer_offsets-11 (kafka.cluster.Partition)
kafka3  | 2026-09-25T22:30:04.350635216Z [2026-09-25 22:30:04,349] INFO [Partition __consumer_offsets-11 broker=3] Log loaded for partition __consumer_offsets-11 with initial high watermark 0 (kafka.cluster.Partition)
kafka3  | 2026-09-25T22:30:04.350656318Z [2026-09-25 22:30:04,350] INFO [Broker id=3] Leader __consumer_offsets-11 with topic id Some(w2caDlcSQY-bJJSbpCk06w) starts at leader epoch 0 from offset 0 with partition epoch 0, high watermark 0, ISR [3,2,1], adding replicas [] and removing replicas [] . Previous leader None and previous leader epoch was -1. (state.change.logger)
kafka3  | 2026-09-25T22:30:04.365559220Z [2026-09-25 22:30:04,364] INFO [Broker id=3] Creating new partition __consumer_offsets-43 with topic id w2caDlcSQY-bJJSbpCk06w. (state.change.logger)
kafka3  | 2026-09-25T22:30:04.380462812Z [2026-09-25 22:30:04,380] INFO [LogLoader partition=__consumer_offsets-43, dir=/var/lib/kafka/data] Loading producer state till offset 0 with message format version 2 (kafka.log.UnifiedLog$)
kafka3  | 2026-09-25T22:30:04.383464863Z [2026-09-25 22:30:04,382] INFO Created log for partition __consumer_offsets-43 in /var/lib/kafka/data/__consumer_offsets-43 with properties {cleanup.policy=compact, compression.type="producer", segment.bytes=104857600} (kafka.log.LogManager)
kafka3  | 2026-09-25T22:30:04.383496639Z [2026-09-25 22:30:04,383] INFO [Partition __consumer_offsets-43 broker=3] No checkpointed highwatermark is found for partition __consumer_offsets-43 (kafka.cluster.Partition)
kafka1  | 2026-09-25T22:30:04.964756939Z [2026-09-25 22:30:04,964] INFO [Partition __consumer_offsets-22 broker=1] Log loaded for partition __consumer_offsets-22 with initial high watermark 0 (kafka.cluster.Partition)
kafka1  | 2026-09-25T22:30:04.964760958Z [2026-09-25 22:30:04,964] INFO [Broker id=1] Follower __consumer_offsets-22 starts at leader epoch 0 from offset 0 with partition epoch 0 and high watermark 0. Current leader is 2. Previous leader Some(2) and previous leader epoch was 0. (state.change.logger)
kafka1  | 2026-09-25T22:30:04.964762142Z [2026-09-25 22:30:04,964] INFO [Broker id=1] Creating new partition __consumer_offsets-49 with topic id w2caDlcSQY-bJJSbpCk06w. (state.change.logger)
kafka1  | 2026-09-25T22:30:04.969341748Z [2026-09-25 22:30:04,968] INFO [LogLoader partition=__consumer_offsets-49, dir=/var/lib/kafka/data] Loading producer state till offset 0 with message format version 2 (kafka.log.UnifiedLog$)
kafka1  | 2026-09-25T22:30:04.970453011Z [2026-09-25 22:30:04,970] INFO Created log for partition __consumer_offsets-49 in /var/lib/kafka/data/__consumer_offsets-49 with properties {cleanup.policy=compact, compression.type="producer", segment.bytes=104857600} (kafka.log.LogManager)
kafka1  | 2026-09-25T22:30:04.970488975Z [2026-09-25 22:30:04,970] INFO [Partition __consumer_offsets-49 broker=1] No checkpointed highwatermark is found for partition __consumer_offsets-49 (kafka.cluster.Partition)
kafka3  | 2026-09-25T22:30:04.384697854Z [2026-09-25 22:30:04,384] INFO [Partition __consumer_offsets-43 broker=3] Log loaded for partition __consumer_offsets-43 with initial high watermark 0 (kafka.cluster.Partition)
kafka3  | 2026-09-25T22:30:04.385150405Z [2026-09-25 22:30:04,384] INFO [Broker id=3] Leader __consumer_offsets-43 with topic id Some(w2caDlcSQY-bJJSbpCk06w) starts at leader epoch 0 from offset 0 with partition epoch 0, high watermark 0, ISR [3,2,1], adding replicas [] and removing replicas [] . Previous leader None and previous leader epoch was -1. (state.change.logger)
kafka3  | 2026-09-25T22:30:04.395709245Z [2026-09-25 22:30:04,395] INFO [Broker id=3] Creating new partition __consumer_offsets-12 with topic id w2caDlcSQY-bJJSbpCk06w. (state.change.logger)
kafka3  | 2026-09-25T22:30:04.402528729Z [2026-09-25 22:30:04,402] INFO [LogLoader partition=__consumer_offsets-12, dir=/var/lib/kafka/data] Loading producer state till offset 0 with message format version 2 (kafka.log.UnifiedLog$)
kafka3  | 2026-09-25T22:30:04.404778604Z [2026-09-25 22:30:04,404] INFO Created log for partition __consumer_offsets-12 in /var/lib/kafka/data/__consumer_offsets-12 with properties {cleanup.policy=compact, compression.type="producer", segment.bytes=104857600} (kafka.log.LogManager)
kafka3  | 2026-09-25T22:30:04.405438308Z [2026-09-25 22:30:04,405] INFO [Partition __consumer_offsets-12 broker=3] No checkpointed highwatermark is found for partition __consumer_offsets-12 (kafka.cluster.Partition)
kafka3  | 2026-09-25T22:30:04.405612253Z [2026-09-25 22:30:04,405] INFO [Partition __consumer_offsets-12 broker=3] Log loaded for partition __consumer_offsets-12 with initial high watermark 0 (kafka.cluster.Partition)
kafka3  | 2026-09-25T22:30:04.405951591Z [2026-09-25 22:30:04,405] INFO [Broker id=3] Leader __consumer_offsets-12 with topic id Some(w2caDlcSQY-bJJSbpCk06w) starts at leader epoch 0 from offset 0 with partition epoch 0, high watermark 0, ISR [3,1,2], adding replicas [] and removing replicas [] . Previous leader None and previous leader epoch was -1. (state.change.logger)
kafka3  | 2026-09-25T22:30:04.415359394Z [2026-09-25 22:30:04,414] INFO [Broker id=3] Creating new partition __consumer_offsets-21 with topic id w2caDlcSQY-bJJSbpCk06w. (state.change.logger)
kafka3  | 2026-09-25T22:30:04.426036808Z [2026-09-25 22:30:04,425] INFO [LogLoader partition=__consumer_offsets-21, dir=/var/lib/kafka/data] Loading producer state till offset 0 with message format version 2 (kafka.log.UnifiedLog$)
kafka3  | 2026-09-25T22:30:04.428963904Z [2026-09-25 22:30:04,428] INFO Created log for partition __consumer_offsets-21 in /var/lib/kafka/data/__consumer_offsets-21 with properties {cleanup.policy=compact, compression.type="producer", segment.bytes=104857600} (kafka.log.LogManager)
kafka3  | 2026-09-25T22:30:04.429188291Z [2026-09-25 22:30:04,428] INFO [Partition __consumer_offsets-21 broker=3] No checkpointed highwatermark is found for partition __consumer_offsets-21 (kafka.cluster.Partition)
kafka3  | 2026-09-25T22:30:04.429437112Z [2026-09-25 22:30:04,429] INFO [Partition __consumer_offsets-21 broker=3] Log loaded for partition __consumer_offsets-21 with initial high watermark 0 (kafka.cluster.Partition)
kafka3  | 2026-09-25T22:30:04.429761182Z [2026-09-25 22:30:04,429] INFO [Broker id=3] Leader __consumer_offsets-21 with topic id Some(w2caDlcSQY-bJJSbpCk06w) starts at leader epoch 0 from offset 0 with partition epoch 0, high watermark 0, ISR [3,2,1], adding replicas [] and removing replicas [] . Previous leader None and previous leader epoch was -1. (state.change.logger)
kafka3  | 2026-09-25T22:30:04.440357186Z [2026-09-25 22:30:04,439] INFO [Broker id=3] Creating new partition __consumer_offsets-18 with topic id w2caDlcSQY-bJJSbpCk06w. (state.change.logger)
kafka3  | 2026-09-25T22:30:04.445371426Z [2026-09-25 22:30:04,445] INFO [LogLoader partition=__consumer_offsets-18, dir=/var/lib/kafka/data] Loading producer state till offset 0 with message format version 2 (kafka.log.UnifiedLog$)
kafka3  | 2026-09-25T22:30:04.446796401Z [2026-09-25 22:30:04,446] INFO Created log for partition __consumer_offsets-18 in /var/lib/kafka/data/__consumer_offsets-18 with properties {cleanup.policy=compact, compression.type="producer", segment.bytes=104857600} (kafka.log.LogManager)
kafka3  | 2026-09-25T22:30:04.446881849Z [2026-09-25 22:30:04,446] INFO [Partition __consumer_offsets-18 broker=3] No checkpointed highwatermark is found for partition __consumer_offsets-18 (kafka.cluster.Partition)
kafka3  | 2026-09-25T22:30:04.447127477Z [2026-09-25 22:30:04,446] INFO [Partition __consumer_offsets-18 broker=3] Log loaded for partition __consumer_offsets-18 with initial high watermark 0 (kafka.cluster.Partition)
kafka2  | 2026-09-25T22:30:04.701682850Z [2026-09-25 22:30:04,701] INFO [Partition __consumer_offsets-0 broker=2] Log loaded for partition __consumer_offsets-0 with initial high watermark 0 (kafka.cluster.Partition)
kafka2  | 2026-09-25T22:30:04.703305024Z [2026-09-25 22:30:04,701] INFO [Broker id=2] Follower __consumer_offsets-0 starts at leader epoch 0 from offset 0 with partition epoch 0 and high watermark 0. Current leader is 1. Previous leader Some(1) and previous leader epoch was 0. (state.change.logger)
kafka2  | 2026-09-25T22:30:04.703337793Z [2026-09-25 22:30:04,701] INFO [Broker id=2] Creating new partition __consumer_offsets-29 with topic id w2caDlcSQY-bJJSbpCk06w. (state.change.logger)
kafka2  | 2026-09-25T22:30:04.711281193Z [2026-09-25 22:30:04,710] INFO [LogLoader partition=__consumer_offsets-29, dir=/var/lib/kafka/data] Loading producer state till offset 0 with message format version 2 (kafka.log.UnifiedLog$)
kafka2  | 2026-09-25T22:30:04.712732203Z [2026-09-25 22:30:04,711] INFO Created log for partition __consumer_offsets-29 in /var/lib/kafka/data/__consumer_offsets-29 with properties {cleanup.policy=compact, compression.type="producer", segment.bytes=104857600} (kafka.log.LogManager)
kafka2  | 2026-09-25T22:30:04.714247238Z [2026-09-25 22:30:04,712] INFO [Partition __consumer_offsets-29 broker=2] No checkpointed highwatermark is found for partition __consumer_offsets-29 (kafka.cluster.Partition)
kafka2  | 2026-09-25T22:30:04.714283907Z [2026-09-25 22:30:04,713] INFO [Partition __consumer_offsets-29 broker=2] Log loaded for partition __consumer_offsets-29 with initial high watermark 0 (kafka.cluster.Partition)
kafka2  | 2026-09-25T22:30:04.714286612Z [2026-09-25 22:30:04,713] INFO [Broker id=2] Follower __consumer_offsets-29 starts at leader epoch 0 from offset 0 with partition epoch 0 and high watermark 0. Current leader is 3. Previous leader Some(3) and previous leader epoch was 0. (state.change.logger)
kafka2  | 2026-09-25T22:30:04.714288491Z [2026-09-25 22:30:04,713] INFO [Broker id=2] Creating new partition __consumer_offsets-25 with topic id w2caDlcSQY-bJJSbpCk06w. (state.change.logger)
kafka2  | 2026-09-25T22:30:04.720503001Z [2026-09-25 22:30:04,720] INFO [LogLoader partition=__consumer_offsets-25, dir=/var/lib/kafka/data] Loading producer state till offset 0 with message format version 2 (kafka.log.UnifiedLog$)
kafka2  | 2026-09-25T22:30:04.724652417Z [2026-09-25 22:30:04,724] INFO Created log for partition __consumer_offsets-25 in /var/lib/kafka/data/__consumer_offsets-25 with properties {cleanup.policy=compact, compression.type="producer", segment.bytes=104857600} (kafka.log.LogManager)
kafka2  | 2026-09-25T22:30:04.724792101Z [2026-09-25 22:30:04,724] INFO [Partition __consumer_offsets-25 broker=2] No checkpointed highwatermark is found for partition __consumer_offsets-25 (kafka.cluster.Partition)
kafka2  | 2026-09-25T22:30:04.725028880Z [2026-09-25 22:30:04,724] INFO [Partition __consumer_offsets-25 broker=2] Log loaded for partition __consumer_offsets-25 with initial high watermark 0 (kafka.cluster.Partition)
kafka2  | 2026-09-25T22:30:04.725292381Z [2026-09-25 22:30:04,725] INFO [Broker id=2] Follower __consumer_offsets-25 starts at leader epoch 0 from offset 0 with partition epoch 0 and high watermark 0. Current leader is 3. Previous leader Some(3) and previous leader epoch was 0. (state.change.logger)
kafka2  | 2026-09-25T22:30:04.726291973Z [2026-09-25 22:30:04,725] INFO [Broker id=2] Creating new partition __consumer_offsets-39 with topic id w2caDlcSQY-bJJSbpCk06w. (state.change.logger)
kafka2  | 2026-09-25T22:30:04.735950591Z [2026-09-25 22:30:04,735] INFO [LogLoader partition=__consumer_offsets-39, dir=/var/lib/kafka/data] Loading producer state till offset 0 with message format version 2 (kafka.log.UnifiedLog$)
kafka2  | 2026-09-25T22:30:04.737437866Z [2026-09-25 22:30:04,737] INFO Created log for partition __consumer_offsets-39 in /var/lib/kafka/data/__consumer_offsets-39 with properties {cleanup.policy=compact, compression.type="producer", segment.bytes=104857600} (kafka.log.LogManager)
kafka2  | 2026-09-25T22:30:04.737703502Z [2026-09-25 22:30:04,737] INFO [Partition __consumer_offsets-39 broker=2] No checkpointed highwatermark is found for partition __consumer_offsets-39 (kafka.cluster.Partition)
kafka3  | 2026-09-25T22:30:04.447355652Z [2026-09-25 22:30:04,447] INFO [Broker id=3] Leader __consumer_offsets-18 with topic id Some(w2caDlcSQY-bJJSbpCk06w) starts at leader epoch 0 from offset 0 with partition epoch 0, high watermark 0, ISR [3,2,1], adding replicas [] and removing replicas [] . Previous leader None and previous leader epoch was -1. (state.change.logger)
kafka3  | 2026-09-25T22:30:04.453417559Z [2026-09-25 22:30:04,452] INFO [Broker id=3] Creating new partition __consumer_offsets-32 with topic id w2caDlcSQY-bJJSbpCk06w. (state.change.logger)
kafka3  | 2026-09-25T22:30:04.462768934Z [2026-09-25 22:30:04,461] INFO [LogLoader partition=__consumer_offsets-32, dir=/var/lib/kafka/data] Loading producer state till offset 0 with message format version 2 (kafka.log.UnifiedLog$)
kafka3  | 2026-09-25T22:30:04.463934094Z [2026-09-25 22:30:04,463] INFO Created log for partition __consumer_offsets-32 in /var/lib/kafka/data/__consumer_offsets-32 with properties {cleanup.policy=compact, compression.type="producer", segment.bytes=104857600} (kafka.log.LogManager)
kafka3  | 2026-09-25T22:30:04.463988221Z [2026-09-25 22:30:04,463] INFO [Partition __consumer_offsets-32 broker=3] No checkpointed highwatermark is found for partition __consumer_offsets-32 (kafka.cluster.Partition)
kafka3  | 2026-09-25T22:30:04.464072094Z [2026-09-25 22:30:04,463] INFO [Partition __consumer_offsets-32 broker=3] Log loaded for partition __consumer_offsets-32 with initial high watermark 0 (kafka.cluster.Partition)
kafka3  | 2026-09-25T22:30:04.464236763Z [2026-09-25 22:30:04,464] INFO [Broker id=3] Leader __consumer_offsets-32 with topic id Some(w2caDlcSQY-bJJSbpCk06w) starts at leader epoch 0 from offset 0 with partition epoch 0, high watermark 0, ISR [3,1,2], adding replicas [] and removing replicas [] . Previous leader None and previous leader epoch was -1. (state.change.logger)
kafka1  | 2026-09-25T22:30:04.970889430Z [2026-09-25 22:30:04,970] INFO [Partition __consumer_offsets-49 broker=1] Log loaded for partition __consumer_offsets-49 with initial high watermark 0 (kafka.cluster.Partition)
kafka1  | 2026-09-25T22:30:04.970914133Z [2026-09-25 22:30:04,970] INFO [Broker id=1] Follower __consumer_offsets-49 starts at leader epoch 0 from offset 0 with partition epoch 0 and high watermark 0. Current leader is 2. Previous leader Some(2) and previous leader epoch was 0. (state.change.logger)
kafka1  | 2026-09-25T22:30:04.970920403Z [2026-09-25 22:30:04,970] INFO [Broker id=1] Creating new partition __consumer_offsets-18 with topic id w2caDlcSQY-bJJSbpCk06w. (state.change.logger)
kafka1  | 2026-09-25T22:30:04.975611629Z [2026-09-25 22:30:04,975] INFO [LogLoader partition=__consumer_offsets-18, dir=/var/lib/kafka/data] Loading producer state till offset 0 with message format version 2 (kafka.log.UnifiedLog$)
kafka1  | 2026-09-25T22:30:04.976327350Z [2026-09-25 22:30:04,976] INFO Created log for partition __consumer_offsets-18 in /var/lib/kafka/data/__consumer_offsets-18 with properties {cleanup.policy=compact, compression.type="producer", segment.bytes=104857600} (kafka.log.LogManager)
kafka1  | 2026-09-25T22:30:04.976356126Z [2026-09-25 22:30:04,976] INFO [Partition __consumer_offsets-18 broker=1] No checkpointed highwatermark is found for partition __consumer_offsets-18 (kafka.cluster.Partition)
kafka1  | 2026-09-25T22:30:04.976358443Z [2026-09-25 22:30:04,976] INFO [Partition __consumer_offsets-18 broker=1] Log loaded for partition __consumer_offsets-18 with initial high watermark 0 (kafka.cluster.Partition)
kafka1  | 2026-09-25T22:30:04.976488609Z [2026-09-25 22:30:04,976] INFO [Broker id=1] Follower __consumer_offsets-18 starts at leader epoch 0 from offset 0 with partition epoch 0 and high watermark 0. Current leader is 3. Previous leader Some(3) and previous leader epoch was 0. (state.change.logger)
kafka1  | 2026-09-25T22:30:04.976610527Z [2026-09-25 22:30:04,976] INFO [Broker id=1] Creating new partition __consumer_offsets-31 with topic id w2caDlcSQY-bJJSbpCk06w. (state.change.logger)
kafka1  | 2026-09-25T22:30:04.981661879Z [2026-09-25 22:30:04,981] INFO [LogLoader partition=__consumer_offsets-31, dir=/var/lib/kafka/data] Loading producer state till offset 0 with message format version 2 (kafka.log.UnifiedLog$)
kafka1  | 2026-09-25T22:30:04.982764045Z [2026-09-25 22:30:04,982] INFO Created log for partition __consumer_offsets-31 in /var/lib/kafka/data/__consumer_offsets-31 with properties {cleanup.policy=compact, compression.type="producer", segment.bytes=104857600} (kafka.log.LogManager)
kafka2  | 2026-09-25T22:30:04.737835429Z [2026-09-25 22:30:04,737] INFO [Partition __consumer_offsets-39 broker=2] Log loaded for partition __consumer_offsets-39 with initial high watermark 0 (kafka.cluster.Partition)
kafka3  | 2026-09-25T22:30:04.475106923Z [2026-09-25 22:30:04,474] INFO [Broker id=3] Creating new partition __consumer_offsets-29 with topic id w2caDlcSQY-bJJSbpCk06w. (state.change.logger)
kafka3  | 2026-09-25T22:30:04.486023457Z [2026-09-25 22:30:04,485] INFO [LogLoader partition=__consumer_offsets-29, dir=/var/lib/kafka/data] Loading producer state till offset 0 with message format version 2 (kafka.log.UnifiedLog$)
kafka3  | 2026-09-25T22:30:04.487785765Z [2026-09-25 22:30:04,487] INFO Created log for partition __consumer_offsets-29 in /var/lib/kafka/data/__consumer_offsets-29 with properties {cleanup.policy=compact, compression.type="producer", segment.bytes=104857600} (kafka.log.LogManager)
kafka3  | 2026-09-25T22:30:04.489138970Z [2026-09-25 22:30:04,487] INFO [Partition __consumer_offsets-29 broker=3] No checkpointed highwatermark is found for partition __consumer_offsets-29 (kafka.cluster.Partition)
kafka3  | 2026-09-25T22:30:04.489735358Z [2026-09-25 22:30:04,489] INFO [Partition __consumer_offsets-29 broker=3] Log loaded for partition __consumer_offsets-29 with initial high watermark 0 (kafka.cluster.Partition)
kafka3  | 2026-09-25T22:30:04.490227572Z [2026-09-25 22:30:04,489] INFO [Broker id=3] Leader __consumer_offsets-29 with topic id Some(w2caDlcSQY-bJJSbpCk06w) starts at leader epoch 0 from offset 0 with partition epoch 0, high watermark 0, ISR [3,2,1], adding replicas [] and removing replicas [] . Previous leader None and previous leader epoch was -1. (state.change.logger)
kafka3  | 2026-09-25T22:30:04.503770704Z [2026-09-25 22:30:04,503] INFO [Broker id=3] Creating new partition __consumer_offsets-25 with topic id w2caDlcSQY-bJJSbpCk06w. (state.change.logger)
kafka3  | 2026-09-25T22:30:04.515465343Z [2026-09-25 22:30:04,514] INFO [LogLoader partition=__consumer_offsets-25, dir=/var/lib/kafka/data] Loading producer state till offset 0 with message format version 2 (kafka.log.UnifiedLog$)
kafka3  | 2026-09-25T22:30:04.519327658Z [2026-09-25 22:30:04,518] INFO Created log for partition __consumer_offsets-25 in /var/lib/kafka/data/__consumer_offsets-25 with properties {cleanup.policy=compact, compression.type="producer", segment.bytes=104857600} (kafka.log.LogManager)
kafka3  | 2026-09-25T22:30:04.519366554Z [2026-09-25 22:30:04,519] INFO [Partition __consumer_offsets-25 broker=3] No checkpointed highwatermark is found for partition __consumer_offsets-25 (kafka.cluster.Partition)
kafka3  | 2026-09-25T22:30:04.519752228Z [2026-09-25 22:30:04,519] INFO [Partition __consumer_offsets-25 broker=3] Log loaded for partition __consumer_offsets-25 with initial high watermark 0 (kafka.cluster.Partition)
kafka1  | 2026-09-25T22:30:04.982829786Z [2026-09-25 22:30:04,982] INFO [Partition __consumer_offsets-31 broker=1] No checkpointed highwatermark is found for partition __consumer_offsets-31 (kafka.cluster.Partition)
kafka1  | 2026-09-25T22:30:04.982975170Z [2026-09-25 22:30:04,982] INFO [Partition __consumer_offsets-31 broker=1] Log loaded for partition __consumer_offsets-31 with initial high watermark 0 (kafka.cluster.Partition)
kafka1  | 2026-09-25T22:30:04.983087205Z [2026-09-25 22:30:04,982] INFO [Broker id=1] Follower __consumer_offsets-31 starts at leader epoch 0 from offset 0 with partition epoch 0 and high watermark 0. Current leader is 2. Previous leader Some(2) and previous leader epoch was 0. (state.change.logger)
kafka1  | 2026-09-25T22:30:04.983351078Z [2026-09-25 22:30:04,983] INFO [Broker id=1] Creating new partition __consumer_offsets-29 with topic id w2caDlcSQY-bJJSbpCk06w. (state.change.logger)
kafka1  | 2026-09-25T22:30:04.986722689Z [2026-09-25 22:30:04,986] INFO [LogLoader partition=__consumer_offsets-29, dir=/var/lib/kafka/data] Loading producer state till offset 0 with message format version 2 (kafka.log.UnifiedLog$)
kafka1  | 2026-09-25T22:30:04.987454288Z [2026-09-25 22:30:04,987] INFO Created log for partition __consumer_offsets-29 in /var/lib/kafka/data/__consumer_offsets-29 with properties {cleanup.policy=compact, compression.type="producer", segment.bytes=104857600} (kafka.log.LogManager)
kafka1  | 2026-09-25T22:30:04.987481079Z [2026-09-25 22:30:04,987] INFO [Partition __consumer_offsets-29 broker=1] No checkpointed highwatermark is found for partition __consumer_offsets-29 (kafka.cluster.Partition)
kafka1  | 2026-09-25T22:30:04.987483450Z [2026-09-25 22:30:04,987] INFO [Partition __consumer_offsets-29 broker=1] Log loaded for partition __consumer_offsets-29 with initial high watermark 0 (kafka.cluster.Partition)
kafka1  | 2026-09-25T22:30:04.987677953Z [2026-09-25 22:30:04,987] INFO [Broker id=1] Follower __consumer_offsets-29 starts at leader epoch 0 from offset 0 with partition epoch 0 and high watermark 0. Current leader is 3. Previous leader Some(3) and previous leader epoch was 0. (state.change.logger)
kafka1  | 2026-09-25T22:30:04.987776593Z [2026-09-25 22:30:04,987] INFO [Broker id=1] Creating new partition __consumer_offsets-27 with topic id w2caDlcSQY-bJJSbpCk06w. (state.change.logger)
kafka1  | 2026-09-25T22:30:04.992085385Z [2026-09-25 22:30:04,991] INFO [LogLoader partition=__consumer_offsets-27, dir=/var/lib/kafka/data] Loading producer state till offset 0 with message format version 2 (kafka.log.UnifiedLog$)
kafka1  | 2026-09-25T22:30:04.992918513Z [2026-09-25 22:30:04,992] INFO Created log for partition __consumer_offsets-27 in /var/lib/kafka/data/__consumer_offsets-27 with properties {cleanup.policy=compact, compression.type="producer", segment.bytes=104857600} (kafka.log.LogManager)
kafka1  | 2026-09-25T22:30:04.992935898Z [2026-09-25 22:30:04,992] INFO [Partition __consumer_offsets-27 broker=1] No checkpointed highwatermark is found for partition __consumer_offsets-27 (kafka.cluster.Partition)
kafka1  | 2026-09-25T22:30:04.993067422Z [2026-09-25 22:30:04,992] INFO [Partition __consumer_offsets-27 broker=1] Log loaded for partition __consumer_offsets-27 with initial high watermark 0 (kafka.cluster.Partition)
kafka1  | 2026-09-25T22:30:04.993211836Z [2026-09-25 22:30:04,993] INFO [Broker id=1] Follower __consumer_offsets-27 starts at leader epoch 0 from offset 0 with partition epoch 0 and high watermark 0. Current leader is 2. Previous leader Some(2) and previous leader epoch was 0. (state.change.logger)
kafka1  | 2026-09-25T22:30:04.993374801Z [2026-09-25 22:30:04,993] INFO [Broker id=1] Creating new partition __consumer_offsets-25 with topic id w2caDlcSQY-bJJSbpCk06w. (state.change.logger)
kafka1  | 2026-09-25T22:30:05.001553476Z [2026-09-25 22:30:05,001] INFO [LogLoader partition=__consumer_offsets-25, dir=/var/lib/kafka/data] Loading producer state till offset 0 with message format version 2 (kafka.log.UnifiedLog$)
kafka1  | 2026-09-25T22:30:05.002186308Z [2026-09-25 22:30:05,002] INFO Created log for partition __consumer_offsets-25 in /var/lib/kafka/data/__consumer_offsets-25 with properties {cleanup.policy=compact, compression.type="producer", segment.bytes=104857600} (kafka.log.LogManager)
kafka1  | 2026-09-25T22:30:05.002452488Z [2026-09-25 22:30:05,002] INFO [Partition __consumer_offsets-25 broker=1] No checkpointed highwatermark is found for partition __consumer_offsets-25 (kafka.cluster.Partition)
kafka1  | 2026-09-25T22:30:05.002468048Z [2026-09-25 22:30:05,002] INFO [Partition __consumer_offsets-25 broker=1] Log loaded for partition __consumer_offsets-25 with initial high watermark 0 (kafka.cluster.Partition)
kafka1  | 2026-09-25T22:30:05.002470878Z [2026-09-25 22:30:05,002] INFO [Broker id=1] Follower __consumer_offsets-25 starts at leader epoch 0 from offset 0 with partition epoch 0 and high watermark 0. Current leader is 3. Previous leader Some(3) and previous leader epoch was 0. (state.change.logger)
kafka1  | 2026-09-25T22:30:05.002608437Z [2026-09-25 22:30:05,002] INFO [Broker id=1] Creating new partition __consumer_offsets-39 with topic id w2caDlcSQY-bJJSbpCk06w. (state.change.logger)
kafka1  | 2026-09-25T22:30:05.007392138Z [2026-09-25 22:30:05,007] INFO [LogLoader partition=__consumer_offsets-39, dir=/var/lib/kafka/data] Loading producer state till offset 0 with message format version 2 (kafka.log.UnifiedLog$)
kafka1  | 2026-09-25T22:30:05.008120229Z [2026-09-25 22:30:05,007] INFO Created log for partition __consumer_offsets-39 in /var/lib/kafka/data/__consumer_offsets-39 with properties {cleanup.policy=compact, compression.type="producer", segment.bytes=104857600} (kafka.log.LogManager)
kafka1  | 2026-09-25T22:30:05.008194694Z [2026-09-25 22:30:05,007] INFO [Partition __consumer_offsets-39 broker=1] No checkpointed highwatermark is found for partition __consumer_offsets-39 (kafka.cluster.Partition)
kafka1  | 2026-09-25T22:30:05.011009976Z [2026-09-25 22:30:05,008] INFO [Partition __consumer_offsets-39 broker=1] Log loaded for partition __consumer_offsets-39 with initial high watermark 0 (kafka.cluster.Partition)
kafka1  | 2026-09-25T22:30:05.011049416Z [2026-09-25 22:30:05,008] INFO [Broker id=1] Follower __consumer_offsets-39 starts at leader epoch 0 from offset 0 with partition epoch 0 and high watermark 0. Current leader is 3. Previous leader Some(3) and previous leader epoch was 0. (state.change.logger)
kafka1  | 2026-09-25T22:30:05.011053270Z [2026-09-25 22:30:05,008] INFO [Broker id=1] Creating new partition __consumer_offsets-8 with topic id w2caDlcSQY-bJJSbpCk06w. (state.change.logger)
kafka1  | 2026-09-25T22:30:05.015072912Z [2026-09-25 22:30:05,014] INFO [LogLoader partition=__consumer_offsets-8, dir=/var/lib/kafka/data] Loading producer state till offset 0 with message format version 2 (kafka.log.UnifiedLog$)
kafka1  | 2026-09-25T22:30:05.016984391Z [2026-09-25 22:30:05,016] INFO Created log for partition __consumer_offsets-8 in /var/lib/kafka/data/__consumer_offsets-8 with properties {cleanup.policy=compact, compression.type="producer", segment.bytes=104857600} (kafka.log.LogManager)
kafka1  | 2026-09-25T22:30:05.017026153Z [2026-09-25 22:30:05,016] INFO [Partition __consumer_offsets-8 broker=1] No checkpointed highwatermark is found for partition __consumer_offsets-8 (kafka.cluster.Partition)
kafka1  | 2026-09-25T22:30:05.017028270Z [2026-09-25 22:30:05,016] INFO [Partition __consumer_offsets-8 broker=1] Log loaded for partition __consumer_offsets-8 with initial high watermark 0 (kafka.cluster.Partition)
kafka1  | 2026-09-25T22:30:05.017039090Z [2026-09-25 22:30:05,016] INFO [Broker id=1] Follower __consumer_offsets-8 starts at leader epoch 0 from offset 0 with partition epoch 0 and high watermark 0. Current leader is 3. Previous leader Some(3) and previous leader epoch was 0. (state.change.logger)
kafka1  | 2026-09-25T22:30:05.017271809Z [2026-09-25 22:30:05,017] INFO [Broker id=1] Creating new partition __consumer_offsets-35 with topic id w2caDlcSQY-bJJSbpCk06w. (state.change.logger)
kafka1  | 2026-09-25T22:30:05.023106446Z [2026-09-25 22:30:05,022] INFO [LogLoader partition=__consumer_offsets-35, dir=/var/lib/kafka/data] Loading producer state till offset 0 with message format version 2 (kafka.log.UnifiedLog$)
kafka1  | 2026-09-25T22:30:05.024142507Z [2026-09-25 22:30:05,023] INFO Created log for partition __consumer_offsets-35 in /var/lib/kafka/data/__consumer_offsets-35 with properties {cleanup.policy=compact, compression.type="producer", segment.bytes=104857600} (kafka.log.LogManager)
kafka1  | 2026-09-25T22:30:05.024173195Z [2026-09-25 22:30:05,023] INFO [Partition __consumer_offsets-35 broker=1] No checkpointed highwatermark is found for partition __consumer_offsets-35 (kafka.cluster.Partition)
kafka1  | 2026-09-25T22:30:05.024175325Z [2026-09-25 22:30:05,024] INFO [Partition __consumer_offsets-35 broker=1] Log loaded for partition __consumer_offsets-35 with initial high watermark 0 (kafka.cluster.Partition)
kafka1  | 2026-09-25T22:30:05.024410884Z [2026-09-25 22:30:05,024] INFO [Broker id=1] Follower __consumer_offsets-35 starts at leader epoch 0 from offset 0 with partition epoch 0 and high watermark 0. Current leader is 2. Previous leader Some(2) and previous leader epoch was 0. (state.change.logger)
kafka1  | 2026-09-25T22:30:05.024423190Z [2026-09-25 22:30:05,024] INFO [Broker id=1] Creating new partition __consumer_offsets-4 with topic id w2caDlcSQY-bJJSbpCk06w. (state.change.logger)
kafka1  | 2026-09-25T22:30:05.027841866Z [2026-09-25 22:30:05,027] INFO [LogLoader partition=__consumer_offsets-4, dir=/var/lib/kafka/data] Loading producer state till offset 0 with message format version 2 (kafka.log.UnifiedLog$)
kafka1  | 2026-09-25T22:30:05.028470113Z [2026-09-25 22:30:05,028] INFO Created log for partition __consumer_offsets-4 in /var/lib/kafka/data/__consumer_offsets-4 with properties {cleanup.policy=compact, compression.type="producer", segment.bytes=104857600} (kafka.log.LogManager)
kafka1  | 2026-09-25T22:30:05.028496962Z [2026-09-25 22:30:05,028] INFO [Partition __consumer_offsets-4 broker=1] No checkpointed highwatermark is found for partition __consumer_offsets-4 (kafka.cluster.Partition)
kafka1  | 2026-09-25T22:30:05.028505071Z [2026-09-25 22:30:05,028] INFO [Partition __consumer_offsets-4 broker=1] Log loaded for partition __consumer_offsets-4 with initial high watermark 0 (kafka.cluster.Partition)
kafka3  | 2026-09-25T22:30:04.521563031Z [2026-09-25 22:30:04,521] INFO [Broker id=3] Leader __consumer_offsets-25 with topic id Some(w2caDlcSQY-bJJSbpCk06w) starts at leader epoch 0 from offset 0 with partition epoch 0, high watermark 0, ISR [3,1,2], adding replicas [] and removing replicas [] . Previous leader None and previous leader epoch was -1. (state.change.logger)
kafka3  | 2026-09-25T22:30:04.533252073Z [2026-09-25 22:30:04,532] INFO [Broker id=3] Creating new partition __consumer_offsets-39 with topic id w2caDlcSQY-bJJSbpCk06w. (state.change.logger)
kafka3  | 2026-09-25T22:30:04.541858681Z [2026-09-25 22:30:04,541] INFO [LogLoader partition=__consumer_offsets-39, dir=/var/lib/kafka/data] Loading producer state till offset 0 with message format version 2 (kafka.log.UnifiedLog$)
kafka3  | 2026-09-25T22:30:04.543136696Z [2026-09-25 22:30:04,542] INFO Created log for partition __consumer_offsets-39 in /var/lib/kafka/data/__consumer_offsets-39 with properties {cleanup.policy=compact, compression.type="producer", segment.bytes=104857600} (kafka.log.LogManager)
kafka3  | 2026-09-25T22:30:04.543521246Z [2026-09-25 22:30:04,543] INFO [Partition __consumer_offsets-39 broker=3] No checkpointed highwatermark is found for partition __consumer_offsets-39 (kafka.cluster.Partition)
kafka3  | 2026-09-25T22:30:04.543535355Z [2026-09-25 22:30:04,543] INFO [Partition __consumer_offsets-39 broker=3] Log loaded for partition __consumer_offsets-39 with initial high watermark 0 (kafka.cluster.Partition)
kafka3  | 2026-09-25T22:30:04.543890568Z [2026-09-25 22:30:04,543] INFO [Broker id=3] Leader __consumer_offsets-39 with topic id Some(w2caDlcSQY-bJJSbpCk06w) starts at leader epoch 0 from offset 0 with partition epoch 0, high watermark 0, ISR [3,1,2], adding replicas [] and removing replicas [] . Previous leader None and previous leader epoch was -1. (state.change.logger)
kafka3  | 2026-09-25T22:30:04.551134007Z [2026-09-25 22:30:04,550] INFO [Broker id=3] Creating new partition __consumer_offsets-8 with topic id w2caDlcSQY-bJJSbpCk06w. (state.change.logger)
kafka3  | 2026-09-25T22:30:04.562638966Z [2026-09-25 22:30:04,561] INFO [LogLoader partition=__consumer_offsets-8, dir=/var/lib/kafka/data] Loading producer state till offset 0 with message format version 2 (kafka.log.UnifiedLog$)
kafka3  | 2026-09-25T22:30:04.564634986Z [2026-09-25 22:30:04,564] INFO Created log for partition __consumer_offsets-8 in /var/lib/kafka/data/__consumer_offsets-8 with properties {cleanup.policy=compact, compression.type="producer", segment.bytes=104857600} (kafka.log.LogManager)
kafka3  | 2026-09-25T22:30:04.564714654Z [2026-09-25 22:30:04,564] INFO [Partition __consumer_offsets-8 broker=3] No checkpointed highwatermark is found for partition __consumer_offsets-8 (kafka.cluster.Partition)
kafka3  | 2026-09-25T22:30:04.564722272Z [2026-09-25 22:30:04,564] INFO [Partition __consumer_offsets-8 broker=3] Log loaded for partition __consumer_offsets-8 with initial high watermark 0 (kafka.cluster.Partition)
kafka3  | 2026-09-25T22:30:04.565083078Z [2026-09-25 22:30:04,564] INFO [Broker id=3] Leader __consumer_offsets-8 with topic id Some(w2caDlcSQY-bJJSbpCk06w) starts at leader epoch 0 from offset 0 with partition epoch 0, high watermark 0, ISR [3,1,2], adding replicas [] and removing replicas [] . Previous leader None and previous leader epoch was -1. (state.change.logger)
kafka3  | 2026-09-25T22:30:04.573402029Z [2026-09-25 22:30:04,572] INFO [Broker id=3] Creating new partition __consumer_offsets-38 with topic id w2caDlcSQY-bJJSbpCk06w. (state.change.logger)
kafka3  | 2026-09-25T22:30:04.580575908Z [2026-09-25 22:30:04,580] INFO [LogLoader partition=__consumer_offsets-38, dir=/var/lib/kafka/data] Loading producer state till offset 0 with message format version 2 (kafka.log.UnifiedLog$)
kafka3  | 2026-09-25T22:30:04.582165960Z [2026-09-25 22:30:04,581] INFO Created log for partition __consumer_offsets-38 in /var/lib/kafka/data/__consumer_offsets-38 with properties {cleanup.policy=compact, compression.type="producer", segment.bytes=104857600} (kafka.log.LogManager)
kafka3  | 2026-09-25T22:30:04.582189000Z [2026-09-25 22:30:04,581] INFO [Partition __consumer_offsets-38 broker=3] No checkpointed highwatermark is found for partition __consumer_offsets-38 (kafka.cluster.Partition)
kafka3  | 2026-09-25T22:30:04.582191902Z [2026-09-25 22:30:04,581] INFO [Partition __consumer_offsets-38 broker=3] Log loaded for partition __consumer_offsets-38 with initial high watermark 0 (kafka.cluster.Partition)
kafka3  | 2026-09-25T22:30:04.582193473Z [2026-09-25 22:30:04,581] INFO [Broker id=3] Leader __consumer_offsets-38 with topic id Some(w2caDlcSQY-bJJSbpCk06w) starts at leader epoch 0 from offset 0 with partition epoch 0, high watermark 0, ISR [3,2,1], adding replicas [] and removing replicas [] . Previous leader None and previous leader epoch was -1. (state.change.logger)
kafka3  | 2026-09-25T22:30:04.590152233Z [2026-09-25 22:30:04,589] INFO [Broker id=3] Creating new partition __consumer_offsets-4 with topic id w2caDlcSQY-bJJSbpCk06w. (state.change.logger)
kafka3  | 2026-09-25T22:30:04.597905843Z [2026-09-25 22:30:04,597] INFO [LogLoader partition=__consumer_offsets-4, dir=/var/lib/kafka/data] Loading producer state till offset 0 with message format version 2 (kafka.log.UnifiedLog$)
kafka3  | 2026-09-25T22:30:04.599548089Z [2026-09-25 22:30:04,599] INFO Created log for partition __consumer_offsets-4 in /var/lib/kafka/data/__consumer_offsets-4 with properties {cleanup.policy=compact, compression.type="producer", segment.bytes=104857600} (kafka.log.LogManager)
kafka3  | 2026-09-25T22:30:04.599773720Z [2026-09-25 22:30:04,599] INFO [Partition __consumer_offsets-4 broker=3] No checkpointed highwatermark is found for partition __consumer_offsets-4 (kafka.cluster.Partition)
kafka3  | 2026-09-25T22:30:04.599973116Z [2026-09-25 22:30:04,599] INFO [Partition __consumer_offsets-4 broker=3] Log loaded for partition __consumer_offsets-4 with initial high watermark 0 (kafka.cluster.Partition)
kafka3  | 2026-09-25T22:30:04.600404972Z [2026-09-25 22:30:04,600] INFO [Broker id=3] Leader __consumer_offsets-4 with topic id Some(w2caDlcSQY-bJJSbpCk06w) starts at leader epoch 0 from offset 0 with partition epoch 0, high watermark 0, ISR [3,1,2], adding replicas [] and removing replicas [] . Previous leader None and previous leader epoch was -1. (state.change.logger)
kafka3  | 2026-09-25T22:30:04.609375105Z [2026-09-25 22:30:04,608] INFO [Broker id=3] Creating new partition __consumer_offsets-2 with topic id w2caDlcSQY-bJJSbpCk06w. (state.change.logger)
kafka3  | 2026-09-25T22:30:04.633655559Z [2026-09-25 22:30:04,633] INFO [LogLoader partition=__consumer_offsets-2, dir=/var/lib/kafka/data] Loading producer state till offset 0 with message format version 2 (kafka.log.UnifiedLog$)
kafka3  | 2026-09-25T22:30:04.635552035Z [2026-09-25 22:30:04,634] INFO Created log for partition __consumer_offsets-2 in /var/lib/kafka/data/__consumer_offsets-2 with properties {cleanup.policy=compact, compression.type="producer", segment.bytes=104857600} (kafka.log.LogManager)
kafka3  | 2026-09-25T22:30:04.635594164Z [2026-09-25 22:30:04,634] INFO [Partition __consumer_offsets-2 broker=3] No checkpointed highwatermark is found for partition __consumer_offsets-2 (kafka.cluster.Partition)
kafka3  | 2026-09-25T22:30:04.635597101Z [2026-09-25 22:30:04,634] INFO [Partition __consumer_offsets-2 broker=3] Log loaded for partition __consumer_offsets-2 with initial high watermark 0 (kafka.cluster.Partition)
kafka3  | 2026-09-25T22:30:04.635607591Z [2026-09-25 22:30:04,635] INFO [Broker id=3] Leader __consumer_offsets-2 with topic id Some(w2caDlcSQY-bJJSbpCk06w) starts at leader epoch 0 from offset 0 with partition epoch 0, high watermark 0, ISR [3,1,2], adding replicas [] and removing replicas [] . Previous leader None and previous leader epoch was -1. (state.change.logger)
kafka2  | 2026-09-25T22:30:04.738179624Z [2026-09-25 22:30:04,737] INFO [Broker id=2] Follower __consumer_offsets-39 starts at leader epoch 0 from offset 0 with partition epoch 0 and high watermark 0. Current leader is 3. Previous leader Some(3) and previous leader epoch was 0. (state.change.logger)
kafka2  | 2026-09-25T22:30:04.738283466Z [2026-09-25 22:30:04,738] INFO [Broker id=2] Creating new partition __consumer_offsets-8 with topic id w2caDlcSQY-bJJSbpCk06w. (state.change.logger)
kafka2  | 2026-09-25T22:30:04.750669415Z [2026-09-25 22:30:04,750] INFO [LogLoader partition=__consumer_offsets-8, dir=/var/lib/kafka/data] Loading producer state till offset 0 with message format version 2 (kafka.log.UnifiedLog$)
kafka2  | 2026-09-25T22:30:04.752371508Z [2026-09-25 22:30:04,752] INFO Created log for partition __consumer_offsets-8 in /var/lib/kafka/data/__consumer_offsets-8 with properties {cleanup.policy=compact, compression.type="producer", segment.bytes=104857600} (kafka.log.LogManager)
kafka2  | 2026-09-25T22:30:04.754122961Z [2026-09-25 22:30:04,752] INFO [Partition __consumer_offsets-8 broker=2] No checkpointed highwatermark is found for partition __consumer_offsets-8 (kafka.cluster.Partition)
kafka2  | 2026-09-25T22:30:04.754219326Z [2026-09-25 22:30:04,752] INFO [Partition __consumer_offsets-8 broker=2] Log loaded for partition __consumer_offsets-8 with initial high watermark 0 (kafka.cluster.Partition)
kafka2  | 2026-09-25T22:30:04.754241208Z [2026-09-25 22:30:04,752] INFO [Broker id=2] Follower __consumer_offsets-8 starts at leader epoch 0 from offset 0 with partition epoch 0 and high watermark 0. Current leader is 3. Previous leader Some(3) and previous leader epoch was 0. (state.change.logger)
kafka2  | 2026-09-25T22:30:04.754243013Z [2026-09-25 22:30:04,753] INFO [Broker id=2] Creating new partition __consumer_offsets-37 with topic id w2caDlcSQY-bJJSbpCk06w. (state.change.logger)
kafka2  | 2026-09-25T22:30:04.759853276Z [2026-09-25 22:30:04,759] INFO [LogLoader partition=__consumer_offsets-37, dir=/var/lib/kafka/data] Loading producer state till offset 0 with message format version 2 (kafka.log.UnifiedLog$)
kafka2  | 2026-09-25T22:30:04.763367612Z [2026-09-25 22:30:04,761] INFO Created log for partition __consumer_offsets-37 in /var/lib/kafka/data/__consumer_offsets-37 with properties {cleanup.policy=compact, compression.type="producer", segment.bytes=104857600} (kafka.log.LogManager)
kafka2  | 2026-09-25T22:30:04.763401624Z [2026-09-25 22:30:04,761] INFO [Partition __consumer_offsets-37 broker=2] No checkpointed highwatermark is found for partition __consumer_offsets-37 (kafka.cluster.Partition)
kafka2  | 2026-09-25T22:30:04.763405171Z [2026-09-25 22:30:04,762] INFO [Partition __consumer_offsets-37 broker=2] Log loaded for partition __consumer_offsets-37 with initial high watermark 0 (kafka.cluster.Partition)
kafka2  | 2026-09-25T22:30:04.763811464Z [2026-09-25 22:30:04,763] INFO [Broker id=2] Follower __consumer_offsets-37 starts at leader epoch 0 from offset 0 with partition epoch 0 and high watermark 0. Current leader is 1. Previous leader Some(1) and previous leader epoch was 0. (state.change.logger)
kafka2  | 2026-09-25T22:30:04.764111054Z [2026-09-25 22:30:04,763] INFO [Broker id=2] Creating new partition __consumer_offsets-6 with topic id w2caDlcSQY-bJJSbpCk06w. (state.change.logger)
kafka2  | 2026-09-25T22:30:04.774895611Z [2026-09-25 22:30:04,774] INFO [LogLoader partition=__consumer_offsets-6, dir=/var/lib/kafka/data] Loading producer state till offset 0 with message format version 2 (kafka.log.UnifiedLog$)
kafka2  | 2026-09-25T22:30:04.779131328Z [2026-09-25 22:30:04,775] INFO Created log for partition __consumer_offsets-6 in /var/lib/kafka/data/__consumer_offsets-6 with properties {cleanup.policy=compact, compression.type="producer", segment.bytes=104857600} (kafka.log.LogManager)
kafka2  | 2026-09-25T22:30:04.779167790Z [2026-09-25 22:30:04,775] INFO [Partition __consumer_offsets-6 broker=2] No checkpointed highwatermark is found for partition __consumer_offsets-6 (kafka.cluster.Partition)
kafka2  | 2026-09-25T22:30:04.779172422Z [2026-09-25 22:30:04,775] INFO [Partition __consumer_offsets-6 broker=2] Log loaded for partition __consumer_offsets-6 with initial high watermark 0 (kafka.cluster.Partition)
kafka2  | 2026-09-25T22:30:04.779174650Z [2026-09-25 22:30:04,775] INFO [Broker id=2] Follower __consumer_offsets-6 starts at leader epoch 0 from offset 0 with partition epoch 0 and high watermark 0. Current leader is 1. Previous leader Some(1) and previous leader epoch was 0. (state.change.logger)
kafka2  | 2026-09-25T22:30:04.779176881Z [2026-09-25 22:30:04,776] INFO [Broker id=2] Creating new partition __consumer_offsets-4 with topic id w2caDlcSQY-bJJSbpCk06w. (state.change.logger)
kafka2  | 2026-09-25T22:30:04.790312566Z [2026-09-25 22:30:04,789] INFO [LogLoader partition=__consumer_offsets-4, dir=/var/lib/kafka/data] Loading producer state till offset 0 with message format version 2 (kafka.log.UnifiedLog$)
kafka2  | 2026-09-25T22:30:04.792091319Z [2026-09-25 22:30:04,790] INFO Created log for partition __consumer_offsets-4 in /var/lib/kafka/data/__consumer_offsets-4 with properties {cleanup.policy=compact, compression.type="producer", segment.bytes=104857600} (kafka.log.LogManager)
kafka3  | 2026-09-25T22:30:04.649256378Z [2026-09-25 22:30:04,648] INFO [Broker id=3] Creating new partition __consumer_offsets-34 with topic id w2caDlcSQY-bJJSbpCk06w. (state.change.logger)
kafka1  | 2026-09-25T22:30:05.028635605Z [2026-09-25 22:30:05,028] INFO [Broker id=1] Follower __consumer_offsets-4 starts at leader epoch 0 from offset 0 with partition epoch 0 and high watermark 0. Current leader is 3. Previous leader Some(3) and previous leader epoch was 0. (state.change.logger)
kafka1  | 2026-09-25T22:30:05.028664012Z [2026-09-25 22:30:05,028] INFO [Broker id=1] Creating new partition __consumer_offsets-2 with topic id w2caDlcSQY-bJJSbpCk06w. (state.change.logger)
kafka1  | 2026-09-25T22:30:05.032321822Z [2026-09-25 22:30:05,032] INFO [LogLoader partition=__consumer_offsets-2, dir=/var/lib/kafka/data] Loading producer state till offset 0 with message format version 2 (kafka.log.UnifiedLog$)
kafka1  | 2026-09-25T22:30:05.032954475Z [2026-09-25 22:30:05,032] INFO Created log for partition __consumer_offsets-2 in /var/lib/kafka/data/__consumer_offsets-2 with properties {cleanup.policy=compact, compression.type="producer", segment.bytes=104857600} (kafka.log.LogManager)
kafka1  | 2026-09-25T22:30:05.032981237Z [2026-09-25 22:30:05,032] INFO [Partition __consumer_offsets-2 broker=1] No checkpointed highwatermark is found for partition __consumer_offsets-2 (kafka.cluster.Partition)
kafka1  | 2026-09-25T22:30:05.033016218Z [2026-09-25 22:30:05,032] INFO [Partition __consumer_offsets-2 broker=1] Log loaded for partition __consumer_offsets-2 with initial high watermark 0 (kafka.cluster.Partition)
kafka1  | 2026-09-25T22:30:05.033223805Z [2026-09-25 22:30:05,033] INFO [Broker id=1] Follower __consumer_offsets-2 starts at leader epoch 0 from offset 0 with partition epoch 0 and high watermark 0. Current leader is 3. Previous leader Some(3) and previous leader epoch was 0. (state.change.logger)
kafka1  | 2026-09-25T22:30:05.034469677Z [2026-09-25 22:30:05,034] INFO [ReplicaFetcherManager on broker 1] Removed fetcher for partitions Set(__consumer_offsets-15, __consumer_offsets-46, __consumer_offsets-11, __consumer_offsets-44, __consumer_offsets-9, __consumer_offsets-21, __consumer_offsets-19, __consumer_offsets-17, __consumer_offsets-32, __consumer_offsets-7, __consumer_offsets-38, __consumer_offsets-3, __consumer_offsets-36, __consumer_offsets-1, __consumer_offsets-34, __consumer_offsets-47, __consumer_offsets-14, __consumer_offsets-43, __consumer_offsets-12, __consumer_offsets-41, __consumer_offsets-24, __consumer_offsets-22, __consumer_offsets-49, __consumer_offsets-18, __consumer_offsets-31, __consumer_offsets-29, __consumer_offsets-27, __consumer_offsets-25, __consumer_offsets-39, __consumer_offsets-8, __consumer_offsets-35, __consumer_offsets-4, __consumer_offsets-2) (kafka.server.ReplicaFetcherManager)
kafka1  | 2026-09-25T22:30:05.034514381Z [2026-09-25 22:30:05,034] INFO [Broker id=1] Stopped fetchers as part of become-follower for 33 partitions (state.change.logger)
kafka1  | 2026-09-25T22:30:05.036779819Z [2026-09-25 22:30:05,036] INFO [ReplicaFetcherManager on broker 1] Added fetcher to broker 3 for partitions HashMap(__consumer_offsets-15 -> InitialFetchState(Some(w2caDlcSQY-bJJSbpCk06w),BrokerEndPoint(id=3, host=kafka3:9092),0,0), __consumer_offsets-47 -> InitialFetchState(Some(w2caDlcSQY-bJJSbpCk06w),BrokerEndPoint(id=3, host=kafka3:9092),0,0), __consumer_offsets-43 -> InitialFetchState(Some(w2caDlcSQY-bJJSbpCk06w),BrokerEndPoint(id=3, host=kafka3:9092),0,0), __consumer_offsets-11 -> InitialFetchState(Some(w2caDlcSQY-bJJSbpCk06w),BrokerEndPoint(id=3, host=kafka3:9092),0,0), __consumer_offsets-12 -> InitialFetchState(Some(w2caDlcSQY-bJJSbpCk06w),BrokerEndPoint(id=3, host=kafka3:9092),0,0), __consumer_offsets-21 -> InitialFetchState(Some(w2caDlcSQY-bJJSbpCk06w),BrokerEndPoint(id=3, host=kafka3:9092),0,0), __consumer_offsets-18 -> InitialFetchState(Some(w2caDlcSQY-bJJSbpCk06w),BrokerEndPoint(id=3, host=kafka3:9092),0,0), __consumer_offsets-32 -> InitialFetchState(Some(w2caDlcSQY-bJJSbpCk06w),BrokerEndPoint(id=3, host=kafka3:9092),0,0), __consumer_offsets-29 -> InitialFetchState(Some(w2caDlcSQY-bJJSbpCk06w),BrokerEndPoint(id=3, host=kafka3:9092),0,0), __consumer_offsets-25 -> InitialFetchState(Some(w2caDlcSQY-bJJSbpCk06w),BrokerEndPoint(id=3, host=kafka3:9092),0,0), __consumer_offsets-39 -> InitialFetchState(Some(w2caDlcSQY-bJJSbpCk06w),BrokerEndPoint(id=3, host=kafka3:9092),0,0), __consumer_offsets-8 -> InitialFetchState(Some(w2caDlcSQY-bJJSbpCk06w),BrokerEndPoint(id=3, host=kafka3:9092),0,0), __consumer_offsets-38 -> InitialFetchState(Some(w2caDlcSQY-bJJSbpCk06w),BrokerEndPoint(id=3, host=kafka3:9092),0,0), __consumer_offsets-4 -> InitialFetchState(Some(w2caDlcSQY-bJJSbpCk06w),BrokerEndPoint(id=3, host=kafka3:9092),0,0), __consumer_offsets-34 -> InitialFetchState(Some(w2caDlcSQY-bJJSbpCk06w),BrokerEndPoint(id=3, host=kafka3:9092),0,0), __consumer_offsets-2 -> InitialFetchState(Some(w2caDlcSQY-bJJSbpCk06w),BrokerEndPoint(id=3, host=kafka3:9092),0,0)) (kafka.server.ReplicaFetcherManager)
kafka1  | 2026-09-25T22:30:05.037588985Z [2026-09-25 22:30:05,037] INFO [ReplicaFetcherManager on broker 1] Added fetcher to broker 2 for partitions HashMap(__consumer_offsets-14 -> InitialFetchState(Some(w2caDlcSQY-bJJSbpCk06w),BrokerEndPoint(id=2, host=kafka2:9092),0,0), __consumer_offsets-46 -> InitialFetchState(Some(w2caDlcSQY-bJJSbpCk06w),BrokerEndPoint(id=2, host=kafka2:9092),0,0), __consumer_offsets-44 -> InitialFetchState(Some(w2caDlcSQY-bJJSbpCk06w),BrokerEndPoint(id=2, host=kafka2:9092),0,0), __consumer_offsets-41 -> InitialFetchState(Some(w2caDlcSQY-bJJSbpCk06w),BrokerEndPoint(id=2, host=kafka2:9092),0,0), __consumer_offsets-9 -> InitialFetchState(Some(w2caDlcSQY-bJJSbpCk06w),BrokerEndPoint(id=2, host=kafka2:9092),0,0), __consumer_offsets-24 -> InitialFetchState(Some(w2caDlcSQY-bJJSbpCk06w),BrokerEndPoint(id=2, host=kafka2:9092),0,0), __consumer_offsets-22 -> InitialFetchState(Some(w2caDlcSQY-bJJSbpCk06w),BrokerEndPoint(id=2, host=kafka2:9092),0,0), __consumer_offsets-19 -> InitialFetchState(Some(w2caDlcSQY-bJJSbpCk06w),BrokerEndPoint(id=2, host=kafka2:9092),0,0), __consumer_offsets-17 -> InitialFetchState(Some(w2caDlcSQY-bJJSbpCk06w),BrokerEndPoint(id=2, host=kafka2:9092),0,0), __consumer_offsets-49 -> InitialFetchState(Some(w2caDlcSQY-bJJSbpCk06w),BrokerEndPoint(id=2, host=kafka2:9092),0,0), __consumer_offsets-31 -> InitialFetchState(Some(w2caDlcSQY-bJJSbpCk06w),BrokerEndPoint(id=2, host=kafka2:9092),0,0), __consumer_offsets-27 -> InitialFetchState(Some(w2caDlcSQY-bJJSbpCk06w),BrokerEndPoint(id=2, host=kafka2:9092),0,0), __consumer_offsets-7 -> InitialFetchState(Some(w2caDlcSQY-bJJSbpCk06w),BrokerEndPoint(id=2, host=kafka2:9092),0,0), __consumer_offsets-35 -> InitialFetchState(Some(w2caDlcSQY-bJJSbpCk06w),BrokerEndPoint(id=2, host=kafka2:9092),0,0), __consumer_offsets-3 -> InitialFetchState(Some(w2caDlcSQY-bJJSbpCk06w),BrokerEndPoint(id=2, host=kafka2:9092),0,0), __consumer_offsets-36 -> InitialFetchState(Some(w2caDlcSQY-bJJSbpCk06w),BrokerEndPoint(id=2, host=kafka2:9092),0,0), __consumer_offsets-1 -> InitialFetchState(Some(w2caDlcSQY-bJJSbpCk06w),BrokerEndPoint(id=2, host=kafka2:9092),0,0)) (kafka.server.ReplicaFetcherManager)
kafka1  | 2026-09-25T22:30:05.037637160Z [2026-09-25 22:30:05,037] INFO [Broker id=1] Started fetchers as part of become-follower for 33 partitions (state.change.logger)
kafka1  | 2026-09-25T22:30:05.041128411Z [2026-09-25 22:30:05,040] INFO [GroupCoordinator 1]: Elected as the group coordinator for partition 16 in epoch 0 (kafka.coordinator.group.GroupCoordinator)
kafka1  | 2026-09-25T22:30:05.041378355Z [2026-09-25 22:30:05,041] INFO [GroupMetadataManager brokerId=1] Scheduling loading of offsets and group metadata from __consumer_offsets-16 for epoch 0 (kafka.coordinator.group.GroupMetadataManager)
kafka1  | 2026-09-25T22:30:05.042533933Z [2026-09-25 22:30:05,042] INFO [GroupCoordinator 1]: Elected as the group coordinator for partition 48 in epoch 0 (kafka.coordinator.group.GroupCoordinator)
kafka1  | 2026-09-25T22:30:05.042553462Z [2026-09-25 22:30:05,042] INFO [GroupMetadataManager brokerId=1] Scheduling loading of offsets and group metadata from __consumer_offsets-48 for epoch 0 (kafka.coordinator.group.GroupMetadataManager)
kafka1  | 2026-09-25T22:30:05.042558406Z [2026-09-25 22:30:05,042] INFO [GroupCoordinator 1]: Elected as the group coordinator for partition 13 in epoch 0 (kafka.coordinator.group.GroupCoordinator)
kafka1  | 2026-09-25T22:30:05.042560035Z [2026-09-25 22:30:05,042] INFO [GroupMetadataManager brokerId=1] Scheduling loading of offsets and group metadata from __consumer_offsets-13 for epoch 0 (kafka.coordinator.group.GroupMetadataManager)
kafka1  | 2026-09-25T22:30:05.042561562Z [2026-09-25 22:30:05,042] INFO [GroupCoordinator 1]: Elected as the group coordinator for partition 45 in epoch 0 (kafka.coordinator.group.GroupCoordinator)
kafka1  | 2026-09-25T22:30:05.042562811Z [2026-09-25 22:30:05,042] INFO [GroupMetadataManager brokerId=1] Scheduling loading of offsets and group metadata from __consumer_offsets-45 for epoch 0 (kafka.coordinator.group.GroupMetadataManager)
kafka1  | 2026-09-25T22:30:05.042563982Z [2026-09-25 22:30:05,042] INFO [GroupCoordinator 1]: Elected as the group coordinator for partition 10 in epoch 0 (kafka.coordinator.group.GroupCoordinator)
kafka1  | 2026-09-25T22:30:05.042565431Z [2026-09-25 22:30:05,042] INFO [GroupMetadataManager brokerId=1] Scheduling loading of offsets and group metadata from __consumer_offsets-10 for epoch 0 (kafka.coordinator.group.GroupMetadataManager)
kafka1  | 2026-09-25T22:30:05.042591129Z [2026-09-25 22:30:05,042] INFO [GroupCoordinator 1]: Elected as the group coordinator for partition 42 in epoch 0 (kafka.coordinator.group.GroupCoordinator)
kafka1  | 2026-09-25T22:30:05.042601407Z [2026-09-25 22:30:05,042] INFO [GroupMetadataManager brokerId=1] Scheduling loading of offsets and group metadata from __consumer_offsets-42 for epoch 0 (kafka.coordinator.group.GroupMetadataManager)
kafka1  | 2026-09-25T22:30:05.042721164Z [2026-09-25 22:30:05,042] INFO [GroupCoordinator 1]: Elected as the group coordinator for partition 23 in epoch 0 (kafka.coordinator.group.GroupCoordinator)
kafka1  | 2026-09-25T22:30:05.042729375Z [2026-09-25 22:30:05,042] INFO [GroupMetadataManager brokerId=1] Scheduling loading of offsets and group metadata from __consumer_offsets-23 for epoch 0 (kafka.coordinator.group.GroupMetadataManager)
kafka1  | 2026-09-25T22:30:05.042731633Z [2026-09-25 22:30:05,042] INFO [GroupCoordinator 1]: Elected as the group coordinator for partition 20 in epoch 0 (kafka.coordinator.group.GroupCoordinator)
kafka1  | 2026-09-25T22:30:05.042733311Z [2026-09-25 22:30:05,042] INFO [GroupMetadataManager brokerId=1] Scheduling loading of offsets and group metadata from __consumer_offsets-20 for epoch 0 (kafka.coordinator.group.GroupMetadataManager)
kafka1  | 2026-09-25T22:30:05.042734945Z [2026-09-25 22:30:05,042] INFO [GroupCoordinator 1]: Elected as the group coordinator for partition 0 in epoch 0 (kafka.coordinator.group.GroupCoordinator)
kafka1  | 2026-09-25T22:30:05.042736667Z [2026-09-25 22:30:05,042] INFO [GroupMetadataManager brokerId=1] Scheduling loading of offsets and group metadata from __consumer_offsets-0 for epoch 0 (kafka.coordinator.group.GroupMetadataManager)
kafka1  | 2026-09-25T22:30:05.042742627Z [2026-09-25 22:30:05,042] INFO [GroupCoordinator 1]: Elected as the group coordinator for partition 30 in epoch 0 (kafka.coordinator.group.GroupCoordinator)
kafka1  | 2026-09-25T22:30:05.042743932Z [2026-09-25 22:30:05,042] INFO [GroupMetadataManager brokerId=1] Scheduling loading of offsets and group metadata from __consumer_offsets-30 for epoch 0 (kafka.coordinator.group.GroupMetadataManager)
kafka1  | 2026-09-25T22:30:05.042824490Z [2026-09-25 22:30:05,042] INFO [GroupCoordinator 1]: Elected as the group coordinator for partition 28 in epoch 0 (kafka.coordinator.group.GroupCoordinator)
kafka1  | 2026-09-25T22:30:05.042842437Z [2026-09-25 22:30:05,042] INFO [GroupMetadataManager brokerId=1] Scheduling loading of offsets and group metadata from __consumer_offsets-28 for epoch 0 (kafka.coordinator.group.GroupMetadataManager)
kafka1  | 2026-09-25T22:30:05.042844177Z [2026-09-25 22:30:05,042] INFO [GroupCoordinator 1]: Elected as the group coordinator for partition 26 in epoch 0 (kafka.coordinator.group.GroupCoordinator)
kafka1  | 2026-09-25T22:30:05.042845698Z [2026-09-25 22:30:05,042] INFO [GroupMetadataManager brokerId=1] Scheduling loading of offsets and group metadata from __consumer_offsets-26 for epoch 0 (kafka.coordinator.group.GroupMetadataManager)
kafka1  | 2026-09-25T22:30:05.042847118Z [2026-09-25 22:30:05,042] INFO [GroupCoordinator 1]: Elected as the group coordinator for partition 40 in epoch 0 (kafka.coordinator.group.GroupCoordinator)
kafka1  | 2026-09-25T22:30:05.042848791Z [2026-09-25 22:30:05,042] INFO [GroupMetadataManager brokerId=1] Scheduling loading of offsets and group metadata from __consumer_offsets-40 for epoch 0 (kafka.coordinator.group.GroupMetadataManager)
kafka1  | 2026-09-25T22:30:05.042911476Z [2026-09-25 22:30:05,042] INFO [GroupCoordinator 1]: Elected as the group coordinator for partition 5 in epoch 0 (kafka.coordinator.group.GroupCoordinator)
kafka1  | 2026-09-25T22:30:05.042918244Z [2026-09-25 22:30:05,042] INFO [GroupMetadataManager brokerId=1] Scheduling loading of offsets and group metadata from __consumer_offsets-5 for epoch 0 (kafka.coordinator.group.GroupMetadataManager)
kafka1  | 2026-09-25T22:30:05.043006519Z [2026-09-25 22:30:05,042] INFO [GroupCoordinator 1]: Elected as the group coordinator for partition 37 in epoch 0 (kafka.coordinator.group.GroupCoordinator)
kafka1  | 2026-09-25T22:30:05.043023172Z [2026-09-25 22:30:05,042] INFO [GroupMetadataManager brokerId=1] Scheduling loading of offsets and group metadata from __consumer_offsets-37 for epoch 0 (kafka.coordinator.group.GroupMetadataManager)
kafka3  | 2026-09-25T22:30:04.671068835Z [2026-09-25 22:30:04,664] INFO [LogLoader partition=__consumer_offsets-34, dir=/var/lib/kafka/data] Loading producer state till offset 0 with message format version 2 (kafka.log.UnifiedLog$)
kafka3  | 2026-09-25T22:30:04.671103936Z [2026-09-25 22:30:04,665] INFO Created log for partition __consumer_offsets-34 in /var/lib/kafka/data/__consumer_offsets-34 with properties {cleanup.policy=compact, compression.type="producer", segment.bytes=104857600} (kafka.log.LogManager)
kafka3  | 2026-09-25T22:30:04.671106176Z [2026-09-25 22:30:04,666] INFO [Partition __consumer_offsets-34 broker=3] No checkpointed highwatermark is found for partition __consumer_offsets-34 (kafka.cluster.Partition)
kafka3  | 2026-09-25T22:30:04.671108159Z [2026-09-25 22:30:04,666] INFO [Partition __consumer_offsets-34 broker=3] Log loaded for partition __consumer_offsets-34 with initial high watermark 0 (kafka.cluster.Partition)
kafka3  | 2026-09-25T22:30:04.671109997Z [2026-09-25 22:30:04,666] INFO [Broker id=3] Leader __consumer_offsets-34 with topic id Some(w2caDlcSQY-bJJSbpCk06w) starts at leader epoch 0 from offset 0 with partition epoch 0, high watermark 0, ISR [3,2,1], adding replicas [] and removing replicas [] . Previous leader None and previous leader epoch was -1. (state.change.logger)
kafka3  | 2026-09-25T22:30:04.682721606Z [2026-09-25 22:30:04,681] INFO [Broker id=3] Transitioning 34 partition(s) to local followers. (state.change.logger)
kafka3  | 2026-09-25T22:30:04.682878971Z [2026-09-25 22:30:04,681] INFO [Broker id=3] Creating new partition __consumer_offsets-48 with topic id w2caDlcSQY-bJJSbpCk06w. (state.change.logger)
kafka3  | 2026-09-25T22:30:04.693553498Z [2026-09-25 22:30:04,692] INFO [LogLoader partition=__consumer_offsets-48, dir=/var/lib/kafka/data] Loading producer state till offset 0 with message format version 2 (kafka.log.UnifiedLog$)
kafka3  | 2026-09-25T22:30:04.694266226Z [2026-09-25 22:30:04,693] INFO Created log for partition __consumer_offsets-48 in /var/lib/kafka/data/__consumer_offsets-48 with properties {cleanup.policy=compact, compression.type="producer", segment.bytes=104857600} (kafka.log.LogManager)
kafka3  | 2026-09-25T22:30:04.694294139Z [2026-09-25 22:30:04,693] INFO [Partition __consumer_offsets-48 broker=3] No checkpointed highwatermark is found for partition __consumer_offsets-48 (kafka.cluster.Partition)
kafka3  | 2026-09-25T22:30:04.694296094Z [2026-09-25 22:30:04,694] INFO [Partition __consumer_offsets-48 broker=3] Log loaded for partition __consumer_offsets-48 with initial high watermark 0 (kafka.cluster.Partition)
kafka3  | 2026-09-25T22:30:04.694529117Z [2026-09-25 22:30:04,694] INFO [Broker id=3] Follower __consumer_offsets-48 starts at leader epoch 0 from offset 0 with partition epoch 0 and high watermark 0. Current leader is 1. Previous leader Some(1) and previous leader epoch was 0. (state.change.logger)
kafka3  | 2026-09-25T22:30:04.695440179Z [2026-09-25 22:30:04,695] INFO [Broker id=3] Creating new partition __consumer_offsets-13 with topic id w2caDlcSQY-bJJSbpCk06w. (state.change.logger)
kafka3  | 2026-09-25T22:30:04.703313196Z [2026-09-25 22:30:04,701] INFO [LogLoader partition=__consumer_offsets-13, dir=/var/lib/kafka/data] Loading producer state till offset 0 with message format version 2 (kafka.log.UnifiedLog$)
kafka3  | 2026-09-25T22:30:04.704247528Z [2026-09-25 22:30:04,703] INFO Created log for partition __consumer_offsets-13 in /var/lib/kafka/data/__consumer_offsets-13 with properties {cleanup.policy=compact, compression.type="producer", segment.bytes=104857600} (kafka.log.LogManager)
kafka3  | 2026-09-25T22:30:04.704476035Z [2026-09-25 22:30:04,704] INFO [Partition __consumer_offsets-13 broker=3] No checkpointed highwatermark is found for partition __consumer_offsets-13 (kafka.cluster.Partition)
kafka3  | 2026-09-25T22:30:04.704632464Z [2026-09-25 22:30:04,704] INFO [Partition __consumer_offsets-13 broker=3] Log loaded for partition __consumer_offsets-13 with initial high watermark 0 (kafka.cluster.Partition)
kafka3  | 2026-09-25T22:30:04.705353616Z [2026-09-25 22:30:04,704] INFO [Broker id=3] Follower __consumer_offsets-13 starts at leader epoch 0 from offset 0 with partition epoch 0 and high watermark 0. Current leader is 1. Previous leader Some(1) and previous leader epoch was 0. (state.change.logger)
kafka3  | 2026-09-25T22:30:04.705375860Z [2026-09-25 22:30:04,704] INFO [Broker id=3] Creating new partition __consumer_offsets-46 with topic id w2caDlcSQY-bJJSbpCk06w. (state.change.logger)
kafka3  | 2026-09-25T22:30:04.715271843Z [2026-09-25 22:30:04,715] INFO [LogLoader partition=__consumer_offsets-46, dir=/var/lib/kafka/data] Loading producer state till offset 0 with message format version 2 (kafka.log.UnifiedLog$)
kafka3  | 2026-09-25T22:30:04.716876239Z [2026-09-25 22:30:04,716] INFO Created log for partition __consumer_offsets-46 in /var/lib/kafka/data/__consumer_offsets-46 with properties {cleanup.policy=compact, compression.type="producer", segment.bytes=104857600} (kafka.log.LogManager)
kafka3  | 2026-09-25T22:30:04.717111370Z [2026-09-25 22:30:04,716] INFO [Partition __consumer_offsets-46 broker=3] No checkpointed highwatermark is found for partition __consumer_offsets-46 (kafka.cluster.Partition)
kafka3  | 2026-09-25T22:30:04.717130676Z [2026-09-25 22:30:04,717] INFO [Partition __consumer_offsets-46 broker=3] Log loaded for partition __consumer_offsets-46 with initial high watermark 0 (kafka.cluster.Partition)
kafka3  | 2026-09-25T22:30:04.717530399Z [2026-09-25 22:30:04,717] INFO [Broker id=3] Follower __consumer_offsets-46 starts at leader epoch 0 from offset 0 with partition epoch 0 and high watermark 0. Current leader is 2. Previous leader Some(2) and previous leader epoch was 0. (state.change.logger)
kafka1  | 2026-09-25T22:30:05.043109380Z [2026-09-25 22:30:05,042] INFO [GroupCoordinator 1]: Elected as the group coordinator for partition 6 in epoch 0 (kafka.coordinator.group.GroupCoordinator)
kafka1  | 2026-09-25T22:30:05.043114514Z [2026-09-25 22:30:05,043] INFO [GroupMetadataManager brokerId=1] Scheduling loading of offsets and group metadata from __consumer_offsets-6 for epoch 0 (kafka.coordinator.group.GroupMetadataManager)
kafka1  | 2026-09-25T22:30:05.043116034Z [2026-09-25 22:30:05,043] INFO [GroupCoordinator 1]: Elected as the group coordinator for partition 33 in epoch 0 (kafka.coordinator.group.GroupCoordinator)
kafka1  | 2026-09-25T22:30:05.043121269Z [2026-09-25 22:30:05,043] INFO [GroupMetadataManager brokerId=1] Scheduling loading of offsets and group metadata from __consumer_offsets-33 for epoch 0 (kafka.coordinator.group.GroupMetadataManager)
kafka1  | 2026-09-25T22:30:05.043816892Z [2026-09-25 22:30:05,043] INFO [GroupCoordinator 1]: Resigned as the group coordinator for partition 15 in epoch OptionalInt[0] (kafka.coordinator.group.GroupCoordinator)
kafka1  | 2026-09-25T22:30:05.044728188Z [2026-09-25 22:30:05,044] INFO [GroupMetadataManager brokerId=1] Scheduling unloading of offsets and group metadata from __consumer_offsets-15 (kafka.coordinator.group.GroupMetadataManager)
kafka1  | 2026-09-25T22:30:05.045040714Z [2026-09-25 22:30:05,044] INFO [GroupCoordinator 1]: Resigned as the group coordinator for partition 46 in epoch OptionalInt[0] (kafka.coordinator.group.GroupCoordinator)
kafka1  | 2026-09-25T22:30:05.045058558Z [2026-09-25 22:30:05,044] INFO [GroupMetadataManager brokerId=1] Scheduling unloading of offsets and group metadata from __consumer_offsets-46 (kafka.coordinator.group.GroupMetadataManager)
kafka1  | 2026-09-25T22:30:05.045062387Z [2026-09-25 22:30:05,044] INFO [GroupCoordinator 1]: Resigned as the group coordinator for partition 11 in epoch OptionalInt[0] (kafka.coordinator.group.GroupCoordinator)
kafka1  | 2026-09-25T22:30:05.045064510Z [2026-09-25 22:30:05,044] INFO [GroupMetadataManager brokerId=1] Scheduling unloading of offsets and group metadata from __consumer_offsets-11 (kafka.coordinator.group.GroupMetadataManager)
kafka1  | 2026-09-25T22:30:05.045066560Z [2026-09-25 22:30:05,044] INFO [GroupCoordinator 1]: Resigned as the group coordinator for partition 44 in epoch OptionalInt[0] (kafka.coordinator.group.GroupCoordinator)
kafka1  | 2026-09-25T22:30:05.045068430Z [2026-09-25 22:30:05,044] INFO [GroupMetadataManager brokerId=1] Scheduling unloading of offsets and group metadata from __consumer_offsets-44 (kafka.coordinator.group.GroupMetadataManager)
kafka1  | 2026-09-25T22:30:05.045070437Z [2026-09-25 22:30:05,044] INFO [GroupCoordinator 1]: Resigned as the group coordinator for partition 9 in epoch OptionalInt[0] (kafka.coordinator.group.GroupCoordinator)
kafka1  | 2026-09-25T22:30:05.045072246Z [2026-09-25 22:30:05,044] INFO [GroupMetadataManager brokerId=1] Scheduling unloading of offsets and group metadata from __consumer_offsets-9 (kafka.coordinator.group.GroupMetadataManager)
kafka1  | 2026-09-25T22:30:05.045074135Z [2026-09-25 22:30:05,044] INFO [GroupCoordinator 1]: Resigned as the group coordinator for partition 21 in epoch OptionalInt[0] (kafka.coordinator.group.GroupCoordinator)
kafka1  | 2026-09-25T22:30:05.045096874Z [2026-09-25 22:30:05,044] INFO [GroupMetadataManager brokerId=1] Scheduling unloading of offsets and group metadata from __consumer_offsets-21 (kafka.coordinator.group.GroupMetadataManager)
kafka1  | 2026-09-25T22:30:05.045100029Z [2026-09-25 22:30:05,045] INFO [GroupCoordinator 1]: Resigned as the group coordinator for partition 19 in epoch OptionalInt[0] (kafka.coordinator.group.GroupCoordinator)
kafka1  | 2026-09-25T22:30:05.045101895Z [2026-09-25 22:30:05,045] INFO [GroupMetadataManager brokerId=1] Scheduling unloading of offsets and group metadata from __consumer_offsets-19 (kafka.coordinator.group.GroupMetadataManager)
kafka1  | 2026-09-25T22:30:05.045296521Z [2026-09-25 22:30:05,045] INFO [GroupCoordinator 1]: Resigned as the group coordinator for partition 17 in epoch OptionalInt[0] (kafka.coordinator.group.GroupCoordinator)
kafka1  | 2026-09-25T22:30:05.045307653Z [2026-09-25 22:30:05,045] INFO [GroupMetadataManager brokerId=1] Scheduling unloading of offsets and group metadata from __consumer_offsets-17 (kafka.coordinator.group.GroupMetadataManager)
kafka1  | 2026-09-25T22:30:05.045309777Z [2026-09-25 22:30:05,045] INFO [GroupCoordinator 1]: Resigned as the group coordinator for partition 32 in epoch OptionalInt[0] (kafka.coordinator.group.GroupCoordinator)
kafka1  | 2026-09-25T22:30:05.045311424Z [2026-09-25 22:30:05,045] INFO [GroupMetadataManager brokerId=1] Scheduling unloading of offsets and group metadata from __consumer_offsets-32 (kafka.coordinator.group.GroupMetadataManager)
kafka1  | 2026-09-25T22:30:05.045313123Z [2026-09-25 22:30:05,045] INFO [GroupCoordinator 1]: Resigned as the group coordinator for partition 7 in epoch OptionalInt[0] (kafka.coordinator.group.GroupCoordinator)
kafka1  | 2026-09-25T22:30:05.045409492Z [2026-09-25 22:30:05,045] INFO [GroupMetadataManager brokerId=1] Scheduling unloading of offsets and group metadata from __consumer_offsets-7 (kafka.coordinator.group.GroupMetadataManager)
kafka1  | 2026-09-25T22:30:05.045419869Z [2026-09-25 22:30:05,045] INFO [GroupCoordinator 1]: Resigned as the group coordinator for partition 38 in epoch OptionalInt[0] (kafka.coordinator.group.GroupCoordinator)
kafka1  | 2026-09-25T22:30:05.045422379Z [2026-09-25 22:30:05,045] INFO [GroupMetadataManager brokerId=1] Scheduling unloading of offsets and group metadata from __consumer_offsets-38 (kafka.coordinator.group.GroupMetadataManager)
kafka1  | 2026-09-25T22:30:05.045429254Z [2026-09-25 22:30:05,045] INFO [GroupCoordinator 1]: Resigned as the group coordinator for partition 3 in epoch OptionalInt[0] (kafka.coordinator.group.GroupCoordinator)
kafka1  | 2026-09-25T22:30:05.045432723Z [2026-09-25 22:30:05,045] INFO [GroupMetadataManager brokerId=1] Scheduling unloading of offsets and group metadata from __consumer_offsets-3 (kafka.coordinator.group.GroupMetadataManager)
kafka1  | 2026-09-25T22:30:05.045434663Z [2026-09-25 22:30:05,045] INFO [GroupCoordinator 1]: Resigned as the group coordinator for partition 36 in epoch OptionalInt[0] (kafka.coordinator.group.GroupCoordinator)
kafka2  | 2026-09-25T22:30:04.792127790Z [2026-09-25 22:30:04,790] INFO [Partition __consumer_offsets-4 broker=2] No checkpointed highwatermark is found for partition __consumer_offsets-4 (kafka.cluster.Partition)
kafka2  | 2026-09-25T22:30:04.792134345Z [2026-09-25 22:30:04,791] INFO [Partition __consumer_offsets-4 broker=2] Log loaded for partition __consumer_offsets-4 with initial high watermark 0 (kafka.cluster.Partition)
kafka2  | 2026-09-25T22:30:04.792136772Z [2026-09-25 22:30:04,791] INFO [Broker id=2] Follower __consumer_offsets-4 starts at leader epoch 0 from offset 0 with partition epoch 0 and high watermark 0. Current leader is 3. Previous leader Some(3) and previous leader epoch was 0. (state.change.logger)
kafka2  | 2026-09-25T22:30:04.792142531Z [2026-09-25 22:30:04,791] INFO [Broker id=2] Creating new partition __consumer_offsets-33 with topic id w2caDlcSQY-bJJSbpCk06w. (state.change.logger)
kafka2  | 2026-09-25T22:30:04.812469858Z [2026-09-25 22:30:04,812] INFO [LogLoader partition=__consumer_offsets-33, dir=/var/lib/kafka/data] Loading producer state till offset 0 with message format version 2 (kafka.log.UnifiedLog$)
kafka2  | 2026-09-25T22:30:04.813395378Z [2026-09-25 22:30:04,813] INFO Created log for partition __consumer_offsets-33 in /var/lib/kafka/data/__consumer_offsets-33 with properties {cleanup.policy=compact, compression.type="producer", segment.bytes=104857600} (kafka.log.LogManager)
kafka2  | 2026-09-25T22:30:04.813462499Z [2026-09-25 22:30:04,813] INFO [Partition __consumer_offsets-33 broker=2] No checkpointed highwatermark is found for partition __consumer_offsets-33 (kafka.cluster.Partition)
kafka2  | 2026-09-25T22:30:04.814078657Z [2026-09-25 22:30:04,813] INFO [Partition __consumer_offsets-33 broker=2] Log loaded for partition __consumer_offsets-33 with initial high watermark 0 (kafka.cluster.Partition)
kafka2  | 2026-09-25T22:30:04.814665398Z [2026-09-25 22:30:04,814] INFO [Broker id=2] Follower __consumer_offsets-33 starts at leader epoch 0 from offset 0 with partition epoch 0 and high watermark 0. Current leader is 1. Previous leader Some(1) and previous leader epoch was 0. (state.change.logger)
kafka2  | 2026-09-25T22:30:04.814875548Z [2026-09-25 22:30:04,814] INFO [Broker id=2] Creating new partition __consumer_offsets-2 with topic id w2caDlcSQY-bJJSbpCk06w. (state.change.logger)
kafka2  | 2026-09-25T22:30:04.820609443Z [2026-09-25 22:30:04,820] INFO [LogLoader partition=__consumer_offsets-2, dir=/var/lib/kafka/data] Loading producer state till offset 0 with message format version 2 (kafka.log.UnifiedLog$)
kafka2  | 2026-09-25T22:30:04.821532056Z [2026-09-25 22:30:04,821] INFO Created log for partition __consumer_offsets-2 in /var/lib/kafka/data/__consumer_offsets-2 with properties {cleanup.policy=compact, compression.type="producer", segment.bytes=104857600} (kafka.log.LogManager)
kafka2  | 2026-09-25T22:30:04.821770710Z [2026-09-25 22:30:04,821] INFO [Partition __consumer_offsets-2 broker=2] No checkpointed highwatermark is found for partition __consumer_offsets-2 (kafka.cluster.Partition)
kafka2  | 2026-09-25T22:30:04.821782110Z [2026-09-25 22:30:04,821] INFO [Partition __consumer_offsets-2 broker=2] Log loaded for partition __consumer_offsets-2 with initial high watermark 0 (kafka.cluster.Partition)
kafka2  | 2026-09-25T22:30:04.821789683Z [2026-09-25 22:30:04,821] INFO [Broker id=2] Follower __consumer_offsets-2 starts at leader epoch 0 from offset 0 with partition epoch 0 and high watermark 0. Current leader is 3. Previous leader Some(3) and previous leader epoch was 0. (state.change.logger)
kafka2  | 2026-09-25T22:30:04.823603781Z [2026-09-25 22:30:04,823] INFO [ReplicaFetcherManager on broker 2] Removed fetcher for partitions Set(__consumer_offsets-15, __consumer_offsets-48, __consumer_offsets-13, __consumer_offsets-11, __consumer_offsets-42, __consumer_offsets-23, __consumer_offsets-21, __consumer_offsets-32, __consumer_offsets-30, __consumer_offsets-28, __consumer_offsets-26, __consumer_offsets-40, __consumer_offsets-5, __consumer_offsets-38, __consumer_offsets-34, __consumer_offsets-47, __consumer_offsets-16, __consumer_offsets-45, __consumer_offsets-43, __consumer_offsets-12, __consumer_offsets-10, __consumer_offsets-20, __consumer_offsets-18, __consumer_offsets-0, __consumer_offsets-29, __consumer_offsets-25, __consumer_offsets-39, __consumer_offsets-8, __consumer_offsets-37, __consumer_offsets-6, __consumer_offsets-4, __consumer_offsets-33, __consumer_offsets-2) (kafka.server.ReplicaFetcherManager)
kafka2  | 2026-09-25T22:30:04.823861386Z [2026-09-25 22:30:04,823] INFO [Broker id=2] Stopped fetchers as part of become-follower for 33 partitions (state.change.logger)
kafka3  | 2026-09-25T22:30:04.717602903Z [2026-09-25 22:30:04,717] INFO [Broker id=3] Creating new partition __consumer_offsets-44 with topic id w2caDlcSQY-bJJSbpCk06w. (state.change.logger)
kafka1  | 2026-09-25T22:30:05.045436613Z [2026-09-25 22:30:05,045] INFO [GroupMetadataManager brokerId=1] Scheduling unloading of offsets and group metadata from __consumer_offsets-36 (kafka.coordinator.group.GroupMetadataManager)
kafka1  | 2026-09-25T22:30:05.045461651Z [2026-09-25 22:30:05,045] INFO [GroupCoordinator 1]: Resigned as the group coordinator for partition 1 in epoch OptionalInt[0] (kafka.coordinator.group.GroupCoordinator)
kafka1  | 2026-09-25T22:30:05.045486235Z [2026-09-25 22:30:05,045] INFO [GroupMetadataManager brokerId=1] Scheduling unloading of offsets and group metadata from __consumer_offsets-1 (kafka.coordinator.group.GroupMetadataManager)
kafka1  | 2026-09-25T22:30:05.045552504Z [2026-09-25 22:30:05,045] INFO [GroupCoordinator 1]: Resigned as the group coordinator for partition 34 in epoch OptionalInt[0] (kafka.coordinator.group.GroupCoordinator)
kafka1  | 2026-09-25T22:30:05.045561150Z [2026-09-25 22:30:05,045] INFO [GroupMetadataManager brokerId=1] Scheduling unloading of offsets and group metadata from __consumer_offsets-34 (kafka.coordinator.group.GroupMetadataManager)
kafka1  | 2026-09-25T22:30:05.045573599Z [2026-09-25 22:30:05,045] INFO [GroupCoordinator 1]: Resigned as the group coordinator for partition 47 in epoch OptionalInt[0] (kafka.coordinator.group.GroupCoordinator)
kafka1  | 2026-09-25T22:30:05.045576811Z [2026-09-25 22:30:05,045] INFO [GroupMetadataManager brokerId=1] Scheduling unloading of offsets and group metadata from __consumer_offsets-47 (kafka.coordinator.group.GroupMetadataManager)
kafka1  | 2026-09-25T22:30:05.045578898Z [2026-09-25 22:30:05,045] INFO [GroupCoordinator 1]: Resigned as the group coordinator for partition 14 in epoch OptionalInt[0] (kafka.coordinator.group.GroupCoordinator)
kafka1  | 2026-09-25T22:30:05.045580768Z [2026-09-25 22:30:05,045] INFO [GroupMetadataManager brokerId=1] Scheduling unloading of offsets and group metadata from __consumer_offsets-14 (kafka.coordinator.group.GroupMetadataManager)
kafka1  | 2026-09-25T22:30:05.045677796Z [2026-09-25 22:30:05,045] INFO [GroupCoordinator 1]: Resigned as the group coordinator for partition 43 in epoch OptionalInt[0] (kafka.coordinator.group.GroupCoordinator)
kafka1  | 2026-09-25T22:30:05.045685149Z [2026-09-25 22:30:05,045] INFO [GroupMetadataManager brokerId=1] Scheduling unloading of offsets and group metadata from __consumer_offsets-43 (kafka.coordinator.group.GroupMetadataManager)
kafka1  | 2026-09-25T22:30:05.045760908Z [2026-09-25 22:30:05,045] INFO [GroupCoordinator 1]: Resigned as the group coordinator for partition 12 in epoch OptionalInt[0] (kafka.coordinator.group.GroupCoordinator)
kafka1  | 2026-09-25T22:30:05.045767427Z [2026-09-25 22:30:05,045] INFO [GroupMetadataManager brokerId=1] Scheduling unloading of offsets and group metadata from __consumer_offsets-12 (kafka.coordinator.group.GroupMetadataManager)
kafka1  | 2026-09-25T22:30:05.045772207Z [2026-09-25 22:30:05,045] INFO [GroupCoordinator 1]: Resigned as the group coordinator for partition 41 in epoch OptionalInt[0] (kafka.coordinator.group.GroupCoordinator)
kafka1  | 2026-09-25T22:30:05.045778945Z [2026-09-25 22:30:05,045] INFO [GroupMetadataManager brokerId=1] Scheduling unloading of offsets and group metadata from __consumer_offsets-41 (kafka.coordinator.group.GroupMetadataManager)
kafka1  | 2026-09-25T22:30:05.045844465Z [2026-09-25 22:30:05,045] INFO [GroupCoordinator 1]: Resigned as the group coordinator for partition 24 in epoch OptionalInt[0] (kafka.coordinator.group.GroupCoordinator)
kafka1  | 2026-09-25T22:30:05.045847989Z [2026-09-25 22:30:05,045] INFO [GroupMetadataManager brokerId=1] Scheduling unloading of offsets and group metadata from __consumer_offsets-24 (kafka.coordinator.group.GroupMetadataManager)
kafka1  | 2026-09-25T22:30:05.045905979Z [2026-09-25 22:30:05,045] INFO [GroupCoordinator 1]: Resigned as the group coordinator for partition 22 in epoch OptionalInt[0] (kafka.coordinator.group.GroupCoordinator)
kafka1  | 2026-09-25T22:30:05.045909296Z [2026-09-25 22:30:05,045] INFO [GroupMetadataManager brokerId=1] Scheduling unloading of offsets and group metadata from __consumer_offsets-22 (kafka.coordinator.group.GroupMetadataManager)
kafka1  | 2026-09-25T22:30:05.045923214Z [2026-09-25 22:30:05,045] INFO [GroupCoordinator 1]: Resigned as the group coordinator for partition 49 in epoch OptionalInt[0] (kafka.coordinator.group.GroupCoordinator)
kafka1  | 2026-09-25T22:30:05.045925647Z [2026-09-25 22:30:05,045] INFO [GroupMetadataManager brokerId=1] Scheduling unloading of offsets and group metadata from __consumer_offsets-49 (kafka.coordinator.group.GroupMetadataManager)
kafka1  | 2026-09-25T22:30:05.045927155Z [2026-09-25 22:30:05,045] INFO [GroupCoordinator 1]: Resigned as the group coordinator for partition 18 in epoch OptionalInt[0] (kafka.coordinator.group.GroupCoordinator)
kafka1  | 2026-09-25T22:30:05.045930506Z [2026-09-25 22:30:05,045] INFO [GroupMetadataManager brokerId=1] Scheduling unloading of offsets and group metadata from __consumer_offsets-18 (kafka.coordinator.group.GroupMetadataManager)
kafka1  | 2026-09-25T22:30:05.046013500Z [2026-09-25 22:30:05,045] INFO [GroupCoordinator 1]: Resigned as the group coordinator for partition 31 in epoch OptionalInt[0] (kafka.coordinator.group.GroupCoordinator)
kafka1  | 2026-09-25T22:30:05.046020329Z [2026-09-25 22:30:05,045] INFO [GroupMetadataManager brokerId=1] Scheduling unloading of offsets and group metadata from __consumer_offsets-31 (kafka.coordinator.group.GroupMetadataManager)
kafka1  | 2026-09-25T22:30:05.046180016Z [2026-09-25 22:30:05,045] INFO [GroupCoordinator 1]: Resigned as the group coordinator for partition 29 in epoch OptionalInt[0] (kafka.coordinator.group.GroupCoordinator)
kafka1  | 2026-09-25T22:30:05.046198812Z [2026-09-25 22:30:05,046] INFO [GroupMetadataManager brokerId=1] Scheduling unloading of offsets and group metadata from __consumer_offsets-29 (kafka.coordinator.group.GroupMetadataManager)
kafka1  | 2026-09-25T22:30:05.046201866Z [2026-09-25 22:30:05,046] INFO [GroupCoordinator 1]: Resigned as the group coordinator for partition 27 in epoch OptionalInt[0] (kafka.coordinator.group.GroupCoordinator)
kafka1  | 2026-09-25T22:30:05.046203221Z [2026-09-25 22:30:05,046] INFO [GroupMetadataManager brokerId=1] Scheduling unloading of offsets and group metadata from __consumer_offsets-27 (kafka.coordinator.group.GroupMetadataManager)
kafka1  | 2026-09-25T22:30:05.046204653Z [2026-09-25 22:30:05,046] INFO [GroupCoordinator 1]: Resigned as the group coordinator for partition 25 in epoch OptionalInt[0] (kafka.coordinator.group.GroupCoordinator)
kafka1  | 2026-09-25T22:30:05.046206136Z [2026-09-25 22:30:05,046] INFO [GroupMetadataManager brokerId=1] Scheduling unloading of offsets and group metadata from __consumer_offsets-25 (kafka.coordinator.group.GroupMetadataManager)
kafka1  | 2026-09-25T22:30:05.046334898Z [2026-09-25 22:30:05,046] INFO [GroupCoordinator 1]: Resigned as the group coordinator for partition 39 in epoch OptionalInt[0] (kafka.coordinator.group.GroupCoordinator)
kafka1  | 2026-09-25T22:30:05.046340751Z [2026-09-25 22:30:05,046] INFO [GroupMetadataManager brokerId=1] Scheduling unloading of offsets and group metadata from __consumer_offsets-39 (kafka.coordinator.group.GroupMetadataManager)
kafka1  | 2026-09-25T22:30:05.046342269Z [2026-09-25 22:30:05,046] INFO [GroupCoordinator 1]: Resigned as the group coordinator for partition 8 in epoch OptionalInt[0] (kafka.coordinator.group.GroupCoordinator)
kafka1  | 2026-09-25T22:30:05.046343560Z [2026-09-25 22:30:05,046] INFO [GroupMetadataManager brokerId=1] Scheduling unloading of offsets and group metadata from __consumer_offsets-8 (kafka.coordinator.group.GroupMetadataManager)
kafka1  | 2026-09-25T22:30:05.046355895Z [2026-09-25 22:30:05,046] INFO [GroupCoordinator 1]: Resigned as the group coordinator for partition 35 in epoch OptionalInt[0] (kafka.coordinator.group.GroupCoordinator)
kafka1  | 2026-09-25T22:30:05.046357372Z [2026-09-25 22:30:05,046] INFO [GroupMetadataManager brokerId=1] Scheduling unloading of offsets and group metadata from __consumer_offsets-35 (kafka.coordinator.group.GroupMetadataManager)
kafka1  | 2026-09-25T22:30:05.046358808Z [2026-09-25 22:30:05,046] INFO [GroupCoordinator 1]: Resigned as the group coordinator for partition 4 in epoch OptionalInt[0] (kafka.coordinator.group.GroupCoordinator)
kafka1  | 2026-09-25T22:30:05.046363943Z [2026-09-25 22:30:05,046] INFO [GroupMetadataManager brokerId=1] Scheduling unloading of offsets and group metadata from __consumer_offsets-4 (kafka.coordinator.group.GroupMetadataManager)
kafka1  | 2026-09-25T22:30:05.046408012Z [2026-09-25 22:30:05,046] INFO [GroupCoordinator 1]: Resigned as the group coordinator for partition 2 in epoch OptionalInt[0] (kafka.coordinator.group.GroupCoordinator)
kafka1  | 2026-09-25T22:30:05.046412709Z [2026-09-25 22:30:05,046] INFO [GroupMetadataManager brokerId=1] Scheduling unloading of offsets and group metadata from __consumer_offsets-2 (kafka.coordinator.group.GroupMetadataManager)
kafka1  | 2026-09-25T22:30:05.050250718Z [2026-09-25 22:30:05,049] INFO [GroupMetadataManager brokerId=1] Finished loading offsets and group metadata from __consumer_offsets-16 in 6 milliseconds for epoch 0, of which 1 milliseconds was spent in the scheduler. (kafka.coordinator.group.GroupMetadataManager)
kafka1  | 2026-09-25T22:30:05.050741808Z [2026-09-25 22:30:05,050] INFO [GroupMetadataManager brokerId=1] Finished loading offsets and group metadata from __consumer_offsets-48 in 8 milliseconds for epoch 0, of which 8 milliseconds was spent in the scheduler. (kafka.coordinator.group.GroupMetadataManager)
kafka1  | 2026-09-25T22:30:05.051036072Z [2026-09-25 22:30:05,050] INFO [GroupMetadataManager brokerId=1] Finished loading offsets and group metadata from __consumer_offsets-13 in 8 milliseconds for epoch 0, of which 8 milliseconds was spent in the scheduler. (kafka.coordinator.group.GroupMetadataManager)
kafka1  | 2026-09-25T22:30:05.051155262Z [2026-09-25 22:30:05,051] INFO [GroupMetadataManager brokerId=1] Finished loading offsets and group metadata from __consumer_offsets-45 in 8 milliseconds for epoch 0, of which 8 milliseconds was spent in the scheduler. (kafka.coordinator.group.GroupMetadataManager)
kafka2  | 2026-09-25T22:30:04.829845185Z [2026-09-25 22:30:04,826] INFO [ReplicaFetcherManager on broker 2] Added fetcher to broker 1 for partitions HashMap(__consumer_offsets-16 -> InitialFetchState(Some(w2caDlcSQY-bJJSbpCk06w),BrokerEndPoint(id=1, host=kafka1:9092),0,0), __consumer_offsets-48 -> InitialFetchState(Some(w2caDlcSQY-bJJSbpCk06w),BrokerEndPoint(id=1, host=kafka1:9092),0,0), __consumer_offsets-13 -> InitialFetchState(Some(w2caDlcSQY-bJJSbpCk06w),BrokerEndPoint(id=1, host=kafka1:9092),0,0), __consumer_offsets-45 -> InitialFetchState(Some(w2caDlcSQY-bJJSbpCk06w),BrokerEndPoint(id=1, host=kafka1:9092),0,0), __consumer_offsets-42 -> InitialFetchState(Some(w2caDlcSQY-bJJSbpCk06w),BrokerEndPoint(id=1, host=kafka1:9092),0,0), __consumer_offsets-10 -> InitialFetchState(Some(w2caDlcSQY-bJJSbpCk06w),BrokerEndPoint(id=1, host=kafka1:9092),0,0), __consumer_offsets-23 -> InitialFetchState(Some(w2caDlcSQY-bJJSbpCk06w),BrokerEndPoint(id=1, host=kafka1:9092),0,0), __consumer_offsets-20 -> InitialFetchState(Some(w2caDlcSQY-bJJSbpCk06w),BrokerEndPoint(id=1, host=kafka1:9092),0,0), __consumer_offsets-0 -> InitialFetchState(Some(w2caDlcSQY-bJJSbpCk06w),BrokerEndPoint(id=1, host=kafka1:9092),0,0), __consumer_offsets-30 -> InitialFetchState(Some(w2caDlcSQY-bJJSbpCk06w),BrokerEndPoint(id=1, host=kafka1:9092),0,0), __consumer_offsets-28 -> InitialFetchState(Some(w2caDlcSQY-bJJSbpCk06w),BrokerEndPoint(id=1, host=kafka1:9092),0,0), __consumer_offsets-26 -> InitialFetchState(Some(w2caDlcSQY-bJJSbpCk06w),BrokerEndPoint(id=1, host=kafka1:9092),0,0), __consumer_offsets-40 -> InitialFetchState(Some(w2caDlcSQY-bJJSbpCk06w),BrokerEndPoint(id=1, host=kafka1:9092),0,0), __consumer_offsets-37 -> InitialFetchState(Some(w2caDlcSQY-bJJSbpCk06w),BrokerEndPoint(id=1, host=kafka1:9092),0,0), __consumer_offsets-5 -> InitialFetchState(Some(w2caDlcSQY-bJJSbpCk06w),BrokerEndPoint(id=1, host=kafka1:9092),0,0), __consumer_offsets-6 -> InitialFetchState(Some(w2caDlcSQY-bJJSbpCk06w),BrokerEndPoint(id=1, host=kafka1:9092),0,0), __consumer_offsets-33 -> InitialFetchState(Some(w2caDlcSQY-bJJSbpCk06w),BrokerEndPoint(id=1, host=kafka1:9092),0,0)) (kafka.server.ReplicaFetcherManager)
kafka2  | 2026-09-25T22:30:04.829873052Z [2026-09-25 22:30:04,826] INFO [ReplicaFetcher replicaId=2, leaderId=1, fetcherId=0] Truncating partition __consumer_offsets-16 with TruncationState(offset=0, completed=true) due to local high watermark 0 (kafka.server.ReplicaFetcherThread)
kafka2  | 2026-09-25T22:30:04.829875445Z [2026-09-25 22:30:04,827] INFO [UnifiedLog partition=__consumer_offsets-16, dir=/var/lib/kafka/data] Truncating to 0 has no effect as the largest offset in the log is -1 (kafka.log.UnifiedLog)
kafka2  | 2026-09-25T22:30:04.829880954Z [2026-09-25 22:30:04,827] INFO [ReplicaFetcherManager on broker 2] Added fetcher to broker 3 for partitions HashMap(__consumer_offsets-15 -> InitialFetchState(Some(w2caDlcSQY-bJJSbpCk06w),BrokerEndPoint(id=3, host=kafka3:9092),0,0), __consumer_offsets-47 -> InitialFetchState(Some(w2caDlcSQY-bJJSbpCk06w),BrokerEndPoint(id=3, host=kafka3:9092),0,0), __consumer_offsets-43 -> InitialFetchState(Some(w2caDlcSQY-bJJSbpCk06w),BrokerEndPoint(id=3, host=kafka3:9092),0,0), __consumer_offsets-11 -> InitialFetchState(Some(w2caDlcSQY-bJJSbpCk06w),BrokerEndPoint(id=3, host=kafka3:9092),0,0), __consumer_offsets-12 -> InitialFetchState(Some(w2caDlcSQY-bJJSbpCk06w),BrokerEndPoint(id=3, host=kafka3:9092),0,0), __consumer_offsets-21 -> InitialFetchState(Some(w2caDlcSQY-bJJSbpCk06w),BrokerEndPoint(id=3, host=kafka3:9092),0,0), __consumer_offsets-18 -> InitialFetchState(Some(w2caDlcSQY-bJJSbpCk06w),BrokerEndPoint(id=3, host=kafka3:9092),0,0), __consumer_offsets-32 -> InitialFetchState(Some(w2caDlcSQY-bJJSbpCk06w),BrokerEndPoint(id=3, host=kafka3:9092),0,0), __consumer_offsets-29 -> InitialFetchState(Some(w2caDlcSQY-bJJSbpCk06w),BrokerEndPoint(id=3, host=kafka3:9092),0,0), __consumer_offsets-25 -> InitialFetchState(Some(w2caDlcSQY-bJJSbpCk06w),BrokerEndPoint(id=3, host=kafka3:9092),0,0), __consumer_offsets-39 -> InitialFetchState(Some(w2caDlcSQY-bJJSbpCk06w),BrokerEndPoint(id=3, host=kafka3:9092),0,0), __consumer_offsets-8 -> InitialFetchState(Some(w2caDlcSQY-bJJSbpCk06w),BrokerEndPoint(id=3, host=kafka3:9092),0,0), __consumer_offsets-38 -> InitialFetchState(Some(w2caDlcSQY-bJJSbpCk06w),BrokerEndPoint(id=3, host=kafka3:9092),0,0), __consumer_offsets-4 -> InitialFetchState(Some(w2caDlcSQY-bJJSbpCk06w),BrokerEndPoint(id=3, host=kafka3:9092),0,0), __consumer_offsets-34 -> InitialFetchState(Some(w2caDlcSQY-bJJSbpCk06w),BrokerEndPoint(id=3, host=kafka3:9092),0,0), __consumer_offsets-2 -> InitialFetchState(Some(w2caDlcSQY-bJJSbpCk06w),BrokerEndPoint(id=3, host=kafka3:9092),0,0)) (kafka.server.ReplicaFetcherManager)
kafka2  | 2026-09-25T22:30:04.829884722Z [2026-09-25 22:30:04,827] INFO [ReplicaFetcher replicaId=2, leaderId=3, fetcherId=0] Truncating partition __consumer_offsets-15 with TruncationState(offset=0, completed=true) due to local high watermark 0 (kafka.server.ReplicaFetcherThread)
kafka2  | 2026-09-25T22:30:04.829886279Z [2026-09-25 22:30:04,827] INFO [ReplicaFetcher replicaId=2, leaderId=1, fetcherId=0] Truncating partition __consumer_offsets-48 with TruncationState(offset=0, completed=true) due to local high watermark 0 (kafka.server.ReplicaFetcherThread)
kafka2  | 2026-09-25T22:30:04.830989069Z [2026-09-25 22:30:04,828] INFO [UnifiedLog partition=__consumer_offsets-15, dir=/var/lib/kafka/data] Truncating to 0 has no effect as the largest offset in the log is -1 (kafka.log.UnifiedLog)
kafka2  | 2026-09-25T22:30:04.831439700Z [2026-09-25 22:30:04,827] INFO [Broker id=2] Started fetchers as part of become-follower for 33 partitions (state.change.logger)
kafka2  | 2026-09-25T22:30:04.831450976Z [2026-09-25 22:30:04,828] INFO [ReplicaFetcher replicaId=2, leaderId=3, fetcherId=0] Truncating partition __consumer_offsets-47 with TruncationState(offset=0, completed=true) due to local high watermark 0 (kafka.server.ReplicaFetcherThread)
kafka2  | 2026-09-25T22:30:04.831452658Z [2026-09-25 22:30:04,828] INFO [UnifiedLog partition=__consumer_offsets-47, dir=/var/lib/kafka/data] Truncating to 0 has no effect as the largest offset in the log is -1 (kafka.log.UnifiedLog)
kafka2  | 2026-09-25T22:30:04.831454140Z [2026-09-25 22:30:04,828] INFO [ReplicaFetcher replicaId=2, leaderId=3, fetcherId=0] Truncating partition __consumer_offsets-43 with TruncationState(offset=0, completed=true) due to local high watermark 0 (kafka.server.ReplicaFetcherThread)
kafka2  | 2026-09-25T22:30:04.831471456Z [2026-09-25 22:30:04,828] INFO [UnifiedLog partition=__consumer_offsets-43, dir=/var/lib/kafka/data] Truncating to 0 has no effect as the largest offset in the log is -1 (kafka.log.UnifiedLog)
kafka2  | 2026-09-25T22:30:04.831473325Z [2026-09-25 22:30:04,828] INFO [UnifiedLog partition=__consumer_offsets-48, dir=/var/lib/kafka/data] Truncating to 0 has no effect as the largest offset in the log is -1 (kafka.log.UnifiedLog)
kafka2  | 2026-09-25T22:30:04.831474726Z [2026-09-25 22:30:04,828] INFO [ReplicaFetcher replicaId=2, leaderId=3, fetcherId=0] Truncating partition __consumer_offsets-11 with TruncationState(offset=0, completed=true) due to local high watermark 0 (kafka.server.ReplicaFetcherThread)
kafka2  | 2026-09-25T22:30:04.831476127Z [2026-09-25 22:30:04,828] INFO [ReplicaFetcher replicaId=2, leaderId=1, fetcherId=0] Truncating partition __consumer_offsets-13 with TruncationState(offset=0, completed=true) due to local high watermark 0 (kafka.server.ReplicaFetcherThread)
kafka2  | 2026-09-25T22:30:04.831484583Z [2026-09-25 22:30:04,828] INFO [UnifiedLog partition=__consumer_offsets-11, dir=/var/lib/kafka/data] Truncating to 0 has no effect as the largest offset in the log is -1 (kafka.log.UnifiedLog)
kafka2  | 2026-09-25T22:30:04.831486258Z [2026-09-25 22:30:04,828] INFO [UnifiedLog partition=__consumer_offsets-13, dir=/var/lib/kafka/data] Truncating to 0 has no effect as the largest offset in the log is -1 (kafka.log.UnifiedLog)
kafka2  | 2026-09-25T22:30:04.831488255Z [2026-09-25 22:30:04,828] INFO [ReplicaFetcher replicaId=2, leaderId=3, fetcherId=0] Truncating partition __consumer_offsets-12 with TruncationState(offset=0, completed=true) due to local high watermark 0 (kafka.server.ReplicaFetcherThread)
kafka2  | 2026-09-25T22:30:04.831489893Z [2026-09-25 22:30:04,828] INFO [ReplicaFetcher replicaId=2, leaderId=1, fetcherId=0] Truncating partition __consumer_offsets-45 with TruncationState(offset=0, completed=true) due to local high watermark 0 (kafka.server.ReplicaFetcherThread)
kafka3  | 2026-09-25T22:30:04.725059512Z [2026-09-25 22:30:04,724] INFO [LogLoader partition=__consumer_offsets-44, dir=/var/lib/kafka/data] Loading producer state till offset 0 with message format version 2 (kafka.log.UnifiedLog$)
kafka3  | 2026-09-25T22:30:04.726247156Z [2026-09-25 22:30:04,726] INFO Created log for partition __consumer_offsets-44 in /var/lib/kafka/data/__consumer_offsets-44 with properties {cleanup.policy=compact, compression.type="producer", segment.bytes=104857600} (kafka.log.LogManager)
kafka3  | 2026-09-25T22:30:04.726630286Z [2026-09-25 22:30:04,726] INFO [Partition __consumer_offsets-44 broker=3] No checkpointed highwatermark is found for partition __consumer_offsets-44 (kafka.cluster.Partition)
kafka3  | 2026-09-25T22:30:04.727109897Z [2026-09-25 22:30:04,726] INFO [Partition __consumer_offsets-44 broker=3] Log loaded for partition __consumer_offsets-44 with initial high watermark 0 (kafka.cluster.Partition)
kafka3  | 2026-09-25T22:30:04.727494373Z [2026-09-25 22:30:04,727] INFO [Broker id=3] Follower __consumer_offsets-44 starts at leader epoch 0 from offset 0 with partition epoch 0 and high watermark 0. Current leader is 2. Previous leader Some(2) and previous leader epoch was 0. (state.change.logger)
kafka3  | 2026-09-25T22:30:04.728003714Z [2026-09-25 22:30:04,727] INFO [Broker id=3] Creating new partition __consumer_offsets-9 with topic id w2caDlcSQY-bJJSbpCk06w. (state.change.logger)
kafka3  | 2026-09-25T22:30:04.736330806Z [2026-09-25 22:30:04,736] INFO [LogLoader partition=__consumer_offsets-9, dir=/var/lib/kafka/data] Loading producer state till offset 0 with message format version 2 (kafka.log.UnifiedLog$)
kafka3  | 2026-09-25T22:30:04.739413788Z [2026-09-25 22:30:04,739] INFO Created log for partition __consumer_offsets-9 in /var/lib/kafka/data/__consumer_offsets-9 with properties {cleanup.policy=compact, compression.type="producer", segment.bytes=104857600} (kafka.log.LogManager)
kafka3  | 2026-09-25T22:30:04.739545432Z [2026-09-25 22:30:04,739] INFO [Partition __consumer_offsets-9 broker=3] No checkpointed highwatermark is found for partition __consumer_offsets-9 (kafka.cluster.Partition)
kafka3  | 2026-09-25T22:30:04.739776552Z [2026-09-25 22:30:04,739] INFO [Partition __consumer_offsets-9 broker=3] Log loaded for partition __consumer_offsets-9 with initial high watermark 0 (kafka.cluster.Partition)
kafka3  | 2026-09-25T22:30:04.742281717Z [2026-09-25 22:30:04,739] INFO [Broker id=3] Follower __consumer_offsets-9 starts at leader epoch 0 from offset 0 with partition epoch 0 and high watermark 0. Current leader is 2. Previous leader Some(2) and previous leader epoch was 0. (state.change.logger)
kafka3  | 2026-09-25T22:30:04.742289855Z [2026-09-25 22:30:04,740] INFO [Broker id=3] Creating new partition __consumer_offsets-42 with topic id w2caDlcSQY-bJJSbpCk06w. (state.change.logger)
kafka3  | 2026-09-25T22:30:04.746870066Z [2026-09-25 22:30:04,746] INFO [LogLoader partition=__consumer_offsets-42, dir=/var/lib/kafka/data] Loading producer state till offset 0 with message format version 2 (kafka.log.UnifiedLog$)
kafka3  | 2026-09-25T22:30:04.750346867Z [2026-09-25 22:30:04,749] INFO Created log for partition __consumer_offsets-42 in /var/lib/kafka/data/__consumer_offsets-42 with properties {cleanup.policy=compact, compression.type="producer", segment.bytes=104857600} (kafka.log.LogManager)
kafka3  | 2026-09-25T22:30:04.750705108Z [2026-09-25 22:30:04,750] INFO [Partition __consumer_offsets-42 broker=3] No checkpointed highwatermark is found for partition __consumer_offsets-42 (kafka.cluster.Partition)
kafka3  | 2026-09-25T22:30:04.750928023Z [2026-09-25 22:30:04,750] INFO [Partition __consumer_offsets-42 broker=3] Log loaded for partition __consumer_offsets-42 with initial high watermark 0 (kafka.cluster.Partition)
kafka3  | 2026-09-25T22:30:04.752172443Z [2026-09-25 22:30:04,750] INFO [Broker id=3] Follower __consumer_offsets-42 starts at leader epoch 0 from offset 0 with partition epoch 0 and high watermark 0. Current leader is 1. Previous leader Some(1) and previous leader epoch was 0. (state.change.logger)
kafka3  | 2026-09-25T22:30:04.752212715Z [2026-09-25 22:30:04,751] INFO [Broker id=3] Creating new partition __consumer_offsets-23 with topic id w2caDlcSQY-bJJSbpCk06w. (state.change.logger)
kafka3  | 2026-09-25T22:30:04.759535156Z [2026-09-25 22:30:04,759] INFO [LogLoader partition=__consumer_offsets-23, dir=/var/lib/kafka/data] Loading producer state till offset 0 with message format version 2 (kafka.log.UnifiedLog$)
kafka3  | 2026-09-25T22:30:04.764825925Z [2026-09-25 22:30:04,762] INFO Created log for partition __consumer_offsets-23 in /var/lib/kafka/data/__consumer_offsets-23 with properties {cleanup.policy=compact, compression.type="producer", segment.bytes=104857600} (kafka.log.LogManager)
kafka3  | 2026-09-25T22:30:04.764867387Z [2026-09-25 22:30:04,762] INFO [Partition __consumer_offsets-23 broker=3] No checkpointed highwatermark is found for partition __consumer_offsets-23 (kafka.cluster.Partition)
kafka1  | 2026-09-25T22:30:05.051393760Z [2026-09-25 22:30:05,051] INFO [GroupMetadataManager brokerId=1] Finished loading offsets and group metadata from __consumer_offsets-10 in 9 milliseconds for epoch 0, of which 9 milliseconds was spent in the scheduler. (kafka.coordinator.group.GroupMetadataManager)
kafka1  | 2026-09-25T22:30:05.051406434Z [2026-09-25 22:30:05,051] INFO [GroupMetadataManager brokerId=1] Finished loading offsets and group metadata from __consumer_offsets-42 in 9 milliseconds for epoch 0, of which 9 milliseconds was spent in the scheduler. (kafka.coordinator.group.GroupMetadataManager)
kafka1  | 2026-09-25T22:30:05.051647005Z [2026-09-25 22:30:05,051] INFO [GroupMetadataManager brokerId=1] Finished loading offsets and group metadata from __consumer_offsets-23 in 9 milliseconds for epoch 0, of which 9 milliseconds was spent in the scheduler. (kafka.coordinator.group.GroupMetadataManager)
kafka1  | 2026-09-25T22:30:05.051660980Z [2026-09-25 22:30:05,051] INFO [GroupMetadataManager brokerId=1] Finished loading offsets and group metadata from __consumer_offsets-20 in 9 milliseconds for epoch 0, of which 9 milliseconds was spent in the scheduler. (kafka.coordinator.group.GroupMetadataManager)
kafka1  | 2026-09-25T22:30:05.051741327Z [2026-09-25 22:30:05,051] INFO [GroupMetadataManager brokerId=1] Finished loading offsets and group metadata from __consumer_offsets-0 in 9 milliseconds for epoch 0, of which 9 milliseconds was spent in the scheduler. (kafka.coordinator.group.GroupMetadataManager)
kafka1  | 2026-09-25T22:30:05.051826564Z [2026-09-25 22:30:05,051] INFO [GroupMetadataManager brokerId=1] Finished loading offsets and group metadata from __consumer_offsets-30 in 9 milliseconds for epoch 0, of which 9 milliseconds was spent in the scheduler. (kafka.coordinator.group.GroupMetadataManager)
kafka1  | 2026-09-25T22:30:05.051877578Z [2026-09-25 22:30:05,051] INFO [DynamicConfigPublisher broker id=1] Updating topic __consumer_offsets with new configuration : compression.type -> producer,cleanup.policy -> compact,segment.bytes -> 104857600 (kafka.server.metadata.DynamicConfigPublisher)
kafka1  | 2026-09-25T22:30:05.051880638Z [2026-09-25 22:30:05,051] INFO [GroupMetadataManager brokerId=1] Finished loading offsets and group metadata from __consumer_offsets-28 in 9 milliseconds for epoch 0, of which 9 milliseconds was spent in the scheduler. (kafka.coordinator.group.GroupMetadataManager)
kafka1  | 2026-09-25T22:30:05.052051926Z [2026-09-25 22:30:05,051] INFO [GroupMetadataManager brokerId=1] Finished loading offsets and group metadata from __consumer_offsets-26 in 9 milliseconds for epoch 0, of which 9 milliseconds was spent in the scheduler. (kafka.coordinator.group.GroupMetadataManager)
kafka1  | 2026-09-25T22:30:05.052170568Z [2026-09-25 22:30:05,052] INFO [GroupMetadataManager brokerId=1] Finished loading offsets and group metadata from __consumer_offsets-40 in 10 milliseconds for epoch 0, of which 10 milliseconds was spent in the scheduler. (kafka.coordinator.group.GroupMetadataManager)
kafka3  | 2026-09-25T22:30:04.764870457Z [2026-09-25 22:30:04,762] INFO [Partition __consumer_offsets-23 broker=3] Log loaded for partition __consumer_offsets-23 with initial high watermark 0 (kafka.cluster.Partition)
kafka3  | 2026-09-25T22:30:04.764872127Z [2026-09-25 22:30:04,762] INFO [Broker id=3] Follower __consumer_offsets-23 starts at leader epoch 0 from offset 0 with partition epoch 0 and high watermark 0. Current leader is 1. Previous leader Some(1) and previous leader epoch was 0. (state.change.logger)
kafka3  | 2026-09-25T22:30:04.764873881Z [2026-09-25 22:30:04,762] INFO [Broker id=3] Creating new partition __consumer_offsets-19 with topic id w2caDlcSQY-bJJSbpCk06w. (state.change.logger)
kafka3  | 2026-09-25T22:30:04.776959549Z [2026-09-25 22:30:04,774] INFO [LogLoader partition=__consumer_offsets-19, dir=/var/lib/kafka/data] Loading producer state till offset 0 with message format version 2 (kafka.log.UnifiedLog$)
kafka3  | 2026-09-25T22:30:04.777001825Z [2026-09-25 22:30:04,775] INFO Created log for partition __consumer_offsets-19 in /var/lib/kafka/data/__consumer_offsets-19 with properties {cleanup.policy=compact, compression.type="producer", segment.bytes=104857600} (kafka.log.LogManager)
kafka3  | 2026-09-25T22:30:04.777004519Z [2026-09-25 22:30:04,775] INFO [Partition __consumer_offsets-19 broker=3] No checkpointed highwatermark is found for partition __consumer_offsets-19 (kafka.cluster.Partition)
kafka3  | 2026-09-25T22:30:04.777009395Z [2026-09-25 22:30:04,776] INFO [Partition __consumer_offsets-19 broker=3] Log loaded for partition __consumer_offsets-19 with initial high watermark 0 (kafka.cluster.Partition)
kafka3  | 2026-09-25T22:30:04.777011275Z [2026-09-25 22:30:04,776] INFO [Broker id=3] Follower __consumer_offsets-19 starts at leader epoch 0 from offset 0 with partition epoch 0 and high watermark 0. Current leader is 2. Previous leader Some(2) and previous leader epoch was 0. (state.change.logger)
kafka1  | 2026-09-25T22:30:05.052472611Z [2026-09-25 22:30:05,052] INFO [GroupMetadataManager brokerId=1] Finished loading offsets and group metadata from __consumer_offsets-5 in 10 milliseconds for epoch 0, of which 10 milliseconds was spent in the scheduler. (kafka.coordinator.group.GroupMetadataManager)
kafka1  | 2026-09-25T22:30:05.052876642Z [2026-09-25 22:30:05,052] INFO [GroupMetadataManager brokerId=1] Finished loading offsets and group metadata from __consumer_offsets-37 in 10 milliseconds for epoch 0, of which 10 milliseconds was spent in the scheduler. (kafka.coordinator.group.GroupMetadataManager)
kafka1  | 2026-09-25T22:30:05.053204944Z [2026-09-25 22:30:05,052] INFO [GroupMetadataManager brokerId=1] Finished loading offsets and group metadata from __consumer_offsets-6 in 9 milliseconds for epoch 0, of which 9 milliseconds was spent in the scheduler. (kafka.coordinator.group.GroupMetadataManager)
kafka1  | 2026-09-25T22:30:05.053236251Z [2026-09-25 22:30:05,053] INFO [GroupMetadataManager brokerId=1] Finished loading offsets and group metadata from __consumer_offsets-33 in 10 milliseconds for epoch 0, of which 10 milliseconds was spent in the scheduler. (kafka.coordinator.group.GroupMetadataManager)
kafka1  | 2026-09-25T22:30:05.055571979Z [2026-09-25 22:30:05,055] INFO [GroupMetadataManager brokerId=1] Finished unloading __consumer_offsets-15 for coordinator epoch OptionalInt[0]. Removed 0 cached offsets and 0 cached groups. (kafka.coordinator.group.GroupMetadataManager)
kafka1  | 2026-09-25T22:30:05.055609380Z [2026-09-25 22:30:05,055] INFO [GroupMetadataManager brokerId=1] Finished unloading __consumer_offsets-46 for coordinator epoch OptionalInt[0]. Removed 0 cached offsets and 0 cached groups. (kafka.coordinator.group.GroupMetadataManager)
kafka1  | 2026-09-25T22:30:05.055807660Z [2026-09-25 22:30:05,055] INFO [GroupMetadataManager brokerId=1] Finished unloading __consumer_offsets-11 for coordinator epoch OptionalInt[0]. Removed 0 cached offsets and 0 cached groups. (kafka.coordinator.group.GroupMetadataManager)
kafka1  | 2026-09-25T22:30:05.055830840Z [2026-09-25 22:30:05,055] INFO [GroupMetadataManager brokerId=1] Finished unloading __consumer_offsets-44 for coordinator epoch OptionalInt[0]. Removed 0 cached offsets and 0 cached groups. (kafka.coordinator.group.GroupMetadataManager)
kafka1  | 2026-09-25T22:30:05.055832093Z [2026-09-25 22:30:05,055] INFO [GroupMetadataManager brokerId=1] Finished unloading __consumer_offsets-9 for coordinator epoch OptionalInt[0]. Removed 0 cached offsets and 0 cached groups. (kafka.coordinator.group.GroupMetadataManager)
kafka1  | 2026-09-25T22:30:05.056067320Z [2026-09-25 22:30:05,055] INFO [GroupMetadataManager brokerId=1] Finished unloading __consumer_offsets-21 for coordinator epoch OptionalInt[0]. Removed 0 cached offsets and 0 cached groups. (kafka.coordinator.group.GroupMetadataManager)
kafka1  | 2026-09-25T22:30:05.056078425Z [2026-09-25 22:30:05,055] INFO [GroupMetadataManager brokerId=1] Finished unloading __consumer_offsets-19 for coordinator epoch OptionalInt[0]. Removed 0 cached offsets and 0 cached groups. (kafka.coordinator.group.GroupMetadataManager)
kafka1  | 2026-09-25T22:30:05.056084486Z [2026-09-25 22:30:05,055] INFO [GroupMetadataManager brokerId=1] Finished unloading __consumer_offsets-17 for coordinator epoch OptionalInt[0]. Removed 0 cached offsets and 0 cached groups. (kafka.coordinator.group.GroupMetadataManager)
kafka1  | 2026-09-25T22:30:05.056086434Z [2026-09-25 22:30:05,055] INFO [GroupMetadataManager brokerId=1] Finished unloading __consumer_offsets-32 for coordinator epoch OptionalInt[0]. Removed 0 cached offsets and 0 cached groups. (kafka.coordinator.group.GroupMetadataManager)
kafka1  | 2026-09-25T22:30:05.056389846Z [2026-09-25 22:30:05,056] INFO [GroupMetadataManager brokerId=1] Finished unloading __consumer_offsets-7 for coordinator epoch OptionalInt[0]. Removed 0 cached offsets and 0 cached groups. (kafka.coordinator.group.GroupMetadataManager)
kafka3  | 2026-09-25T22:30:04.777013829Z [2026-09-25 22:30:04,776] INFO [Broker id=3] Creating new partition __consumer_offsets-17 with topic id w2caDlcSQY-bJJSbpCk06w. (state.change.logger)
kafka3  | 2026-09-25T22:30:04.787473860Z [2026-09-25 22:30:04,786] INFO [LogLoader partition=__consumer_offsets-17, dir=/var/lib/kafka/data] Loading producer state till offset 0 with message format version 2 (kafka.log.UnifiedLog$)
kafka3  | 2026-09-25T22:30:04.788401125Z [2026-09-25 22:30:04,788] INFO Created log for partition __consumer_offsets-17 in /var/lib/kafka/data/__consumer_offsets-17 with properties {cleanup.policy=compact, compression.type="producer", segment.bytes=104857600} (kafka.log.LogManager)
kafka3  | 2026-09-25T22:30:04.788904173Z [2026-09-25 22:30:04,788] INFO [Partition __consumer_offsets-17 broker=3] No checkpointed highwatermark is found for partition __consumer_offsets-17 (kafka.cluster.Partition)
kafka3  | 2026-09-25T22:30:04.788930032Z [2026-09-25 22:30:04,788] INFO [Partition __consumer_offsets-17 broker=3] Log loaded for partition __consumer_offsets-17 with initial high watermark 0 (kafka.cluster.Partition)
kafka3  | 2026-09-25T22:30:04.788997000Z [2026-09-25 22:30:04,788] INFO [Broker id=3] Follower __consumer_offsets-17 starts at leader epoch 0 from offset 0 with partition epoch 0 and high watermark 0. Current leader is 2. Previous leader Some(2) and previous leader epoch was 0. (state.change.logger)
kafka3  | 2026-09-25T22:30:04.789002968Z [2026-09-25 22:30:04,788] INFO [Broker id=3] Creating new partition __consumer_offsets-30 with topic id w2caDlcSQY-bJJSbpCk06w. (state.change.logger)
kafka3  | 2026-09-25T22:30:04.796060312Z [2026-09-25 22:30:04,794] INFO [LogLoader partition=__consumer_offsets-30, dir=/var/lib/kafka/data] Loading producer state till offset 0 with message format version 2 (kafka.log.UnifiedLog$)
kafka3  | 2026-09-25T22:30:04.796754273Z [2026-09-25 22:30:04,796] INFO Created log for partition __consumer_offsets-30 in /var/lib/kafka/data/__consumer_offsets-30 with properties {cleanup.policy=compact, compression.type="producer", segment.bytes=104857600} (kafka.log.LogManager)
kafka3  | 2026-09-25T22:30:04.797009933Z [2026-09-25 22:30:04,796] INFO [Partition __consumer_offsets-30 broker=3] No checkpointed highwatermark is found for partition __consumer_offsets-30 (kafka.cluster.Partition)
kafka3  | 2026-09-25T22:30:04.797179904Z [2026-09-25 22:30:04,796] INFO [Partition __consumer_offsets-30 broker=3] Log loaded for partition __consumer_offsets-30 with initial high watermark 0 (kafka.cluster.Partition)
kafka3  | 2026-09-25T22:30:04.797242527Z [2026-09-25 22:30:04,797] INFO [Broker id=3] Follower __consumer_offsets-30 starts at leader epoch 0 from offset 0 with partition epoch 0 and high watermark 0. Current leader is 1. Previous leader Some(1) and previous leader epoch was 0. (state.change.logger)
kafka3  | 2026-09-25T22:30:04.797474138Z [2026-09-25 22:30:04,797] INFO [Broker id=3] Creating new partition __consumer_offsets-28 with topic id w2caDlcSQY-bJJSbpCk06w. (state.change.logger)
kafka3  | 2026-09-25T22:30:04.801231229Z [2026-09-25 22:30:04,800] INFO [LogLoader partition=__consumer_offsets-28, dir=/var/lib/kafka/data] Loading producer state till offset 0 with message format version 2 (kafka.log.UnifiedLog$)
kafka3  | 2026-09-25T22:30:04.802596208Z [2026-09-25 22:30:04,802] INFO Created log for partition __consumer_offsets-28 in /var/lib/kafka/data/__consumer_offsets-28 with properties {cleanup.policy=compact, compression.type="producer", segment.bytes=104857600} (kafka.log.LogManager)
kafka2  | 2026-09-25T22:30:04.831491581Z [2026-09-25 22:30:04,829] INFO [UnifiedLog partition=__consumer_offsets-12, dir=/var/lib/kafka/data] Truncating to 0 has no effect as the largest offset in the log is -1 (kafka.log.UnifiedLog)
kafka1  | 2026-09-25T22:30:05.056403802Z [2026-09-25 22:30:05,056] INFO [GroupMetadataManager brokerId=1] Finished unloading __consumer_offsets-38 for coordinator epoch OptionalInt[0]. Removed 0 cached offsets and 0 cached groups. (kafka.coordinator.group.GroupMetadataManager)
kafka1  | 2026-09-25T22:30:05.056406820Z [2026-09-25 22:30:05,056] INFO [GroupMetadataManager brokerId=1] Finished unloading __consumer_offsets-3 for coordinator epoch OptionalInt[0]. Removed 0 cached offsets and 0 cached groups. (kafka.coordinator.group.GroupMetadataManager)
kafka1  | 2026-09-25T22:30:05.056409130Z [2026-09-25 22:30:05,056] INFO [GroupMetadataManager brokerId=1] Finished unloading __consumer_offsets-36 for coordinator epoch OptionalInt[0]. Removed 0 cached offsets and 0 cached groups. (kafka.coordinator.group.GroupMetadataManager)
kafka1  | 2026-09-25T22:30:05.056411131Z [2026-09-25 22:30:05,056] INFO [GroupMetadataManager brokerId=1] Finished unloading __consumer_offsets-1 for coordinator epoch OptionalInt[0]. Removed 0 cached offsets and 0 cached groups. (kafka.coordinator.group.GroupMetadataManager)
kafka1  | 2026-09-25T22:30:05.056413131Z [2026-09-25 22:30:05,056] INFO [GroupMetadataManager brokerId=1] Finished unloading __consumer_offsets-34 for coordinator epoch OptionalInt[0]. Removed 0 cached offsets and 0 cached groups. (kafka.coordinator.group.GroupMetadataManager)
kafka1  | 2026-09-25T22:30:05.056541079Z [2026-09-25 22:30:05,056] INFO [GroupMetadataManager brokerId=1] Finished unloading __consumer_offsets-47 for coordinator epoch OptionalInt[0]. Removed 0 cached offsets and 0 cached groups. (kafka.coordinator.group.GroupMetadataManager)
kafka1  | 2026-09-25T22:30:05.056572080Z [2026-09-25 22:30:05,056] INFO [GroupMetadataManager brokerId=1] Finished unloading __consumer_offsets-14 for coordinator epoch OptionalInt[0]. Removed 0 cached offsets and 0 cached groups. (kafka.coordinator.group.GroupMetadataManager)
kafka1  | 2026-09-25T22:30:05.056576991Z [2026-09-25 22:30:05,056] INFO [GroupMetadataManager brokerId=1] Finished unloading __consumer_offsets-43 for coordinator epoch OptionalInt[0]. Removed 0 cached offsets and 0 cached groups. (kafka.coordinator.group.GroupMetadataManager)
kafka1  | 2026-09-25T22:30:05.056581828Z [2026-09-25 22:30:05,056] INFO [GroupMetadataManager brokerId=1] Finished unloading __consumer_offsets-12 for coordinator epoch OptionalInt[0]. Removed 0 cached offsets and 0 cached groups. (kafka.coordinator.group.GroupMetadataManager)
kafka1  | 2026-09-25T22:30:05.056584012Z [2026-09-25 22:30:05,056] INFO [GroupMetadataManager brokerId=1] Finished unloading __consumer_offsets-41 for coordinator epoch OptionalInt[0]. Removed 0 cached offsets and 0 cached groups. (kafka.coordinator.group.GroupMetadataManager)
kafka1  | 2026-09-25T22:30:05.056586055Z [2026-09-25 22:30:05,056] INFO [GroupMetadataManager brokerId=1] Finished unloading __consumer_offsets-24 for coordinator epoch OptionalInt[0]. Removed 0 cached offsets and 0 cached groups. (kafka.coordinator.group.GroupMetadataManager)
kafka1  | 2026-09-25T22:30:05.056704412Z [2026-09-25 22:30:05,056] INFO [GroupMetadataManager brokerId=1] Finished unloading __consumer_offsets-22 for coordinator epoch OptionalInt[0]. Removed 0 cached offsets and 0 cached groups. (kafka.coordinator.group.GroupMetadataManager)
kafka1  | 2026-09-25T22:30:05.056812067Z [2026-09-25 22:30:05,056] INFO [GroupMetadataManager brokerId=1] Finished unloading __consumer_offsets-49 for coordinator epoch OptionalInt[0]. Removed 0 cached offsets and 0 cached groups. (kafka.coordinator.group.GroupMetadataManager)
kafka1  | 2026-09-25T22:30:05.056817018Z [2026-09-25 22:30:05,056] INFO [GroupMetadataManager brokerId=1] Finished unloading __consumer_offsets-18 for coordinator epoch OptionalInt[0]. Removed 0 cached offsets and 0 cached groups. (kafka.coordinator.group.GroupMetadataManager)
kafka1  | 2026-09-25T22:30:05.056970574Z [2026-09-25 22:30:05,056] INFO [GroupMetadataManager brokerId=1] Finished unloading __consumer_offsets-31 for coordinator epoch OptionalInt[0]. Removed 0 cached offsets and 0 cached groups. (kafka.coordinator.group.GroupMetadataManager)
kafka1  | 2026-09-25T22:30:05.056979739Z [2026-09-25 22:30:05,056] INFO [GroupMetadataManager brokerId=1] Finished unloading __consumer_offsets-29 for coordinator epoch OptionalInt[0]. Removed 0 cached offsets and 0 cached groups. (kafka.coordinator.group.GroupMetadataManager)
kafka1  | 2026-09-25T22:30:05.057127166Z [2026-09-25 22:30:05,056] INFO [GroupMetadataManager brokerId=1] Finished unloading __consumer_offsets-27 for coordinator epoch OptionalInt[0]. Removed 0 cached offsets and 0 cached groups. (kafka.coordinator.group.GroupMetadataManager)
kafka1  | 2026-09-25T22:30:05.057136980Z [2026-09-25 22:30:05,057] INFO [GroupMetadataManager brokerId=1] Finished unloading __consumer_offsets-25 for coordinator epoch OptionalInt[0]. Removed 0 cached offsets and 0 cached groups. (kafka.coordinator.group.GroupMetadataManager)
kafka1  | 2026-09-25T22:30:05.057138993Z [2026-09-25 22:30:05,057] INFO [GroupMetadataManager brokerId=1] Finished unloading __consumer_offsets-39 for coordinator epoch OptionalInt[0]. Removed 0 cached offsets and 0 cached groups. (kafka.coordinator.group.GroupMetadataManager)
kafka1  | 2026-09-25T22:30:05.057277696Z [2026-09-25 22:30:05,057] INFO [GroupMetadataManager brokerId=1] Finished unloading __consumer_offsets-8 for coordinator epoch OptionalInt[0]. Removed 0 cached offsets and 0 cached groups. (kafka.coordinator.group.GroupMetadataManager)
kafka1  | 2026-09-25T22:30:05.057283629Z [2026-09-25 22:30:05,057] INFO [GroupMetadataManager brokerId=1] Finished unloading __consumer_offsets-35 for coordinator epoch OptionalInt[0]. Removed 0 cached offsets and 0 cached groups. (kafka.coordinator.group.GroupMetadataManager)
kafka1  | 2026-09-25T22:30:05.057338985Z [2026-09-25 22:30:05,057] INFO [GroupMetadataManager brokerId=1] Finished unloading __consumer_offsets-4 for coordinator epoch OptionalInt[0]. Removed 0 cached offsets and 0 cached groups. (kafka.coordinator.group.GroupMetadataManager)
kafka1  | 2026-09-25T22:30:05.057342102Z [2026-09-25 22:30:05,057] INFO [GroupMetadataManager brokerId=1] Finished unloading __consumer_offsets-2 for coordinator epoch OptionalInt[0]. Removed 0 cached offsets and 0 cached groups. (kafka.coordinator.group.GroupMetadataManager)
kafka1  | 2026-09-25T22:30:05.191553265Z [2026-09-25 22:30:05,190] INFO [ReplicaFetcher replicaId=1, leaderId=2, fetcherId=0] Truncating partition __consumer_offsets-14 with TruncationState(offset=0, completed=true) due to local high watermark 0 (kafka.server.ReplicaFetcherThread)
kafka1  | 2026-09-25T22:30:05.192150764Z [2026-09-25 22:30:05,191] INFO [UnifiedLog partition=__consumer_offsets-14, dir=/var/lib/kafka/data] Truncating to 0 has no effect as the largest offset in the log is -1 (kafka.log.UnifiedLog)
kafka1  | 2026-09-25T22:30:05.192789062Z [2026-09-25 22:30:05,192] INFO [ReplicaFetcher replicaId=1, leaderId=2, fetcherId=0] Truncating partition __consumer_offsets-46 with TruncationState(offset=0, completed=true) due to local high watermark 0 (kafka.server.ReplicaFetcherThread)
kafka1  | 2026-09-25T22:30:05.192807814Z [2026-09-25 22:30:05,192] INFO [UnifiedLog partition=__consumer_offsets-46, dir=/var/lib/kafka/data] Truncating to 0 has no effect as the largest offset in the log is -1 (kafka.log.UnifiedLog)
kafka1  | 2026-09-25T22:30:05.192811827Z [2026-09-25 22:30:05,192] INFO [ReplicaFetcher replicaId=1, leaderId=2, fetcherId=0] Truncating partition __consumer_offsets-44 with TruncationState(offset=0, completed=true) due to local high watermark 0 (kafka.server.ReplicaFetcherThread)
kafka1  | 2026-09-25T22:30:05.193260018Z [2026-09-25 22:30:05,192] INFO [UnifiedLog partition=__consumer_offsets-44, dir=/var/lib/kafka/data] Truncating to 0 has no effect as the largest offset in the log is -1 (kafka.log.UnifiedLog)
kafka1  | 2026-09-25T22:30:05.193288723Z [2026-09-25 22:30:05,192] INFO [ReplicaFetcher replicaId=1, leaderId=2, fetcherId=0] Truncating partition __consumer_offsets-41 with TruncationState(offset=0, completed=true) due to local high watermark 0 (kafka.server.ReplicaFetcherThread)
kafka1  | 2026-09-25T22:30:05.193694943Z [2026-09-25 22:30:05,193] INFO [UnifiedLog partition=__consumer_offsets-41, dir=/var/lib/kafka/data] Truncating to 0 has no effect as the largest offset in the log is -1 (kafka.log.UnifiedLog)
kafka1  | 2026-09-25T22:30:05.193714648Z [2026-09-25 22:30:05,193] INFO [ReplicaFetcher replicaId=1, leaderId=2, fetcherId=0] Truncating partition __consumer_offsets-9 with TruncationState(offset=0, completed=true) due to local high watermark 0 (kafka.server.ReplicaFetcherThread)
kafka1  | 2026-09-25T22:30:05.193721305Z [2026-09-25 22:30:05,193] INFO [UnifiedLog partition=__consumer_offsets-9, dir=/var/lib/kafka/data] Truncating to 0 has no effect as the largest offset in the log is -1 (kafka.log.UnifiedLog)
kafka1  | 2026-09-25T22:30:05.193753037Z [2026-09-25 22:30:05,193] INFO [ReplicaFetcher replicaId=1, leaderId=2, fetcherId=0] Truncating partition __consumer_offsets-24 with TruncationState(offset=0, completed=true) due to local high watermark 0 (kafka.server.ReplicaFetcherThread)
kafka1  | 2026-09-25T22:30:05.193759038Z [2026-09-25 22:30:05,193] INFO [UnifiedLog partition=__consumer_offsets-24, dir=/var/lib/kafka/data] Truncating to 0 has no effect as the largest offset in the log is -1 (kafka.log.UnifiedLog)
kafka1  | 2026-09-25T22:30:05.193989582Z [2026-09-25 22:30:05,193] INFO [ReplicaFetcher replicaId=1, leaderId=2, fetcherId=0] Truncating partition __consumer_offsets-22 with TruncationState(offset=0, completed=true) due to local high watermark 0 (kafka.server.ReplicaFetcherThread)
kafka1  | 2026-09-25T22:30:05.194011165Z [2026-09-25 22:30:05,193] INFO [UnifiedLog partition=__consumer_offsets-22, dir=/var/lib/kafka/data] Truncating to 0 has no effect as the largest offset in the log is -1 (kafka.log.UnifiedLog)
kafka1  | 2026-09-25T22:30:05.194332571Z [2026-09-25 22:30:05,193] INFO [ReplicaFetcher replicaId=1, leaderId=2, fetcherId=0] Truncating partition __consumer_offsets-19 with TruncationState(offset=0, completed=true) due to local high watermark 0 (kafka.server.ReplicaFetcherThread)
kafka1  | 2026-09-25T22:30:05.194352093Z [2026-09-25 22:30:05,194] INFO [UnifiedLog partition=__consumer_offsets-19, dir=/var/lib/kafka/data] Truncating to 0 has no effect as the largest offset in the log is -1 (kafka.log.UnifiedLog)
kafka1  | 2026-09-25T22:30:05.194356774Z [2026-09-25 22:30:05,194] INFO [ReplicaFetcher replicaId=1, leaderId=2, fetcherId=0] Truncating partition __consumer_offsets-17 with TruncationState(offset=0, completed=true) due to local high watermark 0 (kafka.server.ReplicaFetcherThread)
kafka1  | 2026-09-25T22:30:05.194541128Z [2026-09-25 22:30:05,194] INFO [UnifiedLog partition=__consumer_offsets-17, dir=/var/lib/kafka/data] Truncating to 0 has no effect as the largest offset in the log is -1 (kafka.log.UnifiedLog)
kafka1  | 2026-09-25T22:30:05.194550552Z [2026-09-25 22:30:05,194] INFO [ReplicaFetcher replicaId=1, leaderId=2, fetcherId=0] Truncating partition __consumer_offsets-49 with TruncationState(offset=0, completed=true) due to local high watermark 0 (kafka.server.ReplicaFetcherThread)
kafka1  | 2026-09-25T22:30:05.194870257Z [2026-09-25 22:30:05,194] INFO [UnifiedLog partition=__consumer_offsets-49, dir=/var/lib/kafka/data] Truncating to 0 has no effect as the largest offset in the log is -1 (kafka.log.UnifiedLog)
kafka1  | 2026-09-25T22:30:05.195252692Z [2026-09-25 22:30:05,194] INFO [ReplicaFetcher replicaId=1, leaderId=2, fetcherId=0] Truncating partition __consumer_offsets-31 with TruncationState(offset=0, completed=true) due to local high watermark 0 (kafka.server.ReplicaFetcherThread)
kafka2  | 2026-09-25T22:30:04.831493220Z [2026-09-25 22:30:04,829] INFO [UnifiedLog partition=__consumer_offsets-45, dir=/var/lib/kafka/data] Truncating to 0 has no effect as the largest offset in the log is -1 (kafka.log.UnifiedLog)
kafka2  | 2026-09-25T22:30:04.831494804Z [2026-09-25 22:30:04,829] INFO [ReplicaFetcher replicaId=2, leaderId=3, fetcherId=0] Truncating partition __consumer_offsets-21 with TruncationState(offset=0, completed=true) due to local high watermark 0 (kafka.server.ReplicaFetcherThread)
kafka2  | 2026-09-25T22:30:04.831496440Z [2026-09-25 22:30:04,829] INFO [ReplicaFetcher replicaId=2, leaderId=1, fetcherId=0] Truncating partition __consumer_offsets-42 with TruncationState(offset=0, completed=true) due to local high watermark 0 (kafka.server.ReplicaFetcherThread)
kafka2  | 2026-09-25T22:30:04.831498056Z [2026-09-25 22:30:04,829] INFO [UnifiedLog partition=__consumer_offsets-21, dir=/var/lib/kafka/data] Truncating to 0 has no effect as the largest offset in the log is -1 (kafka.log.UnifiedLog)
kafka2  | 2026-09-25T22:30:04.831499429Z [2026-09-25 22:30:04,829] INFO [ReplicaFetcher replicaId=2, leaderId=3, fetcherId=0] Truncating partition __consumer_offsets-18 with TruncationState(offset=0, completed=true) due to local high watermark 0 (kafka.server.ReplicaFetcherThread)
kafka2  | 2026-09-25T22:30:04.831504258Z [2026-09-25 22:30:04,829] INFO [UnifiedLog partition=__consumer_offsets-18, dir=/var/lib/kafka/data] Truncating to 0 has no effect as the largest offset in the log is -1 (kafka.log.UnifiedLog)
kafka2  | 2026-09-25T22:30:04.831505842Z [2026-09-25 22:30:04,829] INFO [ReplicaFetcher replicaId=2, leaderId=3, fetcherId=0] Truncating partition __consumer_offsets-32 with TruncationState(offset=0, completed=true) due to local high watermark 0 (kafka.server.ReplicaFetcherThread)
kafka2  | 2026-09-25T22:30:04.831507793Z [2026-09-25 22:30:04,829] INFO [UnifiedLog partition=__consumer_offsets-32, dir=/var/lib/kafka/data] Truncating to 0 has no effect as the largest offset in the log is -1 (kafka.log.UnifiedLog)
kafka2  | 2026-09-25T22:30:04.831509385Z [2026-09-25 22:30:04,829] INFO [ReplicaFetcher replicaId=2, leaderId=3, fetcherId=0] Truncating partition __consumer_offsets-29 with TruncationState(offset=0, completed=true) due to local high watermark 0 (kafka.server.ReplicaFetcherThread)
kafka2  | 2026-09-25T22:30:04.831510838Z [2026-09-25 22:30:04,829] INFO [UnifiedLog partition=__consumer_offsets-29, dir=/var/lib/kafka/data] Truncating to 0 has no effect as the largest offset in the log is -1 (kafka.log.UnifiedLog)
kafka2  | 2026-09-25T22:30:04.831512135Z [2026-09-25 22:30:04,829] INFO [ReplicaFetcher replicaId=2, leaderId=3, fetcherId=0] Truncating partition __consumer_offsets-25 with TruncationState(offset=0, completed=true) due to local high watermark 0 (kafka.server.ReplicaFetcherThread)
kafka2  | 2026-09-25T22:30:04.831513906Z [2026-09-25 22:30:04,829] INFO [UnifiedLog partition=__consumer_offsets-25, dir=/var/lib/kafka/data] Truncating to 0 has no effect as the largest offset in the log is -1 (kafka.log.UnifiedLog)
kafka2  | 2026-09-25T22:30:04.831515593Z [2026-09-25 22:30:04,829] INFO [ReplicaFetcher replicaId=2, leaderId=3, fetcherId=0] Truncating partition __consumer_offsets-39 with TruncationState(offset=0, completed=true) due to local high watermark 0 (kafka.server.ReplicaFetcherThread)
kafka2  | 2026-09-25T22:30:04.831517926Z [2026-09-25 22:30:04,829] INFO [UnifiedLog partition=__consumer_offsets-42, dir=/var/lib/kafka/data] Truncating to 0 has no effect as the largest offset in the log is -1 (kafka.log.UnifiedLog)
kafka2  | 2026-09-25T22:30:04.831519793Z [2026-09-25 22:30:04,829] INFO [UnifiedLog partition=__consumer_offsets-39, dir=/var/lib/kafka/data] Truncating to 0 has no effect as the largest offset in the log is -1 (kafka.log.UnifiedLog)
kafka2  | 2026-09-25T22:30:04.831521627Z [2026-09-25 22:30:04,829] INFO [ReplicaFetcher replicaId=2, leaderId=1, fetcherId=0] Truncating partition __consumer_offsets-10 with TruncationState(offset=0, completed=true) due to local high watermark 0 (kafka.server.ReplicaFetcherThread)
kafka2  | 2026-09-25T22:30:04.831523293Z [2026-09-25 22:30:04,829] INFO [ReplicaFetcher replicaId=2, leaderId=3, fetcherId=0] Truncating partition __consumer_offsets-8 with TruncationState(offset=0, completed=true) due to local high watermark 0 (kafka.server.ReplicaFetcherThread)
kafka2  | 2026-09-25T22:30:04.831524906Z [2026-09-25 22:30:04,829] INFO [UnifiedLog partition=__consumer_offsets-10, dir=/var/lib/kafka/data] Truncating to 0 has no effect as the largest offset in the log is -1 (kafka.log.UnifiedLog)
kafka2  | 2026-09-25T22:30:04.831526559Z [2026-09-25 22:30:04,830] INFO [UnifiedLog partition=__consumer_offsets-8, dir=/var/lib/kafka/data] Truncating to 0 has no effect as the largest offset in the log is -1 (kafka.log.UnifiedLog)
kafka2  | 2026-09-25T22:30:04.831529872Z [2026-09-25 22:30:04,830] INFO [ReplicaFetcher replicaId=2, leaderId=1, fetcherId=0] Truncating partition __consumer_offsets-23 with TruncationState(offset=0, completed=true) due to local high watermark 0 (kafka.server.ReplicaFetcherThread)
kafka2  | 2026-09-25T22:30:04.831531376Z [2026-09-25 22:30:04,830] INFO [ReplicaFetcher replicaId=2, leaderId=3, fetcherId=0] Truncating partition __consumer_offsets-38 with TruncationState(offset=0, completed=true) due to local high watermark 0 (kafka.server.ReplicaFetcherThread)
kafka2  | 2026-09-25T22:30:04.831532821Z [2026-09-25 22:30:04,830] INFO [UnifiedLog partition=__consumer_offsets-23, dir=/var/lib/kafka/data] Truncating to 0 has no effect as the largest offset in the log is -1 (kafka.log.UnifiedLog)
kafka2  | 2026-09-25T22:30:04.831534187Z [2026-09-25 22:30:04,830] INFO [UnifiedLog partition=__consumer_offsets-38, dir=/var/lib/kafka/data] Truncating to 0 has no effect as the largest offset in the log is -1 (kafka.log.UnifiedLog)
kafka2  | 2026-09-25T22:30:04.831535737Z [2026-09-25 22:30:04,830] INFO [ReplicaFetcher replicaId=2, leaderId=1, fetcherId=0] Truncating partition __consumer_offsets-20 with TruncationState(offset=0, completed=true) due to local high watermark 0 (kafka.server.ReplicaFetcherThread)
kafka2  | 2026-09-25T22:30:04.831537679Z [2026-09-25 22:30:04,830] INFO [ReplicaFetcher replicaId=2, leaderId=3, fetcherId=0] Truncating partition __consumer_offsets-4 with TruncationState(offset=0, completed=true) due to local high watermark 0 (kafka.server.ReplicaFetcherThread)
kafka2  | 2026-09-25T22:30:04.831546420Z [2026-09-25 22:30:04,830] INFO [UnifiedLog partition=__consumer_offsets-20, dir=/var/lib/kafka/data] Truncating to 0 has no effect as the largest offset in the log is -1 (kafka.log.UnifiedLog)
kafka2  | 2026-09-25T22:30:04.831547851Z [2026-09-25 22:30:04,830] INFO [UnifiedLog partition=__consumer_offsets-4, dir=/var/lib/kafka/data] Truncating to 0 has no effect as the largest offset in the log is -1 (kafka.log.UnifiedLog)
kafka2  | 2026-09-25T22:30:04.831549135Z [2026-09-25 22:30:04,830] INFO [ReplicaFetcher replicaId=2, leaderId=1, fetcherId=0] Truncating partition __consumer_offsets-0 with TruncationState(offset=0, completed=true) due to local high watermark 0 (kafka.server.ReplicaFetcherThread)
kafka2  | 2026-09-25T22:30:04.831550451Z [2026-09-25 22:30:04,830] INFO [ReplicaFetcher replicaId=2, leaderId=3, fetcherId=0] Truncating partition __consumer_offsets-34 with TruncationState(offset=0, completed=true) due to local high watermark 0 (kafka.server.ReplicaFetcherThread)
kafka2  | 2026-09-25T22:30:04.831552183Z [2026-09-25 22:30:04,830] INFO [UnifiedLog partition=__consumer_offsets-0, dir=/var/lib/kafka/data] Truncating to 0 has no effect as the largest offset in the log is -1 (kafka.log.UnifiedLog)
kafka2  | 2026-09-25T22:30:04.831553708Z [2026-09-25 22:30:04,830] INFO [UnifiedLog partition=__consumer_offsets-34, dir=/var/lib/kafka/data] Truncating to 0 has no effect as the largest offset in the log is -1 (kafka.log.UnifiedLog)
kafka2  | 2026-09-25T22:30:04.831555320Z [2026-09-25 22:30:04,830] INFO [ReplicaFetcher replicaId=2, leaderId=1, fetcherId=0] Truncating partition __consumer_offsets-30 with TruncationState(offset=0, completed=true) due to local high watermark 0 (kafka.server.ReplicaFetcherThread)
kafka2  | 2026-09-25T22:30:04.831556830Z [2026-09-25 22:30:04,830] INFO [UnifiedLog partition=__consumer_offsets-30, dir=/var/lib/kafka/data] Truncating to 0 has no effect as the largest offset in the log is -1 (kafka.log.UnifiedLog)
kafka2  | 2026-09-25T22:30:04.831559044Z [2026-09-25 22:30:04,830] INFO [ReplicaFetcher replicaId=2, leaderId=3, fetcherId=0] Truncating partition __consumer_offsets-2 with TruncationState(offset=0, completed=true) due to local high watermark 0 (kafka.server.ReplicaFetcherThread)
kafka2  | 2026-09-25T22:30:04.831562416Z [2026-09-25 22:30:04,830] INFO [ReplicaFetcher replicaId=2, leaderId=1, fetcherId=0] Truncating partition __consumer_offsets-28 with TruncationState(offset=0, completed=true) due to local high watermark 0 (kafka.server.ReplicaFetcherThread)
kafka2  | 2026-09-25T22:30:04.831564080Z [2026-09-25 22:30:04,830] INFO [UnifiedLog partition=__consumer_offsets-2, dir=/var/lib/kafka/data] Truncating to 0 has no effect as the largest offset in the log is -1 (kafka.log.UnifiedLog)
kafka2  | 2026-09-25T22:30:04.831565777Z [2026-09-25 22:30:04,830] INFO [UnifiedLog partition=__consumer_offsets-28, dir=/var/lib/kafka/data] Truncating to 0 has no effect as the largest offset in the log is -1 (kafka.log.UnifiedLog)
kafka2  | 2026-09-25T22:30:04.831567261Z [2026-09-25 22:30:04,830] INFO [ReplicaFetcher replicaId=2, leaderId=1, fetcherId=0] Truncating partition __consumer_offsets-26 with TruncationState(offset=0, completed=true) due to local high watermark 0 (kafka.server.ReplicaFetcherThread)
kafka2  | 2026-09-25T22:30:04.831568812Z [2026-09-25 22:30:04,830] INFO [UnifiedLog partition=__consumer_offsets-26, dir=/var/lib/kafka/data] Truncating to 0 has no effect as the largest offset in the log is -1 (kafka.log.UnifiedLog)
kafka2  | 2026-09-25T22:30:04.831570491Z [2026-09-25 22:30:04,830] INFO [ReplicaFetcher replicaId=2, leaderId=1, fetcherId=0] Truncating partition __consumer_offsets-40 with TruncationState(offset=0, completed=true) due to local high watermark 0 (kafka.server.ReplicaFetcherThread)
kafka2  | 2026-09-25T22:30:04.831572394Z [2026-09-25 22:30:04,830] INFO [UnifiedLog partition=__consumer_offsets-40, dir=/var/lib/kafka/data] Truncating to 0 has no effect as the largest offset in the log is -1 (kafka.log.UnifiedLog)
kafka2  | 2026-09-25T22:30:04.831574143Z [2026-09-25 22:30:04,830] INFO [ReplicaFetcher replicaId=2, leaderId=1, fetcherId=0] Truncating partition __consumer_offsets-37 with TruncationState(offset=0, completed=true) due to local high watermark 0 (kafka.server.ReplicaFetcherThread)
kafka2  | 2026-09-25T22:30:04.831575696Z [2026-09-25 22:30:04,830] INFO [UnifiedLog partition=__consumer_offsets-37, dir=/var/lib/kafka/data] Truncating to 0 has no effect as the largest offset in the log is -1 (kafka.log.UnifiedLog)
kafka2  | 2026-09-25T22:30:04.831577904Z [2026-09-25 22:30:04,831] INFO [ReplicaFetcher replicaId=2, leaderId=1, fetcherId=0] Truncating partition __consumer_offsets-5 with TruncationState(offset=0, completed=true) due to local high watermark 0 (kafka.server.ReplicaFetcherThread)
kafka2  | 2026-09-25T22:30:04.831579398Z [2026-09-25 22:30:04,831] INFO [UnifiedLog partition=__consumer_offsets-5, dir=/var/lib/kafka/data] Truncating to 0 has no effect as the largest offset in the log is -1 (kafka.log.UnifiedLog)
kafka3  | 2026-09-25T22:30:04.802823780Z [2026-09-25 22:30:04,802] INFO [Partition __consumer_offsets-28 broker=3] No checkpointed highwatermark is found for partition __consumer_offsets-28 (kafka.cluster.Partition)
kafka3  | 2026-09-25T22:30:04.803112440Z [2026-09-25 22:30:04,802] INFO [Partition __consumer_offsets-28 broker=3] Log loaded for partition __consumer_offsets-28 with initial high watermark 0 (kafka.cluster.Partition)
kafka3  | 2026-09-25T22:30:04.803332674Z [2026-09-25 22:30:04,803] INFO [Broker id=3] Follower __consumer_offsets-28 starts at leader epoch 0 from offset 0 with partition epoch 0 and high watermark 0. Current leader is 1. Previous leader Some(1) and previous leader epoch was 0. (state.change.logger)
kafka3  | 2026-09-25T22:30:04.803634228Z [2026-09-25 22:30:04,803] INFO [Broker id=3] Creating new partition __consumer_offsets-26 with topic id w2caDlcSQY-bJJSbpCk06w. (state.change.logger)
kafka3  | 2026-09-25T22:30:04.807599211Z [2026-09-25 22:30:04,807] INFO [LogLoader partition=__consumer_offsets-26, dir=/var/lib/kafka/data] Loading producer state till offset 0 with message format version 2 (kafka.log.UnifiedLog$)
kafka3  | 2026-09-25T22:30:04.808267124Z [2026-09-25 22:30:04,808] INFO Created log for partition __consumer_offsets-26 in /var/lib/kafka/data/__consumer_offsets-26 with properties {cleanup.policy=compact, compression.type="producer", segment.bytes=104857600} (kafka.log.LogManager)
kafka3  | 2026-09-25T22:30:04.808403868Z [2026-09-25 22:30:04,808] INFO [Partition __consumer_offsets-26 broker=3] No checkpointed highwatermark is found for partition __consumer_offsets-26 (kafka.cluster.Partition)
kafka3  | 2026-09-25T22:30:04.808494541Z [2026-09-25 22:30:04,808] INFO [Partition __consumer_offsets-26 broker=3] Log loaded for partition __consumer_offsets-26 with initial high watermark 0 (kafka.cluster.Partition)
kafka3  | 2026-09-25T22:30:04.808758032Z [2026-09-25 22:30:04,808] INFO [Broker id=3] Follower __consumer_offsets-26 starts at leader epoch 0 from offset 0 with partition epoch 0 and high watermark 0. Current leader is 1. Previous leader Some(1) and previous leader epoch was 0. (state.change.logger)
kafka3  | 2026-09-25T22:30:04.808913991Z [2026-09-25 22:30:04,808] INFO [Broker id=3] Creating new partition __consumer_offsets-7 with topic id w2caDlcSQY-bJJSbpCk06w. (state.change.logger)
kafka3  | 2026-09-25T22:30:04.814079132Z [2026-09-25 22:30:04,813] INFO [LogLoader partition=__consumer_offsets-7, dir=/var/lib/kafka/data] Loading producer state till offset 0 with message format version 2 (kafka.log.UnifiedLog$)
kafka3  | 2026-09-25T22:30:04.814844053Z [2026-09-25 22:30:04,814] INFO Created log for partition __consumer_offsets-7 in /var/lib/kafka/data/__consumer_offsets-7 with properties {cleanup.policy=compact, compression.type="producer", segment.bytes=104857600} (kafka.log.LogManager)
kafka3  | 2026-09-25T22:30:04.814850989Z [2026-09-25 22:30:04,814] INFO [Partition __consumer_offsets-7 broker=3] No checkpointed highwatermark is found for partition __consumer_offsets-7 (kafka.cluster.Partition)
kafka3  | 2026-09-25T22:30:04.815108589Z [2026-09-25 22:30:04,814] INFO [Partition __consumer_offsets-7 broker=3] Log loaded for partition __consumer_offsets-7 with initial high watermark 0 (kafka.cluster.Partition)
kafka3  | 2026-09-25T22:30:04.815126392Z [2026-09-25 22:30:04,814] INFO [Broker id=3] Follower __consumer_offsets-7 starts at leader epoch 0 from offset 0 with partition epoch 0 and high watermark 0. Current leader is 2. Previous leader Some(2) and previous leader epoch was 0. (state.change.logger)
kafka3  | 2026-09-25T22:30:04.815314258Z [2026-09-25 22:30:04,815] INFO [Broker id=3] Creating new partition __consumer_offsets-40 with topic id w2caDlcSQY-bJJSbpCk06w. (state.change.logger)
kafka3  | 2026-09-25T22:30:04.821932685Z [2026-09-25 22:30:04,821] INFO [LogLoader partition=__consumer_offsets-40, dir=/var/lib/kafka/data] Loading producer state till offset 0 with message format version 2 (kafka.log.UnifiedLog$)
kafka3  | 2026-09-25T22:30:04.822764138Z [2026-09-25 22:30:04,822] INFO Created log for partition __consumer_offsets-40 in /var/lib/kafka/data/__consumer_offsets-40 with properties {cleanup.policy=compact, compression.type="producer", segment.bytes=104857600} (kafka.log.LogManager)
kafka3  | 2026-09-25T22:30:04.823322466Z [2026-09-25 22:30:04,822] INFO [Partition __consumer_offsets-40 broker=3] No checkpointed highwatermark is found for partition __consumer_offsets-40 (kafka.cluster.Partition)
kafka3  | 2026-09-25T22:30:04.823337653Z [2026-09-25 22:30:04,822] INFO [Partition __consumer_offsets-40 broker=3] Log loaded for partition __consumer_offsets-40 with initial high watermark 0 (kafka.cluster.Partition)
kafka3  | 2026-09-25T22:30:04.824070121Z [2026-09-25 22:30:04,823] INFO [Broker id=3] Follower __consumer_offsets-40 starts at leader epoch 0 from offset 0 with partition epoch 0 and high watermark 0. Current leader is 1. Previous leader Some(1) and previous leader epoch was 0. (state.change.logger)
kafka3  | 2026-09-25T22:30:04.824717731Z [2026-09-25 22:30:04,824] INFO [Broker id=3] Creating new partition __consumer_offsets-5 with topic id w2caDlcSQY-bJJSbpCk06w. (state.change.logger)
kafka3  | 2026-09-25T22:30:04.830913174Z [2026-09-25 22:30:04,830] INFO [LogLoader partition=__consumer_offsets-5, dir=/var/lib/kafka/data] Loading producer state till offset 0 with message format version 2 (kafka.log.UnifiedLog$)
kafka3  | 2026-09-25T22:30:04.832970756Z [2026-09-25 22:30:04,832] INFO Created log for partition __consumer_offsets-5 in /var/lib/kafka/data/__consumer_offsets-5 with properties {cleanup.policy=compact, compression.type="producer", segment.bytes=104857600} (kafka.log.LogManager)
kafka3  | 2026-09-25T22:30:04.834268711Z [2026-09-25 22:30:04,832] INFO [Partition __consumer_offsets-5 broker=3] No checkpointed highwatermark is found for partition __consumer_offsets-5 (kafka.cluster.Partition)
kafka3  | 2026-09-25T22:30:04.834303020Z [2026-09-25 22:30:04,833] INFO [Partition __consumer_offsets-5 broker=3] Log loaded for partition __consumer_offsets-5 with initial high watermark 0 (kafka.cluster.Partition)
kafka3  | 2026-09-25T22:30:04.834306448Z [2026-09-25 22:30:04,833] INFO [Broker id=3] Follower __consumer_offsets-5 starts at leader epoch 0 from offset 0 with partition epoch 0 and high watermark 0. Current leader is 1. Previous leader Some(1) and previous leader epoch was 0. (state.change.logger)
kafka3  | 2026-09-25T22:30:04.834312540Z [2026-09-25 22:30:04,833] INFO [Broker id=3] Creating new partition __consumer_offsets-3 with topic id w2caDlcSQY-bJJSbpCk06w. (state.change.logger)
kafka2  | 2026-09-25T22:30:04.831580948Z [2026-09-25 22:30:04,831] INFO [ReplicaFetcher replicaId=2, leaderId=1, fetcherId=0] Truncating partition __consumer_offsets-6 with TruncationState(offset=0, completed=true) due to local high watermark 0 (kafka.server.ReplicaFetcherThread)
kafka2  | 2026-09-25T22:30:04.831582505Z [2026-09-25 22:30:04,831] INFO [UnifiedLog partition=__consumer_offsets-6, dir=/var/lib/kafka/data] Truncating to 0 has no effect as the largest offset in the log is -1 (kafka.log.UnifiedLog)
kafka2  | 2026-09-25T22:30:04.831583911Z [2026-09-25 22:30:04,831] INFO [ReplicaFetcher replicaId=2, leaderId=1, fetcherId=0] Truncating partition __consumer_offsets-33 with TruncationState(offset=0, completed=true) due to local high watermark 0 (kafka.server.ReplicaFetcherThread)
kafka2  | 2026-09-25T22:30:04.831587773Z [2026-09-25 22:30:04,831] INFO [UnifiedLog partition=__consumer_offsets-33, dir=/var/lib/kafka/data] Truncating to 0 has no effect as the largest offset in the log is -1 (kafka.log.UnifiedLog)
kafka2  | 2026-09-25T22:30:04.838638693Z [2026-09-25 22:30:04,838] INFO [GroupCoordinator 2]: Elected as the group coordinator for partition 14 in epoch 0 (kafka.coordinator.group.GroupCoordinator)
kafka2  | 2026-09-25T22:30:04.841522025Z [2026-09-25 22:30:04,840] INFO [GroupMetadataManager brokerId=2] Scheduling loading of offsets and group metadata from __consumer_offsets-14 for epoch 0 (kafka.coordinator.group.GroupMetadataManager)
kafka2  | 2026-09-25T22:30:04.847261798Z [2026-09-25 22:30:04,846] INFO [GroupCoordinator 2]: Elected as the group coordinator for partition 46 in epoch 0 (kafka.coordinator.group.GroupCoordinator)
kafka2  | 2026-09-25T22:30:04.847276070Z [2026-09-25 22:30:04,846] INFO [GroupMetadataManager brokerId=2] Scheduling loading of offsets and group metadata from __consumer_offsets-46 for epoch 0 (kafka.coordinator.group.GroupMetadataManager)
kafka2  | 2026-09-25T22:30:04.847277908Z [2026-09-25 22:30:04,846] INFO [GroupCoordinator 2]: Elected as the group coordinator for partition 44 in epoch 0 (kafka.coordinator.group.GroupCoordinator)
kafka2  | 2026-09-25T22:30:04.847279854Z [2026-09-25 22:30:04,846] INFO [GroupMetadataManager brokerId=2] Scheduling loading of offsets and group metadata from __consumer_offsets-44 for epoch 0 (kafka.coordinator.group.GroupMetadataManager)
kafka2  | 2026-09-25T22:30:04.847281819Z [2026-09-25 22:30:04,846] INFO [GroupCoordinator 2]: Elected as the group coordinator for partition 9 in epoch 0 (kafka.coordinator.group.GroupCoordinator)
kafka2  | 2026-09-25T22:30:04.847283458Z [2026-09-25 22:30:04,846] INFO [GroupMetadataManager brokerId=2] Scheduling loading of offsets and group metadata from __consumer_offsets-9 for epoch 0 (kafka.coordinator.group.GroupMetadataManager)
kafka2  | 2026-09-25T22:30:04.847285036Z [2026-09-25 22:30:04,846] INFO [GroupCoordinator 2]: Elected as the group coordinator for partition 41 in epoch 0 (kafka.coordinator.group.GroupCoordinator)
kafka2  | 2026-09-25T22:30:04.847286611Z [2026-09-25 22:30:04,846] INFO [GroupMetadataManager brokerId=2] Scheduling loading of offsets and group metadata from __consumer_offsets-41 for epoch 0 (kafka.coordinator.group.GroupMetadataManager)
kafka2  | 2026-09-25T22:30:04.847288270Z [2026-09-25 22:30:04,846] INFO [GroupCoordinator 2]: Elected as the group coordinator for partition 24 in epoch 0 (kafka.coordinator.group.GroupCoordinator)
kafka2  | 2026-09-25T22:30:04.847289879Z [2026-09-25 22:30:04,846] INFO [GroupMetadataManager brokerId=2] Scheduling loading of offsets and group metadata from __consumer_offsets-24 for epoch 0 (kafka.coordinator.group.GroupMetadataManager)
kafka2  | 2026-09-25T22:30:04.847291407Z [2026-09-25 22:30:04,846] INFO [GroupCoordinator 2]: Elected as the group coordinator for partition 22 in epoch 0 (kafka.coordinator.group.GroupCoordinator)
kafka2  | 2026-09-25T22:30:04.847293380Z [2026-09-25 22:30:04,846] INFO [GroupMetadataManager brokerId=2] Scheduling loading of offsets and group metadata from __consumer_offsets-22 for epoch 0 (kafka.coordinator.group.GroupMetadataManager)
kafka2  | 2026-09-25T22:30:04.847295239Z [2026-09-25 22:30:04,846] INFO [GroupCoordinator 2]: Elected as the group coordinator for partition 19 in epoch 0 (kafka.coordinator.group.GroupCoordinator)
kafka2  | 2026-09-25T22:30:04.847325444Z [2026-09-25 22:30:04,846] INFO [GroupMetadataManager brokerId=2] Scheduling loading of offsets and group metadata from __consumer_offsets-19 for epoch 0 (kafka.coordinator.group.GroupMetadataManager)
kafka2  | 2026-09-25T22:30:04.847327827Z [2026-09-25 22:30:04,846] INFO [GroupCoordinator 2]: Elected as the group coordinator for partition 17 in epoch 0 (kafka.coordinator.group.GroupCoordinator)
kafka2  | 2026-09-25T22:30:04.847329247Z [2026-09-25 22:30:04,846] INFO [GroupMetadataManager brokerId=2] Scheduling loading of offsets and group metadata from __consumer_offsets-17 for epoch 0 (kafka.coordinator.group.GroupMetadataManager)
kafka3  | 2026-09-25T22:30:04.845364988Z [2026-09-25 22:30:04,845] INFO [LogLoader partition=__consumer_offsets-3, dir=/var/lib/kafka/data] Loading producer state till offset 0 with message format version 2 (kafka.log.UnifiedLog$)
kafka3  | 2026-09-25T22:30:04.846989105Z [2026-09-25 22:30:04,846] INFO Created log for partition __consumer_offsets-3 in /var/lib/kafka/data/__consumer_offsets-3 with properties {cleanup.policy=compact, compression.type="producer", segment.bytes=104857600} (kafka.log.LogManager)
kafka3  | 2026-09-25T22:30:04.847032752Z [2026-09-25 22:30:04,846] INFO [Partition __consumer_offsets-3 broker=3] No checkpointed highwatermark is found for partition __consumer_offsets-3 (kafka.cluster.Partition)
kafka3  | 2026-09-25T22:30:04.847237931Z [2026-09-25 22:30:04,847] INFO [Partition __consumer_offsets-3 broker=3] Log loaded for partition __consumer_offsets-3 with initial high watermark 0 (kafka.cluster.Partition)
kafka3  | 2026-09-25T22:30:04.850302866Z [2026-09-25 22:30:04,847] INFO [Broker id=3] Follower __consumer_offsets-3 starts at leader epoch 0 from offset 0 with partition epoch 0 and high watermark 0. Current leader is 2. Previous leader Some(2) and previous leader epoch was 0. (state.change.logger)
kafka3  | 2026-09-25T22:30:04.850315795Z [2026-09-25 22:30:04,847] INFO [Broker id=3] Creating new partition __consumer_offsets-36 with topic id w2caDlcSQY-bJJSbpCk06w. (state.change.logger)
kafka3  | 2026-09-25T22:30:04.858157401Z [2026-09-25 22:30:04,857] INFO [LogLoader partition=__consumer_offsets-36, dir=/var/lib/kafka/data] Loading producer state till offset 0 with message format version 2 (kafka.log.UnifiedLog$)
kafka3  | 2026-09-25T22:30:04.862872182Z [2026-09-25 22:30:04,860] INFO Created log for partition __consumer_offsets-36 in /var/lib/kafka/data/__consumer_offsets-36 with properties {cleanup.policy=compact, compression.type="producer", segment.bytes=104857600} (kafka.log.LogManager)
kafka3  | 2026-09-25T22:30:04.862890358Z [2026-09-25 22:30:04,860] INFO [Partition __consumer_offsets-36 broker=3] No checkpointed highwatermark is found for partition __consumer_offsets-36 (kafka.cluster.Partition)
kafka3  | 2026-09-25T22:30:04.862892248Z [2026-09-25 22:30:04,860] INFO [Partition __consumer_offsets-36 broker=3] Log loaded for partition __consumer_offsets-36 with initial high watermark 0 (kafka.cluster.Partition)
kafka3  | 2026-09-25T22:30:04.862893924Z [2026-09-25 22:30:04,860] INFO [Broker id=3] Follower __consumer_offsets-36 starts at leader epoch 0 from offset 0 with partition epoch 0 and high watermark 0. Current leader is 2. Previous leader Some(2) and previous leader epoch was 0. (state.change.logger)
kafka3  | 2026-09-25T22:30:04.862895656Z [2026-09-25 22:30:04,861] INFO [Broker id=3] Creating new partition __consumer_offsets-1 with topic id w2caDlcSQY-bJJSbpCk06w. (state.change.logger)
kafka3  | 2026-09-25T22:30:04.868487331Z [2026-09-25 22:30:04,868] INFO [LogLoader partition=__consumer_offsets-1, dir=/var/lib/kafka/data] Loading producer state till offset 0 with message format version 2 (kafka.log.UnifiedLog$)
kafka3  | 2026-09-25T22:30:04.875513831Z [2026-09-25 22:30:04,874] INFO Created log for partition __consumer_offsets-1 in /var/lib/kafka/data/__consumer_offsets-1 with properties {cleanup.policy=compact, compression.type="producer", segment.bytes=104857600} (kafka.log.LogManager)
kafka3  | 2026-09-25T22:30:04.875567212Z [2026-09-25 22:30:04,875] INFO [Partition __consumer_offsets-1 broker=3] No checkpointed highwatermark is found for partition __consumer_offsets-1 (kafka.cluster.Partition)
kafka3  | 2026-09-25T22:30:04.875572994Z [2026-09-25 22:30:04,875] INFO [Partition __consumer_offsets-1 broker=3] Log loaded for partition __consumer_offsets-1 with initial high watermark 0 (kafka.cluster.Partition)
kafka3  | 2026-09-25T22:30:04.877176314Z [2026-09-25 22:30:04,875] INFO [Broker id=3] Follower __consumer_offsets-1 starts at leader epoch 0 from offset 0 with partition epoch 0 and high watermark 0. Current leader is 2. Previous leader Some(2) and previous leader epoch was 0. (state.change.logger)
kafka3  | 2026-09-25T22:30:04.877204859Z [2026-09-25 22:30:04,876] INFO [Broker id=3] Creating new partition __consumer_offsets-16 with topic id w2caDlcSQY-bJJSbpCk06w. (state.change.logger)
kafka3  | 2026-09-25T22:30:04.883868551Z [2026-09-25 22:30:04,882] INFO [LogLoader partition=__consumer_offsets-16, dir=/var/lib/kafka/data] Loading producer state till offset 0 with message format version 2 (kafka.log.UnifiedLog$)
kafka3  | 2026-09-25T22:30:04.883918411Z [2026-09-25 22:30:04,883] INFO Created log for partition __consumer_offsets-16 in /var/lib/kafka/data/__consumer_offsets-16 with properties {cleanup.policy=compact, compression.type="producer", segment.bytes=104857600} (kafka.log.LogManager)
kafka3  | 2026-09-25T22:30:04.883927133Z [2026-09-25 22:30:04,883] INFO [Partition __consumer_offsets-16 broker=3] No checkpointed highwatermark is found for partition __consumer_offsets-16 (kafka.cluster.Partition)
kafka3  | 2026-09-25T22:30:04.883974799Z [2026-09-25 22:30:04,883] INFO [Partition __consumer_offsets-16 broker=3] Log loaded for partition __consumer_offsets-16 with initial high watermark 0 (kafka.cluster.Partition)
kafka3  | 2026-09-25T22:30:04.884403830Z [2026-09-25 22:30:04,884] INFO [Broker id=3] Follower __consumer_offsets-16 starts at leader epoch 0 from offset 0 with partition epoch 0 and high watermark 0. Current leader is 1. Previous leader Some(1) and previous leader epoch was 0. (state.change.logger)
kafka3  | 2026-09-25T22:30:04.884627388Z [2026-09-25 22:30:04,884] INFO [Broker id=3] Creating new partition __consumer_offsets-45 with topic id w2caDlcSQY-bJJSbpCk06w. (state.change.logger)
kafka3  | 2026-09-25T22:30:04.895118921Z [2026-09-25 22:30:04,894] INFO [LogLoader partition=__consumer_offsets-45, dir=/var/lib/kafka/data] Loading producer state till offset 0 with message format version 2 (kafka.log.UnifiedLog$)
kafka3  | 2026-09-25T22:30:04.895935575Z [2026-09-25 22:30:04,895] INFO Created log for partition __consumer_offsets-45 in /var/lib/kafka/data/__consumer_offsets-45 with properties {cleanup.policy=compact, compression.type="producer", segment.bytes=104857600} (kafka.log.LogManager)
kafka3  | 2026-09-25T22:30:04.895964423Z [2026-09-25 22:30:04,895] INFO [Partition __consumer_offsets-45 broker=3] No checkpointed highwatermark is found for partition __consumer_offsets-45 (kafka.cluster.Partition)
kafka3  | 2026-09-25T22:30:04.895967862Z [2026-09-25 22:30:04,895] INFO [Partition __consumer_offsets-45 broker=3] Log loaded for partition __consumer_offsets-45 with initial high watermark 0 (kafka.cluster.Partition)
kafka3  | 2026-09-25T22:30:04.896033198Z [2026-09-25 22:30:04,895] INFO [Broker id=3] Follower __consumer_offsets-45 starts at leader epoch 0 from offset 0 with partition epoch 0 and high watermark 0. Current leader is 1. Previous leader Some(1) and previous leader epoch was 0. (state.change.logger)
kafka3  | 2026-09-25T22:30:04.896304816Z [2026-09-25 22:30:04,896] INFO [Broker id=3] Creating new partition __consumer_offsets-14 with topic id w2caDlcSQY-bJJSbpCk06w. (state.change.logger)
kafka3  | 2026-09-25T22:30:04.901341420Z [2026-09-25 22:30:04,900] INFO [LogLoader partition=__consumer_offsets-14, dir=/var/lib/kafka/data] Loading producer state till offset 0 with message format version 2 (kafka.log.UnifiedLog$)
kafka3  | 2026-09-25T22:30:04.902819231Z [2026-09-25 22:30:04,902] INFO Created log for partition __consumer_offsets-14 in /var/lib/kafka/data/__consumer_offsets-14 with properties {cleanup.policy=compact, compression.type="producer", segment.bytes=104857600} (kafka.log.LogManager)
kafka3  | 2026-09-25T22:30:04.902858179Z [2026-09-25 22:30:04,902] INFO [Partition __consumer_offsets-14 broker=3] No checkpointed highwatermark is found for partition __consumer_offsets-14 (kafka.cluster.Partition)
kafka3  | 2026-09-25T22:30:04.906309526Z [2026-09-25 22:30:04,902] INFO [Partition __consumer_offsets-14 broker=3] Log loaded for partition __consumer_offsets-14 with initial high watermark 0 (kafka.cluster.Partition)
kafka3  | 2026-09-25T22:30:04.906973725Z [2026-09-25 22:30:04,906] INFO [Broker id=3] Follower __consumer_offsets-14 starts at leader epoch 0 from offset 0 with partition epoch 0 and high watermark 0. Current leader is 2. Previous leader Some(2) and previous leader epoch was 0. (state.change.logger)
kafka3  | 2026-09-25T22:30:04.906990198Z [2026-09-25 22:30:04,906] INFO [Broker id=3] Creating new partition __consumer_offsets-41 with topic id w2caDlcSQY-bJJSbpCk06w. (state.change.logger)
kafka3  | 2026-09-25T22:30:04.912612922Z [2026-09-25 22:30:04,912] INFO [LogLoader partition=__consumer_offsets-41, dir=/var/lib/kafka/data] Loading producer state till offset 0 with message format version 2 (kafka.log.UnifiedLog$)
kafka3  | 2026-09-25T22:30:04.913791357Z [2026-09-25 22:30:04,913] INFO Created log for partition __consumer_offsets-41 in /var/lib/kafka/data/__consumer_offsets-41 with properties {cleanup.policy=compact, compression.type="producer", segment.bytes=104857600} (kafka.log.LogManager)
kafka3  | 2026-09-25T22:30:04.913837703Z [2026-09-25 22:30:04,913] INFO [Partition __consumer_offsets-41 broker=3] No checkpointed highwatermark is found for partition __consumer_offsets-41 (kafka.cluster.Partition)
kafka3  | 2026-09-25T22:30:04.913847318Z [2026-09-25 22:30:04,913] INFO [Partition __consumer_offsets-41 broker=3] Log loaded for partition __consumer_offsets-41 with initial high watermark 0 (kafka.cluster.Partition)
kafka3  | 2026-09-25T22:30:04.913975138Z [2026-09-25 22:30:04,913] INFO [Broker id=3] Follower __consumer_offsets-41 starts at leader epoch 0 from offset 0 with partition epoch 0 and high watermark 0. Current leader is 2. Previous leader Some(2) and previous leader epoch was 0. (state.change.logger)
kafka3  | 2026-09-25T22:30:04.913987175Z [2026-09-25 22:30:04,913] INFO [Broker id=3] Creating new partition __consumer_offsets-10 with topic id w2caDlcSQY-bJJSbpCk06w. (state.change.logger)
kafka3  | 2026-09-25T22:30:04.919309342Z [2026-09-25 22:30:04,918] INFO [LogLoader partition=__consumer_offsets-10, dir=/var/lib/kafka/data] Loading producer state till offset 0 with message format version 2 (kafka.log.UnifiedLog$)
kafka1  | 2026-09-25T22:30:05.195282327Z [2026-09-25 22:30:05,195] INFO [UnifiedLog partition=__consumer_offsets-31, dir=/var/lib/kafka/data] Truncating to 0 has no effect as the largest offset in the log is -1 (kafka.log.UnifiedLog)
kafka1  | 2026-09-25T22:30:05.195541524Z [2026-09-25 22:30:05,195] INFO [ReplicaFetcher replicaId=1, leaderId=2, fetcherId=0] Truncating partition __consumer_offsets-27 with TruncationState(offset=0, completed=true) due to local high watermark 0 (kafka.server.ReplicaFetcherThread)
kafka1  | 2026-09-25T22:30:05.195559491Z [2026-09-25 22:30:05,195] INFO [UnifiedLog partition=__consumer_offsets-27, dir=/var/lib/kafka/data] Truncating to 0 has no effect as the largest offset in the log is -1 (kafka.log.UnifiedLog)
kafka1  | 2026-09-25T22:30:05.196059785Z [2026-09-25 22:30:05,195] INFO [ReplicaFetcher replicaId=1, leaderId=2, fetcherId=0] Truncating partition __consumer_offsets-7 with TruncationState(offset=0, completed=true) due to local high watermark 0 (kafka.server.ReplicaFetcherThread)
kafka1  | 2026-09-25T22:30:05.196073781Z [2026-09-25 22:30:05,195] INFO [UnifiedLog partition=__consumer_offsets-7, dir=/var/lib/kafka/data] Truncating to 0 has no effect as the largest offset in the log is -1 (kafka.log.UnifiedLog)
kafka1  | 2026-09-25T22:30:05.196077836Z [2026-09-25 22:30:05,195] INFO [ReplicaFetcher replicaId=1, leaderId=2, fetcherId=0] Truncating partition __consumer_offsets-35 with TruncationState(offset=0, completed=true) due to local high watermark 0 (kafka.server.ReplicaFetcherThread)
kafka1  | 2026-09-25T22:30:05.196080859Z [2026-09-25 22:30:05,195] INFO [UnifiedLog partition=__consumer_offsets-35, dir=/var/lib/kafka/data] Truncating to 0 has no effect as the largest offset in the log is -1 (kafka.log.UnifiedLog)
kafka1  | 2026-09-25T22:30:05.196792559Z [2026-09-25 22:30:05,196] INFO [ReplicaFetcher replicaId=1, leaderId=2, fetcherId=0] Truncating partition __consumer_offsets-3 with TruncationState(offset=0, completed=true) due to local high watermark 0 (kafka.server.ReplicaFetcherThread)
kafka1  | 2026-09-25T22:30:05.196824844Z [2026-09-25 22:30:05,196] INFO [UnifiedLog partition=__consumer_offsets-3, dir=/var/lib/kafka/data] Truncating to 0 has no effect as the largest offset in the log is -1 (kafka.log.UnifiedLog)
kafka1  | 2026-09-25T22:30:05.196829520Z [2026-09-25 22:30:05,196] INFO [ReplicaFetcher replicaId=1, leaderId=2, fetcherId=0] Truncating partition __consumer_offsets-36 with TruncationState(offset=0, completed=true) due to local high watermark 0 (kafka.server.ReplicaFetcherThread)
kafka1  | 2026-09-25T22:30:05.197180061Z [2026-09-25 22:30:05,196] INFO [UnifiedLog partition=__consumer_offsets-36, dir=/var/lib/kafka/data] Truncating to 0 has no effect as the largest offset in the log is -1 (kafka.log.UnifiedLog)
kafka1  | 2026-09-25T22:30:05.197355245Z [2026-09-25 22:30:05,197] INFO [ReplicaFetcher replicaId=1, leaderId=2, fetcherId=0] Truncating partition __consumer_offsets-1 with TruncationState(offset=0, completed=true) due to local high watermark 0 (kafka.server.ReplicaFetcherThread)
kafka1  | 2026-09-25T22:30:05.197371673Z [2026-09-25 22:30:05,197] INFO [UnifiedLog partition=__consumer_offsets-1, dir=/var/lib/kafka/data] Truncating to 0 has no effect as the largest offset in the log is -1 (kafka.log.UnifiedLog)
kafka1  | 2026-09-25T22:30:05.257726187Z [2026-09-25 22:30:05,257] INFO [ReplicaFetcher replicaId=1, leaderId=3, fetcherId=0] Truncating partition __consumer_offsets-15 with TruncationState(offset=0, completed=true) due to local high watermark 0 (kafka.server.ReplicaFetcherThread)
kafka1  | 2026-09-25T22:30:05.257935645Z [2026-09-25 22:30:05,257] INFO [UnifiedLog partition=__consumer_offsets-15, dir=/var/lib/kafka/data] Truncating to 0 has no effect as the largest offset in the log is -1 (kafka.log.UnifiedLog)
kafka1  | 2026-09-25T22:30:05.258174947Z [2026-09-25 22:30:05,257] INFO [ReplicaFetcher replicaId=1, leaderId=3, fetcherId=0] Truncating partition __consumer_offsets-47 with TruncationState(offset=0, completed=true) due to local high watermark 0 (kafka.server.ReplicaFetcherThread)
kafka1  | 2026-09-25T22:30:05.258189664Z [2026-09-25 22:30:05,258] INFO [UnifiedLog partition=__consumer_offsets-47, dir=/var/lib/kafka/data] Truncating to 0 has no effect as the largest offset in the log is -1 (kafka.log.UnifiedLog)
kafka1  | 2026-09-25T22:30:05.258415870Z [2026-09-25 22:30:05,258] INFO [ReplicaFetcher replicaId=1, leaderId=3, fetcherId=0] Truncating partition __consumer_offsets-43 with TruncationState(offset=0, completed=true) due to local high watermark 0 (kafka.server.ReplicaFetcherThread)
kafka1  | 2026-09-25T22:30:05.258446033Z [2026-09-25 22:30:05,258] INFO [UnifiedLog partition=__consumer_offsets-43, dir=/var/lib/kafka/data] Truncating to 0 has no effect as the largest offset in the log is -1 (kafka.log.UnifiedLog)
kafka1  | 2026-09-25T22:30:05.258807119Z [2026-09-25 22:30:05,258] INFO [ReplicaFetcher replicaId=1, leaderId=3, fetcherId=0] Truncating partition __consumer_offsets-11 with TruncationState(offset=0, completed=true) due to local high watermark 0 (kafka.server.ReplicaFetcherThread)
kafka1  | 2026-09-25T22:30:05.258836663Z [2026-09-25 22:30:05,258] INFO [UnifiedLog partition=__consumer_offsets-11, dir=/var/lib/kafka/data] Truncating to 0 has no effect as the largest offset in the log is -1 (kafka.log.UnifiedLog)
kafka1  | 2026-09-25T22:30:05.258839688Z [2026-09-25 22:30:05,258] INFO [ReplicaFetcher replicaId=1, leaderId=3, fetcherId=0] Truncating partition __consumer_offsets-12 with TruncationState(offset=0, completed=true) due to local high watermark 0 (kafka.server.ReplicaFetcherThread)
kafka1  | 2026-09-25T22:30:05.258842480Z [2026-09-25 22:30:05,258] INFO [UnifiedLog partition=__consumer_offsets-12, dir=/var/lib/kafka/data] Truncating to 0 has no effect as the largest offset in the log is -1 (kafka.log.UnifiedLog)
kafka1  | 2026-09-25T22:30:05.258944449Z [2026-09-25 22:30:05,258] INFO [ReplicaFetcher replicaId=1, leaderId=3, fetcherId=0] Truncating partition __consumer_offsets-21 with TruncationState(offset=0, completed=true) due to local high watermark 0 (kafka.server.ReplicaFetcherThread)
kafka1  | 2026-09-25T22:30:05.258953425Z [2026-09-25 22:30:05,258] INFO [UnifiedLog partition=__consumer_offsets-21, dir=/var/lib/kafka/data] Truncating to 0 has no effect as the largest offset in the log is -1 (kafka.log.UnifiedLog)
kafka1  | 2026-09-25T22:30:05.259140765Z [2026-09-25 22:30:05,258] INFO [ReplicaFetcher replicaId=1, leaderId=3, fetcherId=0] Truncating partition __consumer_offsets-18 with TruncationState(offset=0, completed=true) due to local high watermark 0 (kafka.server.ReplicaFetcherThread)
kafka1  | 2026-09-25T22:30:05.259148201Z [2026-09-25 22:30:05,259] INFO [UnifiedLog partition=__consumer_offsets-18, dir=/var/lib/kafka/data] Truncating to 0 has no effect as the largest offset in the log is -1 (kafka.log.UnifiedLog)
kafka1  | 2026-09-25T22:30:05.259150412Z [2026-09-25 22:30:05,259] INFO [ReplicaFetcher replicaId=1, leaderId=3, fetcherId=0] Truncating partition __consumer_offsets-32 with TruncationState(offset=0, completed=true) due to local high watermark 0 (kafka.server.ReplicaFetcherThread)
kafka1  | 2026-09-25T22:30:05.259330213Z [2026-09-25 22:30:05,259] INFO [UnifiedLog partition=__consumer_offsets-32, dir=/var/lib/kafka/data] Truncating to 0 has no effect as the largest offset in the log is -1 (kafka.log.UnifiedLog)
kafka1  | 2026-09-25T22:30:05.259338722Z [2026-09-25 22:30:05,259] INFO [ReplicaFetcher replicaId=1, leaderId=3, fetcherId=0] Truncating partition __consumer_offsets-29 with TruncationState(offset=0, completed=true) due to local high watermark 0 (kafka.server.ReplicaFetcherThread)
kafka1  | 2026-09-25T22:30:05.259341098Z [2026-09-25 22:30:05,259] INFO [UnifiedLog partition=__consumer_offsets-29, dir=/var/lib/kafka/data] Truncating to 0 has no effect as the largest offset in the log is -1 (kafka.log.UnifiedLog)
kafka1  | 2026-09-25T22:30:05.259522283Z [2026-09-25 22:30:05,259] INFO [ReplicaFetcher replicaId=1, leaderId=3, fetcherId=0] Truncating partition __consumer_offsets-25 with TruncationState(offset=0, completed=true) due to local high watermark 0 (kafka.server.ReplicaFetcherThread)
kafka1  | 2026-09-25T22:30:05.259556617Z [2026-09-25 22:30:05,259] INFO [UnifiedLog partition=__consumer_offsets-25, dir=/var/lib/kafka/data] Truncating to 0 has no effect as the largest offset in the log is -1 (kafka.log.UnifiedLog)
kafka1  | 2026-09-25T22:30:05.260174635Z [2026-09-25 22:30:05,259] INFO [ReplicaFetcher replicaId=1, leaderId=3, fetcherId=0] Truncating partition __consumer_offsets-39 with TruncationState(offset=0, completed=true) due to local high watermark 0 (kafka.server.ReplicaFetcherThread)
kafka1  | 2026-09-25T22:30:05.260201730Z [2026-09-25 22:30:05,259] INFO [UnifiedLog partition=__consumer_offsets-39, dir=/var/lib/kafka/data] Truncating to 0 has no effect as the largest offset in the log is -1 (kafka.log.UnifiedLog)
kafka1  | 2026-09-25T22:30:05.260328766Z [2026-09-25 22:30:05,260] INFO [ReplicaFetcher replicaId=1, leaderId=3, fetcherId=0] Truncating partition __consumer_offsets-8 with TruncationState(offset=0, completed=true) due to local high watermark 0 (kafka.server.ReplicaFetcherThread)
kafka3  | 2026-09-25T22:30:04.920700807Z [2026-09-25 22:30:04,920] INFO Created log for partition __consumer_offsets-10 in /var/lib/kafka/data/__consumer_offsets-10 with properties {cleanup.policy=compact, compression.type="producer", segment.bytes=104857600} (kafka.log.LogManager)
kafka3  | 2026-09-25T22:30:04.920734332Z [2026-09-25 22:30:04,920] INFO [Partition __consumer_offsets-10 broker=3] No checkpointed highwatermark is found for partition __consumer_offsets-10 (kafka.cluster.Partition)
kafka3  | 2026-09-25T22:30:04.920811612Z [2026-09-25 22:30:04,920] INFO [Partition __consumer_offsets-10 broker=3] Log loaded for partition __consumer_offsets-10 with initial high watermark 0 (kafka.cluster.Partition)
kafka3  | 2026-09-25T22:30:04.921047815Z [2026-09-25 22:30:04,920] INFO [Broker id=3] Follower __consumer_offsets-10 starts at leader epoch 0 from offset 0 with partition epoch 0 and high watermark 0. Current leader is 1. Previous leader Some(1) and previous leader epoch was 0. (state.change.logger)
kafka3  | 2026-09-25T22:30:04.921058223Z [2026-09-25 22:30:04,920] INFO [Broker id=3] Creating new partition __consumer_offsets-24 with topic id w2caDlcSQY-bJJSbpCk06w. (state.change.logger)
kafka3  | 2026-09-25T22:30:04.925632574Z [2026-09-25 22:30:04,925] INFO [LogLoader partition=__consumer_offsets-24, dir=/var/lib/kafka/data] Loading producer state till offset 0 with message format version 2 (kafka.log.UnifiedLog$)
kafka3  | 2026-09-25T22:30:04.926361150Z [2026-09-25 22:30:04,926] INFO Created log for partition __consumer_offsets-24 in /var/lib/kafka/data/__consumer_offsets-24 with properties {cleanup.policy=compact, compression.type="producer", segment.bytes=104857600} (kafka.log.LogManager)
kafka3  | 2026-09-25T22:30:04.926402323Z [2026-09-25 22:30:04,926] INFO [Partition __consumer_offsets-24 broker=3] No checkpointed highwatermark is found for partition __consumer_offsets-24 (kafka.cluster.Partition)
kafka3  | 2026-09-25T22:30:04.926577068Z [2026-09-25 22:30:04,926] INFO [Partition __consumer_offsets-24 broker=3] Log loaded for partition __consumer_offsets-24 with initial high watermark 0 (kafka.cluster.Partition)
kafka3  | 2026-09-25T22:30:04.926706844Z [2026-09-25 22:30:04,926] INFO [Broker id=3] Follower __consumer_offsets-24 starts at leader epoch 0 from offset 0 with partition epoch 0 and high watermark 0. Current leader is 2. Previous leader Some(2) and previous leader epoch was 0. (state.change.logger)
kafka3  | 2026-09-25T22:30:04.926828010Z [2026-09-25 22:30:04,926] INFO [Broker id=3] Creating new partition __consumer_offsets-22 with topic id w2caDlcSQY-bJJSbpCk06w. (state.change.logger)
kafka3  | 2026-09-25T22:30:04.930722351Z [2026-09-25 22:30:04,930] INFO [LogLoader partition=__consumer_offsets-22, dir=/var/lib/kafka/data] Loading producer state till offset 0 with message format version 2 (kafka.log.UnifiedLog$)
kafka3  | 2026-09-25T22:30:04.931317955Z [2026-09-25 22:30:04,931] INFO Created log for partition __consumer_offsets-22 in /var/lib/kafka/data/__consumer_offsets-22 with properties {cleanup.policy=compact, compression.type="producer", segment.bytes=104857600} (kafka.log.LogManager)
kafka3  | 2026-09-25T22:30:04.931340296Z [2026-09-25 22:30:04,931] INFO [Partition __consumer_offsets-22 broker=3] No checkpointed highwatermark is found for partition __consumer_offsets-22 (kafka.cluster.Partition)
kafka3  | 2026-09-25T22:30:04.931343359Z [2026-09-25 22:30:04,931] INFO [Partition __consumer_offsets-22 broker=3] Log loaded for partition __consumer_offsets-22 with initial high watermark 0 (kafka.cluster.Partition)
kafka3  | 2026-09-25T22:30:04.931501294Z [2026-09-25 22:30:04,931] INFO [Broker id=3] Follower __consumer_offsets-22 starts at leader epoch 0 from offset 0 with partition epoch 0 and high watermark 0. Current leader is 2. Previous leader Some(2) and previous leader epoch was 0. (state.change.logger)
kafka3  | 2026-09-25T22:30:04.931600270Z [2026-09-25 22:30:04,931] INFO [Broker id=3] Creating new partition __consumer_offsets-20 with topic id w2caDlcSQY-bJJSbpCk06w. (state.change.logger)
kafka3  | 2026-09-25T22:30:04.936596674Z [2026-09-25 22:30:04,936] INFO [LogLoader partition=__consumer_offsets-20, dir=/var/lib/kafka/data] Loading producer state till offset 0 with message format version 2 (kafka.log.UnifiedLog$)
kafka3  | 2026-09-25T22:30:04.937616355Z [2026-09-25 22:30:04,937] INFO Created log for partition __consumer_offsets-20 in /var/lib/kafka/data/__consumer_offsets-20 with properties {cleanup.policy=compact, compression.type="producer", segment.bytes=104857600} (kafka.log.LogManager)
kafka3  | 2026-09-25T22:30:04.937650268Z [2026-09-25 22:30:04,937] INFO [Partition __consumer_offsets-20 broker=3] No checkpointed highwatermark is found for partition __consumer_offsets-20 (kafka.cluster.Partition)
kafka3  | 2026-09-25T22:30:04.937694202Z [2026-09-25 22:30:04,937] INFO [Partition __consumer_offsets-20 broker=3] Log loaded for partition __consumer_offsets-20 with initial high watermark 0 (kafka.cluster.Partition)
kafka3  | 2026-09-25T22:30:04.937841281Z [2026-09-25 22:30:04,937] INFO [Broker id=3] Follower __consumer_offsets-20 starts at leader epoch 0 from offset 0 with partition epoch 0 and high watermark 0. Current leader is 1. Previous leader Some(1) and previous leader epoch was 0. (state.change.logger)
kafka3  | 2026-09-25T22:30:04.937877640Z [2026-09-25 22:30:04,937] INFO [Broker id=3] Creating new partition __consumer_offsets-49 with topic id w2caDlcSQY-bJJSbpCk06w. (state.change.logger)
kafka3  | 2026-09-25T22:30:04.942249606Z [2026-09-25 22:30:04,941] INFO [LogLoader partition=__consumer_offsets-49, dir=/var/lib/kafka/data] Loading producer state till offset 0 with message format version 2 (kafka.log.UnifiedLog$)
kafka3  | 2026-09-25T22:30:04.942706211Z [2026-09-25 22:30:04,942] INFO Created log for partition __consumer_offsets-49 in /var/lib/kafka/data/__consumer_offsets-49 with properties {cleanup.policy=compact, compression.type="producer", segment.bytes=104857600} (kafka.log.LogManager)
kafka3  | 2026-09-25T22:30:04.942736041Z [2026-09-25 22:30:04,942] INFO [Partition __consumer_offsets-49 broker=3] No checkpointed highwatermark is found for partition __consumer_offsets-49 (kafka.cluster.Partition)
kafka3  | 2026-09-25T22:30:04.943091560Z [2026-09-25 22:30:04,942] INFO [Partition __consumer_offsets-49 broker=3] Log loaded for partition __consumer_offsets-49 with initial high watermark 0 (kafka.cluster.Partition)
kafka3  | 2026-09-25T22:30:04.943110201Z [2026-09-25 22:30:04,943] INFO [Broker id=3] Follower __consumer_offsets-49 starts at leader epoch 0 from offset 0 with partition epoch 0 and high watermark 0. Current leader is 2. Previous leader Some(2) and previous leader epoch was 0. (state.change.logger)
kafka3  | 2026-09-25T22:30:04.943358106Z [2026-09-25 22:30:04,943] INFO [Broker id=3] Creating new partition __consumer_offsets-31 with topic id w2caDlcSQY-bJJSbpCk06w. (state.change.logger)
kafka3  | 2026-09-25T22:30:04.947393162Z [2026-09-25 22:30:04,947] INFO [LogLoader partition=__consumer_offsets-31, dir=/var/lib/kafka/data] Loading producer state till offset 0 with message format version 2 (kafka.log.UnifiedLog$)
kafka3  | 2026-09-25T22:30:04.948243205Z [2026-09-25 22:30:04,948] INFO Created log for partition __consumer_offsets-31 in /var/lib/kafka/data/__consumer_offsets-31 with properties {cleanup.policy=compact, compression.type="producer", segment.bytes=104857600} (kafka.log.LogManager)
kafka3  | 2026-09-25T22:30:04.948332891Z [2026-09-25 22:30:04,948] INFO [Partition __consumer_offsets-31 broker=3] No checkpointed highwatermark is found for partition __consumer_offsets-31 (kafka.cluster.Partition)
kafka3  | 2026-09-25T22:30:04.948342890Z [2026-09-25 22:30:04,948] INFO [Partition __consumer_offsets-31 broker=3] Log loaded for partition __consumer_offsets-31 with initial high watermark 0 (kafka.cluster.Partition)
kafka3  | 2026-09-25T22:30:04.948487939Z [2026-09-25 22:30:04,948] INFO [Broker id=3] Follower __consumer_offsets-31 starts at leader epoch 0 from offset 0 with partition epoch 0 and high watermark 0. Current leader is 2. Previous leader Some(2) and previous leader epoch was 0. (state.change.logger)
kafka3  | 2026-09-25T22:30:04.948583377Z [2026-09-25 22:30:04,948] INFO [Broker id=3] Creating new partition __consumer_offsets-0 with topic id w2caDlcSQY-bJJSbpCk06w. (state.change.logger)
kafka3  | 2026-09-25T22:30:04.952233060Z [2026-09-25 22:30:04,952] INFO [LogLoader partition=__consumer_offsets-0, dir=/var/lib/kafka/data] Loading producer state till offset 0 with message format version 2 (kafka.log.UnifiedLog$)
kafka3  | 2026-09-25T22:30:04.953120781Z [2026-09-25 22:30:04,952] INFO Created log for partition __consumer_offsets-0 in /var/lib/kafka/data/__consumer_offsets-0 with properties {cleanup.policy=compact, compression.type="producer", segment.bytes=104857600} (kafka.log.LogManager)
kafka3  | 2026-09-25T22:30:04.953137257Z [2026-09-25 22:30:04,952] INFO [Partition __consumer_offsets-0 broker=3] No checkpointed highwatermark is found for partition __consumer_offsets-0 (kafka.cluster.Partition)
kafka3  | 2026-09-25T22:30:04.953139417Z [2026-09-25 22:30:04,953] INFO [Partition __consumer_offsets-0 broker=3] Log loaded for partition __consumer_offsets-0 with initial high watermark 0 (kafka.cluster.Partition)
kafka3  | 2026-09-25T22:30:04.953314467Z [2026-09-25 22:30:04,953] INFO [Broker id=3] Follower __consumer_offsets-0 starts at leader epoch 0 from offset 0 with partition epoch 0 and high watermark 0. Current leader is 1. Previous leader Some(1) and previous leader epoch was 0. (state.change.logger)
kafka3  | 2026-09-25T22:30:04.953360864Z [2026-09-25 22:30:04,953] INFO [Broker id=3] Creating new partition __consumer_offsets-27 with topic id w2caDlcSQY-bJJSbpCk06w. (state.change.logger)
kafka3  | 2026-09-25T22:30:04.956887444Z [2026-09-25 22:30:04,956] INFO [LogLoader partition=__consumer_offsets-27, dir=/var/lib/kafka/data] Loading producer state till offset 0 with message format version 2 (kafka.log.UnifiedLog$)
kafka3  | 2026-09-25T22:30:04.957678677Z [2026-09-25 22:30:04,957] INFO Created log for partition __consumer_offsets-27 in /var/lib/kafka/data/__consumer_offsets-27 with properties {cleanup.policy=compact, compression.type="producer", segment.bytes=104857600} (kafka.log.LogManager)
kafka3  | 2026-09-25T22:30:04.957719370Z [2026-09-25 22:30:04,957] INFO [Partition __consumer_offsets-27 broker=3] No checkpointed highwatermark is found for partition __consumer_offsets-27 (kafka.cluster.Partition)
kafka3  | 2026-09-25T22:30:04.957724227Z [2026-09-25 22:30:04,957] INFO [Partition __consumer_offsets-27 broker=3] Log loaded for partition __consumer_offsets-27 with initial high watermark 0 (kafka.cluster.Partition)
kafka3  | 2026-09-25T22:30:04.957891116Z [2026-09-25 22:30:04,957] INFO [Broker id=3] Follower __consumer_offsets-27 starts at leader epoch 0 from offset 0 with partition epoch 0 and high watermark 0. Current leader is 2. Previous leader Some(2) and previous leader epoch was 0. (state.change.logger)
kafka3  | 2026-09-25T22:30:04.958052907Z [2026-09-25 22:30:04,957] INFO [Broker id=3] Creating new partition __consumer_offsets-37 with topic id w2caDlcSQY-bJJSbpCk06w. (state.change.logger)
kafka3  | 2026-09-25T22:30:04.961726959Z [2026-09-25 22:30:04,961] INFO [LogLoader partition=__consumer_offsets-37, dir=/var/lib/kafka/data] Loading producer state till offset 0 with message format version 2 (kafka.log.UnifiedLog$)
kafka3  | 2026-09-25T22:30:04.962462096Z [2026-09-25 22:30:04,962] INFO Created log for partition __consumer_offsets-37 in /var/lib/kafka/data/__consumer_offsets-37 with properties {cleanup.policy=compact, compression.type="producer", segment.bytes=104857600} (kafka.log.LogManager)
kafka3  | 2026-09-25T22:30:04.962511015Z [2026-09-25 22:30:04,962] INFO [Partition __consumer_offsets-37 broker=3] No checkpointed highwatermark is found for partition __consumer_offsets-37 (kafka.cluster.Partition)
kafka3  | 2026-09-25T22:30:04.962811384Z [2026-09-25 22:30:04,962] INFO [Partition __consumer_offsets-37 broker=3] Log loaded for partition __consumer_offsets-37 with initial high watermark 0 (kafka.cluster.Partition)
kafka2  | 2026-09-25T22:30:04.847330656Z [2026-09-25 22:30:04,847] INFO [GroupCoordinator 2]: Elected as the group coordinator for partition 49 in epoch 0 (kafka.coordinator.group.GroupCoordinator)
kafka2  | 2026-09-25T22:30:04.847332657Z [2026-09-25 22:30:04,847] INFO [GroupMetadataManager brokerId=2] Scheduling loading of offsets and group metadata from __consumer_offsets-49 for epoch 0 (kafka.coordinator.group.GroupMetadataManager)
kafka2  | 2026-09-25T22:30:04.847334665Z [2026-09-25 22:30:04,847] INFO [GroupCoordinator 2]: Elected as the group coordinator for partition 31 in epoch 0 (kafka.coordinator.group.GroupCoordinator)
kafka2  | 2026-09-25T22:30:04.847336439Z [2026-09-25 22:30:04,847] INFO [GroupMetadataManager brokerId=2] Scheduling loading of offsets and group metadata from __consumer_offsets-31 for epoch 0 (kafka.coordinator.group.GroupMetadataManager)
kafka2  | 2026-09-25T22:30:04.847338136Z [2026-09-25 22:30:04,847] INFO [GroupCoordinator 2]: Elected as the group coordinator for partition 27 in epoch 0 (kafka.coordinator.group.GroupCoordinator)
kafka2  | 2026-09-25T22:30:04.847339888Z [2026-09-25 22:30:04,847] INFO [GroupMetadataManager brokerId=2] Scheduling loading of offsets and group metadata from __consumer_offsets-27 for epoch 0 (kafka.coordinator.group.GroupMetadataManager)
kafka2  | 2026-09-25T22:30:04.847341732Z [2026-09-25 22:30:04,847] INFO [GroupCoordinator 2]: Elected as the group coordinator for partition 7 in epoch 0 (kafka.coordinator.group.GroupCoordinator)
kafka2  | 2026-09-25T22:30:04.847343955Z [2026-09-25 22:30:04,847] INFO [GroupMetadataManager brokerId=2] Scheduling loading of offsets and group metadata from __consumer_offsets-7 for epoch 0 (kafka.coordinator.group.GroupMetadataManager)
kafka2  | 2026-09-25T22:30:04.847345792Z [2026-09-25 22:30:04,847] INFO [GroupCoordinator 2]: Elected as the group coordinator for partition 3 in epoch 0 (kafka.coordinator.group.GroupCoordinator)
kafka2  | 2026-09-25T22:30:04.847347384Z [2026-09-25 22:30:04,847] INFO [GroupMetadataManager brokerId=2] Scheduling loading of offsets and group metadata from __consumer_offsets-3 for epoch 0 (kafka.coordinator.group.GroupMetadataManager)
kafka2  | 2026-09-25T22:30:04.847348883Z [2026-09-25 22:30:04,847] INFO [GroupCoordinator 2]: Elected as the group coordinator for partition 35 in epoch 0 (kafka.coordinator.group.GroupCoordinator)
kafka2  | 2026-09-25T22:30:04.847350720Z [2026-09-25 22:30:04,847] INFO [GroupMetadataManager brokerId=2] Scheduling loading of offsets and group metadata from __consumer_offsets-35 for epoch 0 (kafka.coordinator.group.GroupMetadataManager)
kafka2  | 2026-09-25T22:30:04.847352821Z [2026-09-25 22:30:04,847] INFO [GroupCoordinator 2]: Elected as the group coordinator for partition 36 in epoch 0 (kafka.coordinator.group.GroupCoordinator)
kafka2  | 2026-09-25T22:30:04.847354325Z [2026-09-25 22:30:04,847] INFO [GroupMetadataManager brokerId=2] Scheduling loading of offsets and group metadata from __consumer_offsets-36 for epoch 0 (kafka.coordinator.group.GroupMetadataManager)
kafka2  | 2026-09-25T22:30:04.847358092Z [2026-09-25 22:30:04,847] INFO [GroupCoordinator 2]: Elected as the group coordinator for partition 1 in epoch 0 (kafka.coordinator.group.GroupCoordinator)
kafka2  | 2026-09-25T22:30:04.847360029Z [2026-09-25 22:30:04,847] INFO [GroupMetadataManager brokerId=2] Scheduling loading of offsets and group metadata from __consumer_offsets-1 for epoch 0 (kafka.coordinator.group.GroupMetadataManager)
kafka2  | 2026-09-25T22:30:04.850479063Z [2026-09-25 22:30:04,850] INFO [GroupCoordinator 2]: Resigned as the group coordinator for partition 15 in epoch OptionalInt[0] (kafka.coordinator.group.GroupCoordinator)
kafka2  | 2026-09-25T22:30:04.852118342Z [2026-09-25 22:30:04,851] INFO [GroupMetadataManager brokerId=2] Scheduling unloading of offsets and group metadata from __consumer_offsets-15 (kafka.coordinator.group.GroupMetadataManager)
kafka2  | 2026-09-25T22:30:04.852638320Z [2026-09-25 22:30:04,852] INFO [GroupCoordinator 2]: Resigned as the group coordinator for partition 48 in epoch OptionalInt[0] (kafka.coordinator.group.GroupCoordinator)
kafka2  | 2026-09-25T22:30:04.852664383Z [2026-09-25 22:30:04,852] INFO [GroupMetadataManager brokerId=2] Scheduling unloading of offsets and group metadata from __consumer_offsets-48 (kafka.coordinator.group.GroupMetadataManager)
kafka2  | 2026-09-25T22:30:04.852787070Z [2026-09-25 22:30:04,852] INFO [GroupCoordinator 2]: Resigned as the group coordinator for partition 13 in epoch OptionalInt[0] (kafka.coordinator.group.GroupCoordinator)
kafka2  | 2026-09-25T22:30:04.852791730Z [2026-09-25 22:30:04,852] INFO [GroupMetadataManager brokerId=2] Scheduling unloading of offsets and group metadata from __consumer_offsets-13 (kafka.coordinator.group.GroupMetadataManager)
kafka2  | 2026-09-25T22:30:04.852793256Z [2026-09-25 22:30:04,852] INFO [GroupCoordinator 2]: Resigned as the group coordinator for partition 11 in epoch OptionalInt[0] (kafka.coordinator.group.GroupCoordinator)
kafka2  | 2026-09-25T22:30:04.852794626Z [2026-09-25 22:30:04,852] INFO [GroupMetadataManager brokerId=2] Scheduling unloading of offsets and group metadata from __consumer_offsets-11 (kafka.coordinator.group.GroupMetadataManager)
kafka2  | 2026-09-25T22:30:04.852795968Z [2026-09-25 22:30:04,852] INFO [GroupCoordinator 2]: Resigned as the group coordinator for partition 42 in epoch OptionalInt[0] (kafka.coordinator.group.GroupCoordinator)
kafka2  | 2026-09-25T22:30:04.852797260Z [2026-09-25 22:30:04,852] INFO [GroupMetadataManager brokerId=2] Scheduling unloading of offsets and group metadata from __consumer_offsets-42 (kafka.coordinator.group.GroupMetadataManager)
kafka2  | 2026-09-25T22:30:04.852798639Z [2026-09-25 22:30:04,852] INFO [GroupCoordinator 2]: Resigned as the group coordinator for partition 23 in epoch OptionalInt[0] (kafka.coordinator.group.GroupCoordinator)
kafka2  | 2026-09-25T22:30:04.852799937Z [2026-09-25 22:30:04,852] INFO [GroupMetadataManager brokerId=2] Scheduling unloading of offsets and group metadata from __consumer_offsets-23 (kafka.coordinator.group.GroupMetadataManager)
kafka2  | 2026-09-25T22:30:04.852806080Z [2026-09-25 22:30:04,852] INFO [GroupCoordinator 2]: Resigned as the group coordinator for partition 21 in epoch OptionalInt[0] (kafka.coordinator.group.GroupCoordinator)
kafka2  | 2026-09-25T22:30:04.852941920Z [2026-09-25 22:30:04,852] INFO [GroupMetadataManager brokerId=2] Scheduling unloading of offsets and group metadata from __consumer_offsets-21 (kafka.coordinator.group.GroupMetadataManager)
kafka2  | 2026-09-25T22:30:04.853224345Z [2026-09-25 22:30:04,853] INFO [GroupCoordinator 2]: Resigned as the group coordinator for partition 32 in epoch OptionalInt[0] (kafka.coordinator.group.GroupCoordinator)
kafka2  | 2026-09-25T22:30:04.853237383Z [2026-09-25 22:30:04,853] INFO [GroupMetadataManager brokerId=2] Scheduling unloading of offsets and group metadata from __consumer_offsets-32 (kafka.coordinator.group.GroupMetadataManager)
kafka2  | 2026-09-25T22:30:04.853502167Z [2026-09-25 22:30:04,853] INFO [GroupCoordinator 2]: Resigned as the group coordinator for partition 30 in epoch OptionalInt[0] (kafka.coordinator.group.GroupCoordinator)
kafka2  | 2026-09-25T22:30:04.853522337Z [2026-09-25 22:30:04,853] INFO [GroupMetadataManager brokerId=2] Scheduling unloading of offsets and group metadata from __consumer_offsets-30 (kafka.coordinator.group.GroupMetadataManager)
kafka2  | 2026-09-25T22:30:04.854456363Z [2026-09-25 22:30:04,854] INFO [GroupCoordinator 2]: Resigned as the group coordinator for partition 28 in epoch OptionalInt[0] (kafka.coordinator.group.GroupCoordinator)
kafka2  | 2026-09-25T22:30:04.854505597Z [2026-09-25 22:30:04,854] INFO [GroupMetadataManager brokerId=2] Scheduling unloading of offsets and group metadata from __consumer_offsets-28 (kafka.coordinator.group.GroupMetadataManager)
kafka2  | 2026-09-25T22:30:04.854699966Z [2026-09-25 22:30:04,854] INFO [GroupCoordinator 2]: Resigned as the group coordinator for partition 26 in epoch OptionalInt[0] (kafka.coordinator.group.GroupCoordinator)
kafka2  | 2026-09-25T22:30:04.854716763Z [2026-09-25 22:30:04,854] INFO [GroupMetadataManager brokerId=2] Scheduling unloading of offsets and group metadata from __consumer_offsets-26 (kafka.coordinator.group.GroupMetadataManager)
kafka2  | 2026-09-25T22:30:04.854900352Z [2026-09-25 22:30:04,854] INFO [GroupCoordinator 2]: Resigned as the group coordinator for partition 40 in epoch OptionalInt[0] (kafka.coordinator.group.GroupCoordinator)
kafka2  | 2026-09-25T22:30:04.854913429Z [2026-09-25 22:30:04,854] INFO [GroupMetadataManager brokerId=2] Scheduling unloading of offsets and group metadata from __consumer_offsets-40 (kafka.coordinator.group.GroupMetadataManager)
kafka2  | 2026-09-25T22:30:04.859086482Z [2026-09-25 22:30:04,854] INFO [GroupCoordinator 2]: Resigned as the group coordinator for partition 5 in epoch OptionalInt[0] (kafka.coordinator.group.GroupCoordinator)
kafka2  | 2026-09-25T22:30:04.859141406Z [2026-09-25 22:30:04,854] INFO [GroupMetadataManager brokerId=2] Scheduling unloading of offsets and group metadata from __consumer_offsets-5 (kafka.coordinator.group.GroupMetadataManager)
kafka2  | 2026-09-25T22:30:04.859145719Z [2026-09-25 22:30:04,854] INFO [GroupCoordinator 2]: Resigned as the group coordinator for partition 38 in epoch OptionalInt[0] (kafka.coordinator.group.GroupCoordinator)
kafka2  | 2026-09-25T22:30:04.859151089Z [2026-09-25 22:30:04,855] INFO [GroupMetadataManager brokerId=2] Scheduling unloading of offsets and group metadata from __consumer_offsets-38 (kafka.coordinator.group.GroupMetadataManager)
kafka2  | 2026-09-25T22:30:04.859152665Z [2026-09-25 22:30:04,855] INFO [GroupCoordinator 2]: Resigned as the group coordinator for partition 34 in epoch OptionalInt[0] (kafka.coordinator.group.GroupCoordinator)
kafka2  | 2026-09-25T22:30:04.859154235Z [2026-09-25 22:30:04,855] INFO [GroupMetadataManager brokerId=2] Scheduling unloading of offsets and group metadata from __consumer_offsets-34 (kafka.coordinator.group.GroupMetadataManager)
kafka2  | 2026-09-25T22:30:04.859171708Z [2026-09-25 22:30:04,855] INFO [GroupCoordinator 2]: Resigned as the group coordinator for partition 47 in epoch OptionalInt[0] (kafka.coordinator.group.GroupCoordinator)
kafka2  | 2026-09-25T22:30:04.859174418Z [2026-09-25 22:30:04,855] INFO [GroupMetadataManager brokerId=2] Scheduling unloading of offsets and group metadata from __consumer_offsets-47 (kafka.coordinator.group.GroupMetadataManager)
kafka2  | 2026-09-25T22:30:04.859175887Z [2026-09-25 22:30:04,855] INFO [GroupCoordinator 2]: Resigned as the group coordinator for partition 16 in epoch OptionalInt[0] (kafka.coordinator.group.GroupCoordinator)
kafka2  | 2026-09-25T22:30:04.859177569Z [2026-09-25 22:30:04,855] INFO [GroupMetadataManager brokerId=2] Scheduling unloading of offsets and group metadata from __consumer_offsets-16 (kafka.coordinator.group.GroupMetadataManager)
kafka2  | 2026-09-25T22:30:04.859178942Z [2026-09-25 22:30:04,855] INFO [GroupCoordinator 2]: Resigned as the group coordinator for partition 45 in epoch OptionalInt[0] (kafka.coordinator.group.GroupCoordinator)
kafka2  | 2026-09-25T22:30:04.859185868Z [2026-09-25 22:30:04,855] INFO [GroupMetadataManager brokerId=2] Scheduling unloading of offsets and group metadata from __consumer_offsets-45 (kafka.coordinator.group.GroupMetadataManager)
kafka2  | 2026-09-25T22:30:04.859187636Z [2026-09-25 22:30:04,855] INFO [GroupCoordinator 2]: Resigned as the group coordinator for partition 43 in epoch OptionalInt[0] (kafka.coordinator.group.GroupCoordinator)
kafka2  | 2026-09-25T22:30:04.859197330Z [2026-09-25 22:30:04,855] INFO [GroupMetadataManager brokerId=2] Scheduling unloading of offsets and group metadata from __consumer_offsets-43 (kafka.coordinator.group.GroupMetadataManager)
kafka2  | 2026-09-25T22:30:04.859199009Z [2026-09-25 22:30:04,855] INFO [GroupCoordinator 2]: Resigned as the group coordinator for partition 12 in epoch OptionalInt[0] (kafka.coordinator.group.GroupCoordinator)
kafka2  | 2026-09-25T22:30:04.859200696Z [2026-09-25 22:30:04,855] INFO [GroupMetadataManager brokerId=2] Scheduling unloading of offsets and group metadata from __consumer_offsets-12 (kafka.coordinator.group.GroupMetadataManager)
kafka2  | 2026-09-25T22:30:04.859205264Z [2026-09-25 22:30:04,855] INFO [GroupCoordinator 2]: Resigned as the group coordinator for partition 10 in epoch OptionalInt[0] (kafka.coordinator.group.GroupCoordinator)
kafka2  | 2026-09-25T22:30:04.859222853Z [2026-09-25 22:30:04,855] INFO [GroupMetadataManager brokerId=2] Scheduling unloading of offsets and group metadata from __consumer_offsets-10 (kafka.coordinator.group.GroupMetadataManager)
kafka2  | 2026-09-25T22:30:04.859349508Z [2026-09-25 22:30:04,855] INFO [GroupCoordinator 2]: Resigned as the group coordinator for partition 20 in epoch OptionalInt[0] (kafka.coordinator.group.GroupCoordinator)
kafka2  | 2026-09-25T22:30:04.861755875Z [2026-09-25 22:30:04,859] INFO [GroupMetadataManager brokerId=2] Scheduling unloading of offsets and group metadata from __consumer_offsets-20 (kafka.coordinator.group.GroupMetadataManager)
kafka2  | 2026-09-25T22:30:04.862659917Z [2026-09-25 22:30:04,859] INFO [GroupCoordinator 2]: Resigned as the group coordinator for partition 18 in epoch OptionalInt[0] (kafka.coordinator.group.GroupCoordinator)
kafka2  | 2026-09-25T22:30:04.862682532Z [2026-09-25 22:30:04,859] INFO [GroupMetadataManager brokerId=2] Scheduling unloading of offsets and group metadata from __consumer_offsets-18 (kafka.coordinator.group.GroupMetadataManager)
kafka3  | 2026-09-25T22:30:04.963047934Z [2026-09-25 22:30:04,962] INFO [Broker id=3] Follower __consumer_offsets-37 starts at leader epoch 0 from offset 0 with partition epoch 0 and high watermark 0. Current leader is 1. Previous leader Some(1) and previous leader epoch was 0. (state.change.logger)
kafka3  | 2026-09-25T22:30:04.963160139Z [2026-09-25 22:30:04,963] INFO [Broker id=3] Creating new partition __consumer_offsets-6 with topic id w2caDlcSQY-bJJSbpCk06w. (state.change.logger)
kafka3  | 2026-09-25T22:30:04.966386186Z [2026-09-25 22:30:04,966] INFO [LogLoader partition=__consumer_offsets-6, dir=/var/lib/kafka/data] Loading producer state till offset 0 with message format version 2 (kafka.log.UnifiedLog$)
kafka3  | 2026-09-25T22:30:04.967929673Z [2026-09-25 22:30:04,967] INFO Created log for partition __consumer_offsets-6 in /var/lib/kafka/data/__consumer_offsets-6 with properties {cleanup.policy=compact, compression.type="producer", segment.bytes=104857600} (kafka.log.LogManager)
kafka3  | 2026-09-25T22:30:04.968145147Z [2026-09-25 22:30:04,967] INFO [Partition __consumer_offsets-6 broker=3] No checkpointed highwatermark is found for partition __consumer_offsets-6 (kafka.cluster.Partition)
kafka3  | 2026-09-25T22:30:04.968174030Z [2026-09-25 22:30:04,967] INFO [Partition __consumer_offsets-6 broker=3] Log loaded for partition __consumer_offsets-6 with initial high watermark 0 (kafka.cluster.Partition)
kafka3  | 2026-09-25T22:30:04.968176327Z [2026-09-25 22:30:04,967] INFO [Broker id=3] Follower __consumer_offsets-6 starts at leader epoch 0 from offset 0 with partition epoch 0 and high watermark 0. Current leader is 1. Previous leader Some(1) and previous leader epoch was 0. (state.change.logger)
kafka3  | 2026-09-25T22:30:04.968374612Z [2026-09-25 22:30:04,968] INFO [Broker id=3] Creating new partition __consumer_offsets-35 with topic id w2caDlcSQY-bJJSbpCk06w. (state.change.logger)
kafka3  | 2026-09-25T22:30:04.973239175Z [2026-09-25 22:30:04,972] INFO [LogLoader partition=__consumer_offsets-35, dir=/var/lib/kafka/data] Loading producer state till offset 0 with message format version 2 (kafka.log.UnifiedLog$)
kafka3  | 2026-09-25T22:30:04.973958104Z [2026-09-25 22:30:04,973] INFO Created log for partition __consumer_offsets-35 in /var/lib/kafka/data/__consumer_offsets-35 with properties {cleanup.policy=compact, compression.type="producer", segment.bytes=104857600} (kafka.log.LogManager)
kafka3  | 2026-09-25T22:30:04.973980695Z [2026-09-25 22:30:04,973] INFO [Partition __consumer_offsets-35 broker=3] No checkpointed highwatermark is found for partition __consumer_offsets-35 (kafka.cluster.Partition)
kafka3  | 2026-09-25T22:30:04.974064379Z [2026-09-25 22:30:04,973] INFO [Partition __consumer_offsets-35 broker=3] Log loaded for partition __consumer_offsets-35 with initial high watermark 0 (kafka.cluster.Partition)
kafka3  | 2026-09-25T22:30:04.974074022Z [2026-09-25 22:30:04,974] INFO [Broker id=3] Follower __consumer_offsets-35 starts at leader epoch 0 from offset 0 with partition epoch 0 and high watermark 0. Current leader is 2. Previous leader Some(2) and previous leader epoch was 0. (state.change.logger)
kafka3  | 2026-09-25T22:30:04.974313687Z [2026-09-25 22:30:04,974] INFO [Broker id=3] Creating new partition __consumer_offsets-33 with topic id w2caDlcSQY-bJJSbpCk06w. (state.change.logger)
kafka3  | 2026-09-25T22:30:04.978263625Z [2026-09-25 22:30:04,977] INFO [LogLoader partition=__consumer_offsets-33, dir=/var/lib/kafka/data] Loading producer state till offset 0 with message format version 2 (kafka.log.UnifiedLog$)
kafka3  | 2026-09-25T22:30:04.979887598Z [2026-09-25 22:30:04,979] INFO Created log for partition __consumer_offsets-33 in /var/lib/kafka/data/__consumer_offsets-33 with properties {cleanup.policy=compact, compression.type="producer", segment.bytes=104857600} (kafka.log.LogManager)
kafka3  | 2026-09-25T22:30:04.979927900Z [2026-09-25 22:30:04,979] INFO [Partition __consumer_offsets-33 broker=3] No checkpointed highwatermark is found for partition __consumer_offsets-33 (kafka.cluster.Partition)
kafka3  | 2026-09-25T22:30:04.979931964Z [2026-09-25 22:30:04,979] INFO [Partition __consumer_offsets-33 broker=3] Log loaded for partition __consumer_offsets-33 with initial high watermark 0 (kafka.cluster.Partition)
kafka3  | 2026-09-25T22:30:04.980140197Z [2026-09-25 22:30:04,979] INFO [Broker id=3] Follower __consumer_offsets-33 starts at leader epoch 0 from offset 0 with partition epoch 0 and high watermark 0. Current leader is 1. Previous leader Some(1) and previous leader epoch was 0. (state.change.logger)
kafka3  | 2026-09-25T22:30:04.981385701Z [2026-09-25 22:30:04,981] INFO [ReplicaFetcherManager on broker 3] Removed fetcher for partitions Set(__consumer_offsets-48, __consumer_offsets-13, __consumer_offsets-46, __consumer_offsets-44, __consumer_offsets-9, __consumer_offsets-42, __consumer_offsets-23, __consumer_offsets-19, __consumer_offsets-17, __consumer_offsets-30, __consumer_offsets-28, __consumer_offsets-26, __consumer_offsets-7, __consumer_offsets-40, __consumer_offsets-5, __consumer_offsets-3, __consumer_offsets-36, __consumer_offsets-1, __consumer_offsets-16, __consumer_offsets-45, __consumer_offsets-14, __consumer_offsets-41, __consumer_offsets-10, __consumer_offsets-24, __consumer_offsets-22, __consumer_offsets-20, __consumer_offsets-49, __consumer_offsets-31, __consumer_offsets-0, __consumer_offsets-27, __consumer_offsets-37, __consumer_offsets-6, __consumer_offsets-35, __consumer_offsets-33) (kafka.server.ReplicaFetcherManager)
kafka3  | 2026-09-25T22:30:04.981429787Z [2026-09-25 22:30:04,981] INFO [Broker id=3] Stopped fetchers as part of become-follower for 34 partitions (state.change.logger)
kafka3  | 2026-09-25T22:30:04.984647067Z [2026-09-25 22:30:04,984] INFO [ReplicaFetcherManager on broker 3] Added fetcher to broker 1 for partitions HashMap(__consumer_offsets-16 -> InitialFetchState(Some(w2caDlcSQY-bJJSbpCk06w),BrokerEndPoint(id=1, host=kafka1:9092),0,0), __consumer_offsets-48 -> InitialFetchState(Some(w2caDlcSQY-bJJSbpCk06w),BrokerEndPoint(id=1, host=kafka1:9092),0,0), __consumer_offsets-13 -> InitialFetchState(Some(w2caDlcSQY-bJJSbpCk06w),BrokerEndPoint(id=1, host=kafka1:9092),0,0), __consumer_offsets-45 -> InitialFetchState(Some(w2caDlcSQY-bJJSbpCk06w),BrokerEndPoint(id=1, host=kafka1:9092),0,0), __consumer_offsets-42 -> InitialFetchState(Some(w2caDlcSQY-bJJSbpCk06w),BrokerEndPoint(id=1, host=kafka1:9092),0,0), __consumer_offsets-10 -> InitialFetchState(Some(w2caDlcSQY-bJJSbpCk06w),BrokerEndPoint(id=1, host=kafka1:9092),0,0), __consumer_offsets-23 -> InitialFetchState(Some(w2caDlcSQY-bJJSbpCk06w),BrokerEndPoint(id=1, host=kafka1:9092),0,0), __consumer_offsets-20 -> InitialFetchState(Some(w2caDlcSQY-bJJSbpCk06w),BrokerEndPoint(id=1, host=kafka1:9092),0,0), __consumer_offsets-0 -> InitialFetchState(Some(w2caDlcSQY-bJJSbpCk06w),BrokerEndPoint(id=1, host=kafka1:9092),0,0), __consumer_offsets-30 -> InitialFetchState(Some(w2caDlcSQY-bJJSbpCk06w),BrokerEndPoint(id=1, host=kafka1:9092),0,0), __consumer_offsets-28 -> InitialFetchState(Some(w2caDlcSQY-bJJSbpCk06w),BrokerEndPoint(id=1, host=kafka1:9092),0,0), __consumer_offsets-26 -> InitialFetchState(Some(w2caDlcSQY-bJJSbpCk06w),BrokerEndPoint(id=1, host=kafka1:9092),0,0), __consumer_offsets-40 -> InitialFetchState(Some(w2caDlcSQY-bJJSbpCk06w),BrokerEndPoint(id=1, host=kafka1:9092),0,0), __consumer_offsets-37 -> InitialFetchState(Some(w2caDlcSQY-bJJSbpCk06w),BrokerEndPoint(id=1, host=kafka1:9092),0,0), __consumer_offsets-5 -> InitialFetchState(Some(w2caDlcSQY-bJJSbpCk06w),BrokerEndPoint(id=1, host=kafka1:9092),0,0), __consumer_offsets-6 -> InitialFetchState(Some(w2caDlcSQY-bJJSbpCk06w),BrokerEndPoint(id=1, host=kafka1:9092),0,0), __consumer_offsets-33 -> InitialFetchState(Some(w2caDlcSQY-bJJSbpCk06w),BrokerEndPoint(id=1, host=kafka1:9092),0,0)) (kafka.server.ReplicaFetcherManager)
kafka3  | 2026-09-25T22:30:04.985194125Z [2026-09-25 22:30:04,984] INFO [ReplicaFetcherManager on broker 3] Added fetcher to broker 2 for partitions HashMap(__consumer_offsets-14 -> InitialFetchState(Some(w2caDlcSQY-bJJSbpCk06w),BrokerEndPoint(id=2, host=kafka2:9092),0,0), __consumer_offsets-46 -> InitialFetchState(Some(w2caDlcSQY-bJJSbpCk06w),BrokerEndPoint(id=2, host=kafka2:9092),0,0), __consumer_offsets-44 -> InitialFetchState(Some(w2caDlcSQY-bJJSbpCk06w),BrokerEndPoint(id=2, host=kafka2:9092),0,0), __consumer_offsets-41 -> InitialFetchState(Some(w2caDlcSQY-bJJSbpCk06w),BrokerEndPoint(id=2, host=kafka2:9092),0,0), __consumer_offsets-9 -> InitialFetchState(Some(w2caDlcSQY-bJJSbpCk06w),BrokerEndPoint(id=2, host=kafka2:9092),0,0), __consumer_offsets-24 -> InitialFetchState(Some(w2caDlcSQY-bJJSbpCk06w),BrokerEndPoint(id=2, host=kafka2:9092),0,0), __consumer_offsets-22 -> InitialFetchState(Some(w2caDlcSQY-bJJSbpCk06w),BrokerEndPoint(id=2, host=kafka2:9092),0,0), __consumer_offsets-19 -> InitialFetchState(Some(w2caDlcSQY-bJJSbpCk06w),BrokerEndPoint(id=2, host=kafka2:9092),0,0), __consumer_offsets-17 -> InitialFetchState(Some(w2caDlcSQY-bJJSbpCk06w),BrokerEndPoint(id=2, host=kafka2:9092),0,0), __consumer_offsets-49 -> InitialFetchState(Some(w2caDlcSQY-bJJSbpCk06w),BrokerEndPoint(id=2, host=kafka2:9092),0,0), __consumer_offsets-31 -> InitialFetchState(Some(w2caDlcSQY-bJJSbpCk06w),BrokerEndPoint(id=2, host=kafka2:9092),0,0), __consumer_offsets-27 -> InitialFetchState(Some(w2caDlcSQY-bJJSbpCk06w),BrokerEndPoint(id=2, host=kafka2:9092),0,0), __consumer_offsets-7 -> InitialFetchState(Some(w2caDlcSQY-bJJSbpCk06w),BrokerEndPoint(id=2, host=kafka2:9092),0,0), __consumer_offsets-35 -> InitialFetchState(Some(w2caDlcSQY-bJJSbpCk06w),BrokerEndPoint(id=2, host=kafka2:9092),0,0), __consumer_offsets-3 -> InitialFetchState(Some(w2caDlcSQY-bJJSbpCk06w),BrokerEndPoint(id=2, host=kafka2:9092),0,0), __consumer_offsets-36 -> InitialFetchState(Some(w2caDlcSQY-bJJSbpCk06w),BrokerEndPoint(id=2, host=kafka2:9092),0,0), __consumer_offsets-1 -> InitialFetchState(Some(w2caDlcSQY-bJJSbpCk06w),BrokerEndPoint(id=2, host=kafka2:9092),0,0)) (kafka.server.ReplicaFetcherManager)
kafka3  | 2026-09-25T22:30:04.985234540Z [2026-09-25 22:30:04,985] INFO [Broker id=3] Started fetchers as part of become-follower for 34 partitions (state.change.logger)
kafka3  | 2026-09-25T22:30:04.990044043Z [2026-09-25 22:30:04,989] INFO [GroupCoordinator 3]: Elected as the group coordinator for partition 15 in epoch 0 (kafka.coordinator.group.GroupCoordinator)
kafka3  | 2026-09-25T22:30:04.990960905Z [2026-09-25 22:30:04,990] INFO [GroupMetadataManager brokerId=3] Scheduling loading of offsets and group metadata from __consumer_offsets-15 for epoch 0 (kafka.coordinator.group.GroupMetadataManager)
kafka3  | 2026-09-25T22:30:04.992380768Z [2026-09-25 22:30:04,992] INFO [GroupCoordinator 3]: Elected as the group coordinator for partition 47 in epoch 0 (kafka.coordinator.group.GroupCoordinator)
kafka3  | 2026-09-25T22:30:04.992406533Z [2026-09-25 22:30:04,992] INFO [GroupMetadataManager brokerId=3] Scheduling loading of offsets and group metadata from __consumer_offsets-47 for epoch 0 (kafka.coordinator.group.GroupMetadataManager)
kafka3  | 2026-09-25T22:30:04.992410192Z [2026-09-25 22:30:04,992] INFO [GroupCoordinator 3]: Elected as the group coordinator for partition 11 in epoch 0 (kafka.coordinator.group.GroupCoordinator)
kafka3  | 2026-09-25T22:30:04.992418620Z [2026-09-25 22:30:04,992] INFO [GroupMetadataManager brokerId=3] Scheduling loading of offsets and group metadata from __consumer_offsets-11 for epoch 0 (kafka.coordinator.group.GroupMetadataManager)
kafka3  | 2026-09-25T22:30:04.992633731Z [2026-09-25 22:30:04,992] INFO [GroupCoordinator 3]: Elected as the group coordinator for partition 43 in epoch 0 (kafka.coordinator.group.GroupCoordinator)
kafka3  | 2026-09-25T22:30:04.992644725Z [2026-09-25 22:30:04,992] INFO [GroupMetadataManager brokerId=3] Scheduling loading of offsets and group metadata from __consumer_offsets-43 for epoch 0 (kafka.coordinator.group.GroupMetadataManager)
kafka3  | 2026-09-25T22:30:04.992646585Z [2026-09-25 22:30:04,992] INFO [GroupCoordinator 3]: Elected as the group coordinator for partition 12 in epoch 0 (kafka.coordinator.group.GroupCoordinator)
kafka3  | 2026-09-25T22:30:04.992648147Z [2026-09-25 22:30:04,992] INFO [GroupMetadataManager brokerId=3] Scheduling loading of offsets and group metadata from __consumer_offsets-12 for epoch 0 (kafka.coordinator.group.GroupMetadataManager)
kafka3  | 2026-09-25T22:30:04.992667476Z [2026-09-25 22:30:04,992] INFO [GroupCoordinator 3]: Elected as the group coordinator for partition 21 in epoch 0 (kafka.coordinator.group.GroupCoordinator)
kafka3  | 2026-09-25T22:30:04.992669504Z [2026-09-25 22:30:04,992] INFO [GroupMetadataManager brokerId=3] Scheduling loading of offsets and group metadata from __consumer_offsets-21 for epoch 0 (kafka.coordinator.group.GroupMetadataManager)
kafka2  | 2026-09-25T22:30:04.862684534Z [2026-09-25 22:30:04,859] INFO [GroupCoordinator 2]: Resigned as the group coordinator for partition 0 in epoch OptionalInt[0] (kafka.coordinator.group.GroupCoordinator)
kafka2  | 2026-09-25T22:30:04.862704806Z [2026-09-25 22:30:04,859] INFO [GroupMetadataManager brokerId=2] Scheduling unloading of offsets and group metadata from __consumer_offsets-0 (kafka.coordinator.group.GroupMetadataManager)
kafka2  | 2026-09-25T22:30:04.862710076Z [2026-09-25 22:30:04,860] INFO [GroupCoordinator 2]: Resigned as the group coordinator for partition 29 in epoch OptionalInt[0] (kafka.coordinator.group.GroupCoordinator)
kafka2  | 2026-09-25T22:30:04.862711564Z [2026-09-25 22:30:04,860] INFO [GroupMetadataManager brokerId=2] Scheduling unloading of offsets and group metadata from __consumer_offsets-29 (kafka.coordinator.group.GroupMetadataManager)
kafka2  | 2026-09-25T22:30:04.862713062Z [2026-09-25 22:30:04,860] INFO [GroupCoordinator 2]: Resigned as the group coordinator for partition 25 in epoch OptionalInt[0] (kafka.coordinator.group.GroupCoordinator)
kafka2  | 2026-09-25T22:30:04.862714539Z [2026-09-25 22:30:04,860] INFO [GroupMetadataManager brokerId=2] Scheduling unloading of offsets and group metadata from __consumer_offsets-25 (kafka.coordinator.group.GroupMetadataManager)
kafka2  | 2026-09-25T22:30:04.862715856Z [2026-09-25 22:30:04,860] INFO [GroupCoordinator 2]: Resigned as the group coordinator for partition 39 in epoch OptionalInt[0] (kafka.coordinator.group.GroupCoordinator)
kafka2  | 2026-09-25T22:30:04.862717360Z [2026-09-25 22:30:04,860] INFO [GroupMetadataManager brokerId=2] Scheduling unloading of offsets and group metadata from __consumer_offsets-39 (kafka.coordinator.group.GroupMetadataManager)
kafka2  | 2026-09-25T22:30:04.862727289Z [2026-09-25 22:30:04,860] INFO [GroupCoordinator 2]: Resigned as the group coordinator for partition 8 in epoch OptionalInt[0] (kafka.coordinator.group.GroupCoordinator)
kafka2  | 2026-09-25T22:30:04.862728551Z [2026-09-25 22:30:04,860] INFO [GroupMetadataManager brokerId=2] Scheduling unloading of offsets and group metadata from __consumer_offsets-8 (kafka.coordinator.group.GroupMetadataManager)
kafka2  | 2026-09-25T22:30:04.862730369Z [2026-09-25 22:30:04,860] INFO [GroupCoordinator 2]: Resigned as the group coordinator for partition 37 in epoch OptionalInt[0] (kafka.coordinator.group.GroupCoordinator)
kafka2  | 2026-09-25T22:30:04.862731641Z [2026-09-25 22:30:04,861] INFO [GroupMetadataManager brokerId=2] Scheduling unloading of offsets and group metadata from __consumer_offsets-37 (kafka.coordinator.group.GroupMetadataManager)
kafka2  | 2026-09-25T22:30:04.862733102Z [2026-09-25 22:30:04,861] INFO [GroupCoordinator 2]: Resigned as the group coordinator for partition 6 in epoch OptionalInt[0] (kafka.coordinator.group.GroupCoordinator)
kafka2  | 2026-09-25T22:30:04.862734774Z [2026-09-25 22:30:04,861] INFO [GroupMetadataManager brokerId=2] Scheduling unloading of offsets and group metadata from __consumer_offsets-6 (kafka.coordinator.group.GroupMetadataManager)
kafka2  | 2026-09-25T22:30:04.862736099Z [2026-09-25 22:30:04,861] INFO [GroupCoordinator 2]: Resigned as the group coordinator for partition 4 in epoch OptionalInt[0] (kafka.coordinator.group.GroupCoordinator)
kafka2  | 2026-09-25T22:30:04.862737226Z [2026-09-25 22:30:04,861] INFO [GroupMetadataManager brokerId=2] Scheduling unloading of offsets and group metadata from __consumer_offsets-4 (kafka.coordinator.group.GroupMetadataManager)
kafka2  | 2026-09-25T22:30:04.862738455Z [2026-09-25 22:30:04,861] INFO [GroupCoordinator 2]: Resigned as the group coordinator for partition 33 in epoch OptionalInt[0] (kafka.coordinator.group.GroupCoordinator)
kafka1  | 2026-09-25T22:30:05.260344004Z [2026-09-25 22:30:05,260] INFO [UnifiedLog partition=__consumer_offsets-8, dir=/var/lib/kafka/data] Truncating to 0 has no effect as the largest offset in the log is -1 (kafka.log.UnifiedLog)
kafka1  | 2026-09-25T22:30:05.261023930Z [2026-09-25 22:30:05,260] INFO [ReplicaFetcher replicaId=1, leaderId=3, fetcherId=0] Truncating partition __consumer_offsets-38 with TruncationState(offset=0, completed=true) due to local high watermark 0 (kafka.server.ReplicaFetcherThread)
kafka1  | 2026-09-25T22:30:05.261048277Z [2026-09-25 22:30:05,260] INFO [UnifiedLog partition=__consumer_offsets-38, dir=/var/lib/kafka/data] Truncating to 0 has no effect as the largest offset in the log is -1 (kafka.log.UnifiedLog)
kafka1  | 2026-09-25T22:30:05.261183500Z [2026-09-25 22:30:05,260] INFO [ReplicaFetcher replicaId=1, leaderId=3, fetcherId=0] Truncating partition __consumer_offsets-4 with TruncationState(offset=0, completed=true) due to local high watermark 0 (kafka.server.ReplicaFetcherThread)
kafka1  | 2026-09-25T22:30:05.261196447Z [2026-09-25 22:30:05,261] INFO [UnifiedLog partition=__consumer_offsets-4, dir=/var/lib/kafka/data] Truncating to 0 has no effect as the largest offset in the log is -1 (kafka.log.UnifiedLog)
kafka1  | 2026-09-25T22:30:05.261469391Z [2026-09-25 22:30:05,261] INFO [ReplicaFetcher replicaId=1, leaderId=3, fetcherId=0] Truncating partition __consumer_offsets-34 with TruncationState(offset=0, completed=true) due to local high watermark 0 (kafka.server.ReplicaFetcherThread)
kafka1  | 2026-09-25T22:30:05.261483059Z [2026-09-25 22:30:05,261] INFO [UnifiedLog partition=__consumer_offsets-34, dir=/var/lib/kafka/data] Truncating to 0 has no effect as the largest offset in the log is -1 (kafka.log.UnifiedLog)
kafka1  | 2026-09-25T22:30:05.261576739Z [2026-09-25 22:30:05,261] INFO [ReplicaFetcher replicaId=1, leaderId=3, fetcherId=0] Truncating partition __consumer_offsets-2 with TruncationState(offset=0, completed=true) due to local high watermark 0 (kafka.server.ReplicaFetcherThread)
kafka1  | 2026-09-25T22:30:05.261588120Z [2026-09-25 22:30:05,261] INFO [UnifiedLog partition=__consumer_offsets-2, dir=/var/lib/kafka/data] Truncating to 0 has no effect as the largest offset in the log is -1 (kafka.log.UnifiedLog)
kafka1  | 2026-09-25T22:30:07.250028404Z [2026-09-25 22:30:07,249] INFO [GroupCoordinator 1]: Dynamic member with unknown member id joins group processadores-sensores in Empty state. Created a new member id rdkafka-a84494f0-8090-4474-8ccb-4cfb9eb22c6d and request the member to rejoin with this id. (kafka.coordinator.group.GroupCoordinator)
kafka1  | 2026-09-25T22:30:07.267807833Z [2026-09-25 22:30:07,267] INFO [GroupCoordinator 1]: Preparing to rebalance group processadores-sensores in state PreparingRebalance with old generation 0 (__consumer_offsets-0) (reason: Adding new member rdkafka-a84494f0-8090-4474-8ccb-4cfb9eb22c6d with group instance id None; client reason: not provided) (kafka.coordinator.group.GroupCoordinator)
kafka1  | 2026-09-25T22:30:07.276336143Z [2026-09-25 22:30:07,276] INFO [GroupCoordinator 1]: Stabilized group processadores-sensores generation 1 (__consumer_offsets-0) with 1 members (kafka.coordinator.group.GroupCoordinator)
kafka1  | 2026-09-25T22:30:07.285313132Z [2026-09-25 22:30:07,284] INFO [GroupCoordinator 1]: Assignment received from leader rdkafka-a84494f0-8090-4474-8ccb-4cfb9eb22c6d for group processadores-sensores for generation 1. The group has 1 members, 0 of which are static. (kafka.coordinator.group.GroupCoordinator)
kafka1  | 2026-09-25T22:30:07.396768644Z [2026-09-25 22:30:07,396] INFO [GroupCoordinator 1]: Dynamic member with unknown member id joins group processadores-sensores in Stable state. Created a new member id rdkafka-77fb22f9-57bf-4133-9ba7-db5159c0ed94 and request the member to rejoin with this id. (kafka.coordinator.group.GroupCoordinator)
kafka1  | 2026-09-25T22:30:07.398578887Z [2026-09-25 22:30:07,398] INFO [GroupCoordinator 1]: Preparing to rebalance group processadores-sensores in state PreparingRebalance with old generation 1 (__consumer_offsets-0) (reason: Adding new member rdkafka-77fb22f9-57bf-4133-9ba7-db5159c0ed94 with group instance id None; client reason: not provided) (kafka.coordinator.group.GroupCoordinator)
kafka1  | 2026-09-25T22:30:07.830691075Z [2026-09-25 22:30:07,829] INFO [GroupCoordinator 1]: Dynamic member with unknown member id joins group processadores-sensores in PreparingRebalance state. Created a new member id rdkafka-ae529ae1-6dcb-464b-b7a8-2c342bbfc279 and request the member to rejoin with this id. (kafka.coordinator.group.GroupCoordinator)
kafka1  | 2026-09-25T22:30:10.329138563Z [2026-09-25 22:30:10,328] INFO [GroupCoordinator 1]: Stabilized group processadores-sensores generation 2 (__consumer_offsets-0) with 3 members (kafka.coordinator.group.GroupCoordinator)
kafka1  | 2026-09-25T22:30:10.338454950Z [2026-09-25 22:30:10,337] INFO [GroupCoordinator 1]: Assignment received from leader rdkafka-a84494f0-8090-4474-8ccb-4cfb9eb22c6d for group processadores-sensores for generation 2. The group has 3 members, 0 of which are static. (kafka.coordinator.group.GroupCoordinator)
kafka2  | 2026-09-25T22:30:04.862745669Z [2026-09-25 22:30:04,861] INFO [GroupMetadataManager brokerId=2] Scheduling unloading of offsets and group metadata from __consumer_offsets-33 (kafka.coordinator.group.GroupMetadataManager)
kafka2  | 2026-09-25T22:30:04.862747074Z [2026-09-25 22:30:04,861] INFO [GroupCoordinator 2]: Resigned as the group coordinator for partition 2 in epoch OptionalInt[0] (kafka.coordinator.group.GroupCoordinator)
kafka2  | 2026-09-25T22:30:04.862749098Z [2026-09-25 22:30:04,861] INFO [GroupMetadataManager brokerId=2] Scheduling unloading of offsets and group metadata from __consumer_offsets-2 (kafka.coordinator.group.GroupMetadataManager)
kafka2  | 2026-09-25T22:30:04.872578308Z [2026-09-25 22:30:04,870] INFO [GroupMetadataManager brokerId=2] Finished loading offsets and group metadata from __consumer_offsets-14 in 20 milliseconds for epoch 0, of which 8 milliseconds was spent in the scheduler. (kafka.coordinator.group.GroupMetadataManager)
kafka2  | 2026-09-25T22:30:04.874453246Z [2026-09-25 22:30:04,873] INFO [GroupMetadataManager brokerId=2] Finished loading offsets and group metadata from __consumer_offsets-46 in 27 milliseconds for epoch 0, of which 26 milliseconds was spent in the scheduler. (kafka.coordinator.group.GroupMetadataManager)
kafka2  | 2026-09-25T22:30:04.874473136Z [2026-09-25 22:30:04,873] INFO [GroupMetadataManager brokerId=2] Finished loading offsets and group metadata from __consumer_offsets-44 in 27 milliseconds for epoch 0, of which 27 milliseconds was spent in the scheduler. (kafka.coordinator.group.GroupMetadataManager)
kafka2  | 2026-09-25T22:30:04.874482835Z [2026-09-25 22:30:04,874] INFO [GroupMetadataManager brokerId=2] Finished loading offsets and group metadata from __consumer_offsets-9 in 28 milliseconds for epoch 0, of which 28 milliseconds was spent in the scheduler. (kafka.coordinator.group.GroupMetadataManager)
kafka2  | 2026-09-25T22:30:04.874839969Z [2026-09-25 22:30:04,874] INFO [GroupMetadataManager brokerId=2] Finished loading offsets and group metadata from __consumer_offsets-41 in 28 milliseconds for epoch 0, of which 28 milliseconds was spent in the scheduler. (kafka.coordinator.group.GroupMetadataManager)
kafka2  | 2026-09-25T22:30:04.875514365Z [2026-09-25 22:30:04,874] INFO [GroupMetadataManager brokerId=2] Finished loading offsets and group metadata from __consumer_offsets-24 in 28 milliseconds for epoch 0, of which 28 milliseconds was spent in the scheduler. (kafka.coordinator.group.GroupMetadataManager)
kafka2  | 2026-09-25T22:30:04.875526583Z [2026-09-25 22:30:04,875] INFO [GroupMetadataManager brokerId=2] Finished loading offsets and group metadata from __consumer_offsets-22 in 29 milliseconds for epoch 0, of which 28 milliseconds was spent in the scheduler. (kafka.coordinator.group.GroupMetadataManager)
kafka2  | 2026-09-25T22:30:04.875528859Z [2026-09-25 22:30:04,875] INFO [GroupMetadataManager brokerId=2] Finished loading offsets and group metadata from __consumer_offsets-19 in 29 milliseconds for epoch 0, of which 29 milliseconds was spent in the scheduler. (kafka.coordinator.group.GroupMetadataManager)
kafka2  | 2026-09-25T22:30:04.875531506Z [2026-09-25 22:30:04,875] INFO [GroupMetadataManager brokerId=2] Finished loading offsets and group metadata from __consumer_offsets-17 in 29 milliseconds for epoch 0, of which 29 milliseconds was spent in the scheduler. (kafka.coordinator.group.GroupMetadataManager)
kafka2  | 2026-09-25T22:30:04.875532978Z [2026-09-25 22:30:04,875] INFO [GroupMetadataManager brokerId=2] Finished loading offsets and group metadata from __consumer_offsets-49 in 28 milliseconds for epoch 0, of which 28 milliseconds was spent in the scheduler. (kafka.coordinator.group.GroupMetadataManager)
kafka2  | 2026-09-25T22:30:04.875787346Z [2026-09-25 22:30:04,875] INFO [GroupMetadataManager brokerId=2] Finished loading offsets and group metadata from __consumer_offsets-31 in 28 milliseconds for epoch 0, of which 28 milliseconds was spent in the scheduler. (kafka.coordinator.group.GroupMetadataManager)
kafka2  | 2026-09-25T22:30:04.876135843Z [2026-09-25 22:30:04,875] INFO [GroupMetadataManager brokerId=2] Finished loading offsets and group metadata from __consumer_offsets-27 in 28 milliseconds for epoch 0, of which 28 milliseconds was spent in the scheduler. (kafka.coordinator.group.GroupMetadataManager)
kafka2  | 2026-09-25T22:30:04.879842221Z [2026-09-25 22:30:04,878] INFO [GroupMetadataManager brokerId=2] Finished loading offsets and group metadata from __consumer_offsets-7 in 31 milliseconds for epoch 0, of which 30 milliseconds was spent in the scheduler. (kafka.coordinator.group.GroupMetadataManager)
kafka3  | 2026-09-25T22:30:04.992671085Z [2026-09-25 22:30:04,992] INFO [GroupCoordinator 3]: Elected as the group coordinator for partition 18 in epoch 0 (kafka.coordinator.group.GroupCoordinator)
kafka2  | 2026-09-25T22:30:04.879943663Z [2026-09-25 22:30:04,878] INFO [GroupMetadataManager brokerId=2] Finished loading offsets and group metadata from __consumer_offsets-3 in 31 milliseconds for epoch 0, of which 31 milliseconds was spent in the scheduler. (kafka.coordinator.group.GroupMetadataManager)
kafka3  | 2026-09-25T22:30:04.992672461Z [2026-09-25 22:30:04,992] INFO [GroupMetadataManager brokerId=3] Scheduling loading of offsets and group metadata from __consumer_offsets-18 for epoch 0 (kafka.coordinator.group.GroupMetadataManager)
kafka3  | 2026-09-25T22:30:04.992673899Z [2026-09-25 22:30:04,992] INFO [GroupCoordinator 3]: Elected as the group coordinator for partition 32 in epoch 0 (kafka.coordinator.group.GroupCoordinator)
kafka3  | 2026-09-25T22:30:04.992675344Z [2026-09-25 22:30:04,992] INFO [GroupMetadataManager brokerId=3] Scheduling loading of offsets and group metadata from __consumer_offsets-32 for epoch 0 (kafka.coordinator.group.GroupMetadataManager)
kafka3  | 2026-09-25T22:30:04.992676734Z [2026-09-25 22:30:04,992] INFO [GroupCoordinator 3]: Elected as the group coordinator for partition 29 in epoch 0 (kafka.coordinator.group.GroupCoordinator)
kafka3  | 2026-09-25T22:30:04.992679273Z [2026-09-25 22:30:04,992] INFO [GroupMetadataManager brokerId=3] Scheduling loading of offsets and group metadata from __consumer_offsets-29 for epoch 0 (kafka.coordinator.group.GroupMetadataManager)
kafka3  | 2026-09-25T22:30:04.992680834Z [2026-09-25 22:30:04,992] INFO [GroupCoordinator 3]: Elected as the group coordinator for partition 25 in epoch 0 (kafka.coordinator.group.GroupCoordinator)
kafka3  | 2026-09-25T22:30:04.992682251Z [2026-09-25 22:30:04,992] INFO [GroupMetadataManager brokerId=3] Scheduling loading of offsets and group metadata from __consumer_offsets-25 for epoch 0 (kafka.coordinator.group.GroupMetadataManager)
kafka3  | 2026-09-25T22:30:04.992688259Z [2026-09-25 22:30:04,992] INFO [GroupCoordinator 3]: Elected as the group coordinator for partition 39 in epoch 0 (kafka.coordinator.group.GroupCoordinator)
kafka3  | 2026-09-25T22:30:04.992704571Z [2026-09-25 22:30:04,992] INFO [GroupMetadataManager brokerId=3] Scheduling loading of offsets and group metadata from __consumer_offsets-39 for epoch 0 (kafka.coordinator.group.GroupMetadataManager)
kafka3  | 2026-09-25T22:30:04.992947760Z [2026-09-25 22:30:04,992] INFO [GroupCoordinator 3]: Elected as the group coordinator for partition 8 in epoch 0 (kafka.coordinator.group.GroupCoordinator)
kafka3  | 2026-09-25T22:30:04.992958320Z [2026-09-25 22:30:04,992] INFO [GroupMetadataManager brokerId=3] Scheduling loading of offsets and group metadata from __consumer_offsets-8 for epoch 0 (kafka.coordinator.group.GroupMetadataManager)
kafka3  | 2026-09-25T22:30:04.992961519Z [2026-09-25 22:30:04,992] INFO [GroupCoordinator 3]: Elected as the group coordinator for partition 38 in epoch 0 (kafka.coordinator.group.GroupCoordinator)
kafka3  | 2026-09-25T22:30:04.992964032Z [2026-09-25 22:30:04,992] INFO [GroupMetadataManager brokerId=3] Scheduling loading of offsets and group metadata from __consumer_offsets-38 for epoch 0 (kafka.coordinator.group.GroupMetadataManager)
kafka3  | 2026-09-25T22:30:04.992979314Z [2026-09-25 22:30:04,992] INFO [GroupCoordinator 3]: Elected as the group coordinator for partition 4 in epoch 0 (kafka.coordinator.group.GroupCoordinator)
kafka3  | 2026-09-25T22:30:04.992982011Z [2026-09-25 22:30:04,992] INFO [GroupMetadataManager brokerId=3] Scheduling loading of offsets and group metadata from __consumer_offsets-4 for epoch 0 (kafka.coordinator.group.GroupMetadataManager)
kafka3  | 2026-09-25T22:30:04.992990370Z [2026-09-25 22:30:04,992] INFO [GroupCoordinator 3]: Elected as the group coordinator for partition 2 in epoch 0 (kafka.coordinator.group.GroupCoordinator)
kafka3  | 2026-09-25T22:30:04.992993085Z [2026-09-25 22:30:04,992] INFO [GroupMetadataManager brokerId=3] Scheduling loading of offsets and group metadata from __consumer_offsets-2 for epoch 0 (kafka.coordinator.group.GroupMetadataManager)
kafka3  | 2026-09-25T22:30:04.993392232Z [2026-09-25 22:30:04,993] INFO [GroupCoordinator 3]: Elected as the group coordinator for partition 34 in epoch 0 (kafka.coordinator.group.GroupCoordinator)
kafka3  | 2026-09-25T22:30:04.993404309Z [2026-09-25 22:30:04,993] INFO [GroupMetadataManager brokerId=3] Scheduling loading of offsets and group metadata from __consumer_offsets-34 for epoch 0 (kafka.coordinator.group.GroupMetadataManager)
kafka3  | 2026-09-25T22:30:04.994713383Z [2026-09-25 22:30:04,994] INFO [GroupCoordinator 3]: Resigned as the group coordinator for partition 48 in epoch OptionalInt[0] (kafka.coordinator.group.GroupCoordinator)
kafka3  | 2026-09-25T22:30:04.995362262Z [2026-09-25 22:30:04,995] INFO [GroupMetadataManager brokerId=3] Scheduling unloading of offsets and group metadata from __consumer_offsets-48 (kafka.coordinator.group.GroupMetadataManager)
kafka3  | 2026-09-25T22:30:04.995870666Z [2026-09-25 22:30:04,995] INFO [GroupCoordinator 3]: Resigned as the group coordinator for partition 13 in epoch OptionalInt[0] (kafka.coordinator.group.GroupCoordinator)
kafka3  | 2026-09-25T22:30:04.995893077Z [2026-09-25 22:30:04,995] INFO [GroupMetadataManager brokerId=3] Scheduling unloading of offsets and group metadata from __consumer_offsets-13 (kafka.coordinator.group.GroupMetadataManager)
kafka3  | 2026-09-25T22:30:04.995896257Z [2026-09-25 22:30:04,995] INFO [GroupCoordinator 3]: Resigned as the group coordinator for partition 46 in epoch OptionalInt[0] (kafka.coordinator.group.GroupCoordinator)
kafka3  | 2026-09-25T22:30:04.996101144Z [2026-09-25 22:30:04,995] INFO [GroupMetadataManager brokerId=3] Scheduling unloading of offsets and group metadata from __consumer_offsets-46 (kafka.coordinator.group.GroupMetadataManager)
kafka3  | 2026-09-25T22:30:04.996113689Z [2026-09-25 22:30:04,995] INFO [GroupCoordinator 3]: Resigned as the group coordinator for partition 44 in epoch OptionalInt[0] (kafka.coordinator.group.GroupCoordinator)
kafka3  | 2026-09-25T22:30:04.996257564Z [2026-09-25 22:30:04,996] INFO [GroupMetadataManager brokerId=3] Scheduling unloading of offsets and group metadata from __consumer_offsets-44 (kafka.coordinator.group.GroupMetadataManager)
kafka3  | 2026-09-25T22:30:04.996269209Z [2026-09-25 22:30:04,996] INFO [GroupCoordinator 3]: Resigned as the group coordinator for partition 9 in epoch OptionalInt[0] (kafka.coordinator.group.GroupCoordinator)
kafka3  | 2026-09-25T22:30:04.996427373Z [2026-09-25 22:30:04,996] INFO [GroupMetadataManager brokerId=3] Scheduling unloading of offsets and group metadata from __consumer_offsets-9 (kafka.coordinator.group.GroupMetadataManager)
kafka3  | 2026-09-25T22:30:04.996497015Z [2026-09-25 22:30:04,996] INFO [GroupCoordinator 3]: Resigned as the group coordinator for partition 42 in epoch OptionalInt[0] (kafka.coordinator.group.GroupCoordinator)
kafka3  | 2026-09-25T22:30:04.996640565Z [2026-09-25 22:30:04,996] INFO [GroupMetadataManager brokerId=3] Scheduling unloading of offsets and group metadata from __consumer_offsets-42 (kafka.coordinator.group.GroupMetadataManager)
kafka3  | 2026-09-25T22:30:04.996899531Z [2026-09-25 22:30:04,996] INFO [GroupCoordinator 3]: Resigned as the group coordinator for partition 23 in epoch OptionalInt[0] (kafka.coordinator.group.GroupCoordinator)
kafka3  | 2026-09-25T22:30:04.996913846Z [2026-09-25 22:30:04,996] INFO [GroupMetadataManager brokerId=3] Scheduling unloading of offsets and group metadata from __consumer_offsets-23 (kafka.coordinator.group.GroupMetadataManager)
kafka3  | 2026-09-25T22:30:04.997136056Z [2026-09-25 22:30:04,996] INFO [GroupCoordinator 3]: Resigned as the group coordinator for partition 19 in epoch OptionalInt[0] (kafka.coordinator.group.GroupCoordinator)
kafka3  | 2026-09-25T22:30:04.997145856Z [2026-09-25 22:30:04,997] INFO [GroupMetadataManager brokerId=3] Scheduling unloading of offsets and group metadata from __consumer_offsets-19 (kafka.coordinator.group.GroupMetadataManager)
kafka3  | 2026-09-25T22:30:04.997372505Z [2026-09-25 22:30:04,997] INFO [GroupCoordinator 3]: Resigned as the group coordinator for partition 17 in epoch OptionalInt[0] (kafka.coordinator.group.GroupCoordinator)
kafka3  | 2026-09-25T22:30:04.997387924Z [2026-09-25 22:30:04,997] INFO [GroupMetadataManager brokerId=3] Scheduling unloading of offsets and group metadata from __consumer_offsets-17 (kafka.coordinator.group.GroupMetadataManager)
kafka3  | 2026-09-25T22:30:04.997390328Z [2026-09-25 22:30:04,997] INFO [GroupCoordinator 3]: Resigned as the group coordinator for partition 30 in epoch OptionalInt[0] (kafka.coordinator.group.GroupCoordinator)
kafka3  | 2026-09-25T22:30:04.997394700Z [2026-09-25 22:30:04,997] INFO [GroupMetadataManager brokerId=3] Scheduling unloading of offsets and group metadata from __consumer_offsets-30 (kafka.coordinator.group.GroupMetadataManager)
kafka3  | 2026-09-25T22:30:04.997396362Z [2026-09-25 22:30:04,997] INFO [GroupCoordinator 3]: Resigned as the group coordinator for partition 28 in epoch OptionalInt[0] (kafka.coordinator.group.GroupCoordinator)
kafka3  | 2026-09-25T22:30:04.997397824Z [2026-09-25 22:30:04,997] INFO [GroupMetadataManager brokerId=3] Scheduling unloading of offsets and group metadata from __consumer_offsets-28 (kafka.coordinator.group.GroupMetadataManager)
kafka2  | 2026-09-25T22:30:04.879956638Z [2026-09-25 22:30:04,879] INFO [GroupMetadataManager brokerId=2] Finished loading offsets and group metadata from __consumer_offsets-35 in 32 milliseconds for epoch 0, of which 32 milliseconds was spent in the scheduler. (kafka.coordinator.group.GroupMetadataManager)
kafka3  | 2026-09-25T22:30:04.997671199Z [2026-09-25 22:30:04,997] INFO [GroupCoordinator 3]: Resigned as the group coordinator for partition 26 in epoch OptionalInt[0] (kafka.coordinator.group.GroupCoordinator)
kafka3  | 2026-09-25T22:30:04.997758160Z [2026-09-25 22:30:04,997] INFO [GroupMetadataManager brokerId=3] Scheduling unloading of offsets and group metadata from __consumer_offsets-26 (kafka.coordinator.group.GroupMetadataManager)
kafka3  | 2026-09-25T22:30:04.997763959Z [2026-09-25 22:30:04,997] INFO [GroupCoordinator 3]: Resigned as the group coordinator for partition 7 in epoch OptionalInt[0] (kafka.coordinator.group.GroupCoordinator)
kafka3  | 2026-09-25T22:30:04.997765515Z [2026-09-25 22:30:04,997] INFO [GroupMetadataManager brokerId=3] Scheduling unloading of offsets and group metadata from __consumer_offsets-7 (kafka.coordinator.group.GroupMetadataManager)
kafka3  | 2026-09-25T22:30:04.997935108Z [2026-09-25 22:30:04,997] INFO [GroupCoordinator 3]: Resigned as the group coordinator for partition 40 in epoch OptionalInt[0] (kafka.coordinator.group.GroupCoordinator)
kafka3  | 2026-09-25T22:30:04.998105765Z [2026-09-25 22:30:04,997] INFO [GroupMetadataManager brokerId=3] Scheduling unloading of offsets and group metadata from __consumer_offsets-40 (kafka.coordinator.group.GroupMetadataManager)
kafka3  | 2026-09-25T22:30:04.998111934Z [2026-09-25 22:30:04,997] INFO [GroupCoordinator 3]: Resigned as the group coordinator for partition 5 in epoch OptionalInt[0] (kafka.coordinator.group.GroupCoordinator)
kafka3  | 2026-09-25T22:30:04.998113789Z [2026-09-25 22:30:04,997] INFO [GroupMetadataManager brokerId=3] Scheduling unloading of offsets and group metadata from __consumer_offsets-5 (kafka.coordinator.group.GroupMetadataManager)
kafka3  | 2026-09-25T22:30:04.998115413Z [2026-09-25 22:30:04,997] INFO [GroupCoordinator 3]: Resigned as the group coordinator for partition 3 in epoch OptionalInt[0] (kafka.coordinator.group.GroupCoordinator)
kafka3  | 2026-09-25T22:30:04.998117008Z [2026-09-25 22:30:04,997] INFO [GroupMetadataManager brokerId=3] Scheduling unloading of offsets and group metadata from __consumer_offsets-3 (kafka.coordinator.group.GroupMetadataManager)
kafka3  | 2026-09-25T22:30:04.998118757Z [2026-09-25 22:30:04,997] INFO [GroupCoordinator 3]: Resigned as the group coordinator for partition 36 in epoch OptionalInt[0] (kafka.coordinator.group.GroupCoordinator)
kafka3  | 2026-09-25T22:30:04.998120285Z [2026-09-25 22:30:04,997] INFO [GroupMetadataManager brokerId=3] Scheduling unloading of offsets and group metadata from __consumer_offsets-36 (kafka.coordinator.group.GroupMetadataManager)
kafka3  | 2026-09-25T22:30:04.998121859Z [2026-09-25 22:30:04,997] INFO [GroupCoordinator 3]: Resigned as the group coordinator for partition 1 in epoch OptionalInt[0] (kafka.coordinator.group.GroupCoordinator)
kafka3  | 2026-09-25T22:30:04.998123183Z [2026-09-25 22:30:04,997] INFO [GroupMetadataManager brokerId=3] Scheduling unloading of offsets and group metadata from __consumer_offsets-1 (kafka.coordinator.group.GroupMetadataManager)
kafka3  | 2026-09-25T22:30:04.998129546Z [2026-09-25 22:30:04,997] INFO [GroupCoordinator 3]: Resigned as the group coordinator for partition 16 in epoch OptionalInt[0] (kafka.coordinator.group.GroupCoordinator)
kafka3  | 2026-09-25T22:30:04.998131213Z [2026-09-25 22:30:04,997] INFO [GroupMetadataManager brokerId=3] Scheduling unloading of offsets and group metadata from __consumer_offsets-16 (kafka.coordinator.group.GroupMetadataManager)
kafka3  | 2026-09-25T22:30:04.998132654Z [2026-09-25 22:30:04,998] INFO [GroupCoordinator 3]: Resigned as the group coordinator for partition 45 in epoch OptionalInt[0] (kafka.coordinator.group.GroupCoordinator)
kafka3  | 2026-09-25T22:30:04.998134165Z [2026-09-25 22:30:04,998] INFO [GroupMetadataManager brokerId=3] Scheduling unloading of offsets and group metadata from __consumer_offsets-45 (kafka.coordinator.group.GroupMetadataManager)
kafka3  | 2026-09-25T22:30:04.998135827Z [2026-09-25 22:30:04,998] INFO [GroupCoordinator 3]: Resigned as the group coordinator for partition 14 in epoch OptionalInt[0] (kafka.coordinator.group.GroupCoordinator)
kafka3  | 2026-09-25T22:30:04.998137676Z [2026-09-25 22:30:04,998] INFO [GroupMetadataManager brokerId=3] Scheduling unloading of offsets and group metadata from __consumer_offsets-14 (kafka.coordinator.group.GroupMetadataManager)
kafka3  | 2026-09-25T22:30:04.998139462Z [2026-09-25 22:30:04,998] INFO [GroupCoordinator 3]: Resigned as the group coordinator for partition 41 in epoch OptionalInt[0] (kafka.coordinator.group.GroupCoordinator)
kafka3  | 2026-09-25T22:30:04.998141136Z [2026-09-25 22:30:04,998] INFO [GroupMetadataManager brokerId=3] Scheduling unloading of offsets and group metadata from __consumer_offsets-41 (kafka.coordinator.group.GroupMetadataManager)
kafka3  | 2026-09-25T22:30:04.998146066Z [2026-09-25 22:30:04,998] INFO [GroupCoordinator 3]: Resigned as the group coordinator for partition 10 in epoch OptionalInt[0] (kafka.coordinator.group.GroupCoordinator)
kafka3  | 2026-09-25T22:30:04.998147635Z [2026-09-25 22:30:04,998] INFO [GroupMetadataManager brokerId=3] Scheduling unloading of offsets and group metadata from __consumer_offsets-10 (kafka.coordinator.group.GroupMetadataManager)
kafka3  | 2026-09-25T22:30:04.998257447Z [2026-09-25 22:30:04,998] INFO [GroupCoordinator 3]: Resigned as the group coordinator for partition 24 in epoch OptionalInt[0] (kafka.coordinator.group.GroupCoordinator)
kafka3  | 2026-09-25T22:30:04.998262277Z [2026-09-25 22:30:04,998] INFO [GroupMetadataManager brokerId=3] Scheduling unloading of offsets and group metadata from __consumer_offsets-24 (kafka.coordinator.group.GroupMetadataManager)
kafka3  | 2026-09-25T22:30:04.998263780Z [2026-09-25 22:30:04,998] INFO [GroupCoordinator 3]: Resigned as the group coordinator for partition 22 in epoch OptionalInt[0] (kafka.coordinator.group.GroupCoordinator)
kafka3  | 2026-09-25T22:30:04.998265453Z [2026-09-25 22:30:04,998] INFO [GroupMetadataManager brokerId=3] Scheduling unloading of offsets and group metadata from __consumer_offsets-22 (kafka.coordinator.group.GroupMetadataManager)
kafka3  | 2026-09-25T22:30:04.998266875Z [2026-09-25 22:30:04,998] INFO [GroupCoordinator 3]: Resigned as the group coordinator for partition 20 in epoch OptionalInt[0] (kafka.coordinator.group.GroupCoordinator)
kafka3  | 2026-09-25T22:30:04.998268281Z [2026-09-25 22:30:04,998] INFO [GroupMetadataManager brokerId=3] Scheduling unloading of offsets and group metadata from __consumer_offsets-20 (kafka.coordinator.group.GroupMetadataManager)
kafka3  | 2026-09-25T22:30:04.998269892Z [2026-09-25 22:30:04,998] INFO [GroupCoordinator 3]: Resigned as the group coordinator for partition 49 in epoch OptionalInt[0] (kafka.coordinator.group.GroupCoordinator)
kafka3  | 2026-09-25T22:30:04.998271439Z [2026-09-25 22:30:04,998] INFO [GroupMetadataManager brokerId=3] Scheduling unloading of offsets and group metadata from __consumer_offsets-49 (kafka.coordinator.group.GroupMetadataManager)
kafka3  | 2026-09-25T22:30:04.998277678Z [2026-09-25 22:30:04,998] INFO [GroupCoordinator 3]: Resigned as the group coordinator for partition 31 in epoch OptionalInt[0] (kafka.coordinator.group.GroupCoordinator)
kafka3  | 2026-09-25T22:30:04.998279267Z [2026-09-25 22:30:04,998] INFO [GroupMetadataManager brokerId=3] Scheduling unloading of offsets and group metadata from __consumer_offsets-31 (kafka.coordinator.group.GroupMetadataManager)
kafka3  | 2026-09-25T22:30:04.998569136Z [2026-09-25 22:30:04,998] INFO [GroupCoordinator 3]: Resigned as the group coordinator for partition 0 in epoch OptionalInt[0] (kafka.coordinator.group.GroupCoordinator)
kafka3  | 2026-09-25T22:30:04.998586060Z [2026-09-25 22:30:04,998] INFO [GroupMetadataManager brokerId=3] Scheduling unloading of offsets and group metadata from __consumer_offsets-0 (kafka.coordinator.group.GroupMetadataManager)
kafka3  | 2026-09-25T22:30:04.998595909Z [2026-09-25 22:30:04,998] INFO [GroupCoordinator 3]: Resigned as the group coordinator for partition 27 in epoch OptionalInt[0] (kafka.coordinator.group.GroupCoordinator)
kafka3  | 2026-09-25T22:30:04.998598332Z [2026-09-25 22:30:04,998] INFO [GroupMetadataManager brokerId=3] Scheduling unloading of offsets and group metadata from __consumer_offsets-27 (kafka.coordinator.group.GroupMetadataManager)
kafka3  | 2026-09-25T22:30:04.998805319Z [2026-09-25 22:30:04,998] INFO [GroupCoordinator 3]: Resigned as the group coordinator for partition 37 in epoch OptionalInt[0] (kafka.coordinator.group.GroupCoordinator)
kafka3  | 2026-09-25T22:30:04.998818465Z [2026-09-25 22:30:04,998] INFO [GroupMetadataManager brokerId=3] Scheduling unloading of offsets and group metadata from __consumer_offsets-37 (kafka.coordinator.group.GroupMetadataManager)
kafka2  | 2026-09-25T22:30:04.879959868Z [2026-09-25 22:30:04,879] INFO [GroupMetadataManager brokerId=2] Finished loading offsets and group metadata from __consumer_offsets-36 in 32 milliseconds for epoch 0, of which 32 milliseconds was spent in the scheduler. (kafka.coordinator.group.GroupMetadataManager)
kafka2  | 2026-09-25T22:30:04.879962039Z [2026-09-25 22:30:04,879] INFO [GroupMetadataManager brokerId=2] Finished loading offsets and group metadata from __consumer_offsets-1 in 32 milliseconds for epoch 0, of which 32 milliseconds was spent in the scheduler. (kafka.coordinator.group.GroupMetadataManager)
kafka2  | 2026-09-25T22:30:04.886874482Z [2026-09-25 22:30:04,886] INFO [GroupMetadataManager brokerId=2] Finished unloading __consumer_offsets-15 for coordinator epoch OptionalInt[0]. Removed 0 cached offsets and 0 cached groups. (kafka.coordinator.group.GroupMetadataManager)
kafka2  | 2026-09-25T22:30:04.887377924Z [2026-09-25 22:30:04,886] INFO [GroupMetadataManager brokerId=2] Finished unloading __consumer_offsets-48 for coordinator epoch OptionalInt[0]. Removed 0 cached offsets and 0 cached groups. (kafka.coordinator.group.GroupMetadataManager)
kafka2  | 2026-09-25T22:30:04.887401561Z [2026-09-25 22:30:04,887] INFO [GroupMetadataManager brokerId=2] Finished unloading __consumer_offsets-13 for coordinator epoch OptionalInt[0]. Removed 0 cached offsets and 0 cached groups. (kafka.coordinator.group.GroupMetadataManager)
kafka2  | 2026-09-25T22:30:04.887404745Z [2026-09-25 22:30:04,887] INFO [GroupMetadataManager brokerId=2] Finished unloading __consumer_offsets-11 for coordinator epoch OptionalInt[0]. Removed 0 cached offsets and 0 cached groups. (kafka.coordinator.group.GroupMetadataManager)
kafka2  | 2026-09-25T22:30:04.887406565Z [2026-09-25 22:30:04,887] INFO [GroupMetadataManager brokerId=2] Finished unloading __consumer_offsets-42 for coordinator epoch OptionalInt[0]. Removed 0 cached offsets and 0 cached groups. (kafka.coordinator.group.GroupMetadataManager)
kafka2  | 2026-09-25T22:30:04.887408384Z [2026-09-25 22:30:04,887] INFO [GroupMetadataManager brokerId=2] Finished unloading __consumer_offsets-23 for coordinator epoch OptionalInt[0]. Removed 0 cached offsets and 0 cached groups. (kafka.coordinator.group.GroupMetadataManager)
kafka2  | 2026-09-25T22:30:04.887595039Z [2026-09-25 22:30:04,887] INFO [GroupMetadataManager brokerId=2] Finished unloading __consumer_offsets-21 for coordinator epoch OptionalInt[0]. Removed 0 cached offsets and 0 cached groups. (kafka.coordinator.group.GroupMetadataManager)
kafka2  | 2026-09-25T22:30:04.887606697Z [2026-09-25 22:30:04,887] INFO [GroupMetadataManager brokerId=2] Finished unloading __consumer_offsets-32 for coordinator epoch OptionalInt[0]. Removed 0 cached offsets and 0 cached groups. (kafka.coordinator.group.GroupMetadataManager)
kafka2  | 2026-09-25T22:30:04.887723703Z [2026-09-25 22:30:04,887] INFO [GroupMetadataManager brokerId=2] Finished unloading __consumer_offsets-30 for coordinator epoch OptionalInt[0]. Removed 0 cached offsets and 0 cached groups. (kafka.coordinator.group.GroupMetadataManager)
kafka2  | 2026-09-25T22:30:04.887937344Z [2026-09-25 22:30:04,887] INFO [GroupMetadataManager brokerId=2] Finished unloading __consumer_offsets-28 for coordinator epoch OptionalInt[0]. Removed 0 cached offsets and 0 cached groups. (kafka.coordinator.group.GroupMetadataManager)
kafka2  | 2026-09-25T22:30:04.888109581Z [2026-09-25 22:30:04,887] INFO [GroupMetadataManager brokerId=2] Finished unloading __consumer_offsets-26 for coordinator epoch OptionalInt[0]. Removed 0 cached offsets and 0 cached groups. (kafka.coordinator.group.GroupMetadataManager)
kafka2  | 2026-09-25T22:30:04.888251867Z [2026-09-25 22:30:04,888] INFO [GroupMetadataManager brokerId=2] Finished unloading __consumer_offsets-40 for coordinator epoch OptionalInt[0]. Removed 0 cached offsets and 0 cached groups. (kafka.coordinator.group.GroupMetadataManager)
kafka2  | 2026-09-25T22:30:04.888477144Z [2026-09-25 22:30:04,888] INFO [GroupMetadataManager brokerId=2] Finished unloading __consumer_offsets-5 for coordinator epoch OptionalInt[0]. Removed 0 cached offsets and 0 cached groups. (kafka.coordinator.group.GroupMetadataManager)
kafka2  | 2026-09-25T22:30:04.888598806Z [2026-09-25 22:30:04,888] INFO [GroupMetadataManager brokerId=2] Finished unloading __consumer_offsets-38 for coordinator epoch OptionalInt[0]. Removed 0 cached offsets and 0 cached groups. (kafka.coordinator.group.GroupMetadataManager)
kafka2  | 2026-09-25T22:30:04.889179157Z [2026-09-25 22:30:04,888] INFO [DynamicConfigPublisher broker id=2] Updating topic __consumer_offsets with new configuration : compression.type -> producer,cleanup.policy -> compact,segment.bytes -> 104857600 (kafka.server.metadata.DynamicConfigPublisher)
kafka2  | 2026-09-25T22:30:04.890230306Z [2026-09-25 22:30:04,889] INFO [GroupMetadataManager brokerId=2] Finished unloading __consumer_offsets-34 for coordinator epoch OptionalInt[0]. Removed 0 cached offsets and 0 cached groups. (kafka.coordinator.group.GroupMetadataManager)
kafka2  | 2026-09-25T22:30:04.890262270Z [2026-09-25 22:30:04,890] INFO [GroupMetadataManager brokerId=2] Finished unloading __consumer_offsets-47 for coordinator epoch OptionalInt[0]. Removed 0 cached offsets and 0 cached groups. (kafka.coordinator.group.GroupMetadataManager)
kafka2  | 2026-09-25T22:30:04.891665890Z [2026-09-25 22:30:04,891] INFO [GroupMetadataManager brokerId=2] Finished unloading __consumer_offsets-16 for coordinator epoch OptionalInt[0]. Removed 0 cached offsets and 0 cached groups. (kafka.coordinator.group.GroupMetadataManager)
kafka2  | 2026-09-25T22:30:04.892178363Z [2026-09-25 22:30:04,891] INFO [GroupMetadataManager brokerId=2] Finished unloading __consumer_offsets-45 for coordinator epoch OptionalInt[0]. Removed 0 cached offsets and 0 cached groups. (kafka.coordinator.group.GroupMetadataManager)
kafka2  | 2026-09-25T22:30:04.892203267Z [2026-09-25 22:30:04,891] INFO [GroupMetadataManager brokerId=2] Finished unloading __consumer_offsets-43 for coordinator epoch OptionalInt[0]. Removed 0 cached offsets and 0 cached groups. (kafka.coordinator.group.GroupMetadataManager)
kafka2  | 2026-09-25T22:30:04.892205863Z [2026-09-25 22:30:04,891] INFO [GroupMetadataManager brokerId=2] Finished unloading __consumer_offsets-12 for coordinator epoch OptionalInt[0]. Removed 0 cached offsets and 0 cached groups. (kafka.coordinator.group.GroupMetadataManager)
kafka2  | 2026-09-25T22:30:04.892208609Z [2026-09-25 22:30:04,892] INFO [GroupMetadataManager brokerId=2] Finished unloading __consumer_offsets-10 for coordinator epoch OptionalInt[0]. Removed 0 cached offsets and 0 cached groups. (kafka.coordinator.group.GroupMetadataManager)
kafka2  | 2026-09-25T22:30:04.892210284Z [2026-09-25 22:30:04,892] INFO [GroupMetadataManager brokerId=2] Finished unloading __consumer_offsets-20 for coordinator epoch OptionalInt[0]. Removed 0 cached offsets and 0 cached groups. (kafka.coordinator.group.GroupMetadataManager)
kafka2  | 2026-09-25T22:30:04.892927198Z [2026-09-25 22:30:04,892] INFO [GroupMetadataManager brokerId=2] Finished unloading __consumer_offsets-18 for coordinator epoch OptionalInt[0]. Removed 0 cached offsets and 0 cached groups. (kafka.coordinator.group.GroupMetadataManager)
kafka2  | 2026-09-25T22:30:04.893062999Z [2026-09-25 22:30:04,892] INFO [GroupMetadataManager brokerId=2] Finished unloading __consumer_offsets-0 for coordinator epoch OptionalInt[0]. Removed 0 cached offsets and 0 cached groups. (kafka.coordinator.group.GroupMetadataManager)
kafka2  | 2026-09-25T22:30:04.893069141Z [2026-09-25 22:30:04,893] INFO [GroupMetadataManager brokerId=2] Finished unloading __consumer_offsets-29 for coordinator epoch OptionalInt[0]. Removed 0 cached offsets and 0 cached groups. (kafka.coordinator.group.GroupMetadataManager)
kafka2  | 2026-09-25T22:30:04.893316909Z [2026-09-25 22:30:04,893] INFO [GroupMetadataManager brokerId=2] Finished unloading __consumer_offsets-25 for coordinator epoch OptionalInt[0]. Removed 0 cached offsets and 0 cached groups. (kafka.coordinator.group.GroupMetadataManager)
kafka2  | 2026-09-25T22:30:04.893331719Z [2026-09-25 22:30:04,893] INFO [GroupMetadataManager brokerId=2] Finished unloading __consumer_offsets-39 for coordinator epoch OptionalInt[0]. Removed 0 cached offsets and 0 cached groups. (kafka.coordinator.group.GroupMetadataManager)
kafka2  | 2026-09-25T22:30:04.893391368Z [2026-09-25 22:30:04,893] INFO [GroupMetadataManager brokerId=2] Finished unloading __consumer_offsets-8 for coordinator epoch OptionalInt[0]. Removed 0 cached offsets and 0 cached groups. (kafka.coordinator.group.GroupMetadataManager)
kafka2  | 2026-09-25T22:30:04.893635763Z [2026-09-25 22:30:04,893] INFO [GroupMetadataManager brokerId=2] Finished unloading __consumer_offsets-37 for coordinator epoch OptionalInt[0]. Removed 0 cached offsets and 0 cached groups. (kafka.coordinator.group.GroupMetadataManager)
kafka2  | 2026-09-25T22:30:04.893652681Z [2026-09-25 22:30:04,893] INFO [GroupMetadataManager brokerId=2] Finished unloading __consumer_offsets-6 for coordinator epoch OptionalInt[0]. Removed 0 cached offsets and 0 cached groups. (kafka.coordinator.group.GroupMetadataManager)
kafka2  | 2026-09-25T22:30:04.893686710Z [2026-09-25 22:30:04,893] INFO [GroupMetadataManager brokerId=2] Finished unloading __consumer_offsets-4 for coordinator epoch OptionalInt[0]. Removed 0 cached offsets and 0 cached groups. (kafka.coordinator.group.GroupMetadataManager)
kafka2  | 2026-09-25T22:30:04.893820496Z [2026-09-25 22:30:04,893] INFO [GroupMetadataManager brokerId=2] Finished unloading __consumer_offsets-33 for coordinator epoch OptionalInt[0]. Removed 0 cached offsets and 0 cached groups. (kafka.coordinator.group.GroupMetadataManager)
kafka2  | 2026-09-25T22:30:04.893934086Z [2026-09-25 22:30:04,893] INFO [GroupMetadataManager brokerId=2] Finished unloading __consumer_offsets-2 for coordinator epoch OptionalInt[0]. Removed 0 cached offsets and 0 cached groups. (kafka.coordinator.group.GroupMetadataManager)
kafka3  | 2026-09-25T22:30:04.998821443Z [2026-09-25 22:30:04,998] INFO [GroupCoordinator 3]: Resigned as the group coordinator for partition 6 in epoch OptionalInt[0] (kafka.coordinator.group.GroupCoordinator)
kafka3  | 2026-09-25T22:30:04.998823439Z [2026-09-25 22:30:04,998] INFO [GroupMetadataManager brokerId=3] Scheduling unloading of offsets and group metadata from __consumer_offsets-6 (kafka.coordinator.group.GroupMetadataManager)
kafka3  | 2026-09-25T22:30:04.998825335Z [2026-09-25 22:30:04,998] INFO [GroupCoordinator 3]: Resigned as the group coordinator for partition 35 in epoch OptionalInt[0] (kafka.coordinator.group.GroupCoordinator)
kafka3  | 2026-09-25T22:30:04.998827138Z [2026-09-25 22:30:04,998] INFO [GroupMetadataManager brokerId=3] Scheduling unloading of offsets and group metadata from __consumer_offsets-35 (kafka.coordinator.group.GroupMetadataManager)
kafka3  | 2026-09-25T22:30:04.998828968Z [2026-09-25 22:30:04,998] INFO [GroupCoordinator 3]: Resigned as the group coordinator for partition 33 in epoch OptionalInt[0] (kafka.coordinator.group.GroupCoordinator)
kafka3  | 2026-09-25T22:30:04.998830786Z [2026-09-25 22:30:04,998] INFO [GroupMetadataManager brokerId=3] Scheduling unloading of offsets and group metadata from __consumer_offsets-33 (kafka.coordinator.group.GroupMetadataManager)
kafka3  | 2026-09-25T22:30:05.001614548Z [2026-09-25 22:30:05,001] INFO [GroupMetadataManager brokerId=3] Finished loading offsets and group metadata from __consumer_offsets-15 in 8 milliseconds for epoch 0, of which 2 milliseconds was spent in the scheduler. (kafka.coordinator.group.GroupMetadataManager)
kafka3  | 2026-09-25T22:30:05.002226131Z [2026-09-25 22:30:05,001] INFO [GroupMetadataManager brokerId=3] Finished loading offsets and group metadata from __consumer_offsets-47 in 9 milliseconds for epoch 0, of which 9 milliseconds was spent in the scheduler. (kafka.coordinator.group.GroupMetadataManager)
kafka3  | 2026-09-25T22:30:05.002482409Z [2026-09-25 22:30:05,002] INFO [GroupMetadataManager brokerId=3] Finished loading offsets and group metadata from __consumer_offsets-11 in 10 milliseconds for epoch 0, of which 10 milliseconds was spent in the scheduler. (kafka.coordinator.group.GroupMetadataManager)
kafka3  | 2026-09-25T22:30:05.002591133Z [2026-09-25 22:30:05,002] INFO [GroupMetadataManager brokerId=3] Finished loading offsets and group metadata from __consumer_offsets-43 in 10 milliseconds for epoch 0, of which 10 milliseconds was spent in the scheduler. (kafka.coordinator.group.GroupMetadataManager)
kafka3  | 2026-09-25T22:30:05.002830924Z [2026-09-25 22:30:05,002] INFO [GroupMetadataManager brokerId=3] Finished loading offsets and group metadata from __consumer_offsets-12 in 10 milliseconds for epoch 0, of which 10 milliseconds was spent in the scheduler. (kafka.coordinator.group.GroupMetadataManager)
kafka3  | 2026-09-25T22:30:05.003109902Z [2026-09-25 22:30:05,002] INFO [GroupMetadataManager brokerId=3] Finished loading offsets and group metadata from __consumer_offsets-21 in 10 milliseconds for epoch 0, of which 10 milliseconds was spent in the scheduler. (kafka.coordinator.group.GroupMetadataManager)
kafka3  | 2026-09-25T22:30:05.003150476Z [2026-09-25 22:30:05,003] INFO [GroupMetadataManager brokerId=3] Finished loading offsets and group metadata from __consumer_offsets-18 in 11 milliseconds for epoch 0, of which 10 milliseconds was spent in the scheduler. (kafka.coordinator.group.GroupMetadataManager)
kafka3  | 2026-09-25T22:30:05.003326067Z [2026-09-25 22:30:05,003] INFO [GroupMetadataManager brokerId=3] Finished loading offsets and group metadata from __consumer_offsets-32 in 11 milliseconds for epoch 0, of which 11 milliseconds was spent in the scheduler. (kafka.coordinator.group.GroupMetadataManager)
kafka3  | 2026-09-25T22:30:05.003722282Z [2026-09-25 22:30:05,003] INFO [GroupMetadataManager brokerId=3] Finished loading offsets and group metadata from __consumer_offsets-29 in 11 milliseconds for epoch 0, of which 11 milliseconds was spent in the scheduler. (kafka.coordinator.group.GroupMetadataManager)
kafka3  | 2026-09-25T22:30:05.003774147Z [2026-09-25 22:30:05,003] INFO [GroupMetadataManager brokerId=3] Finished loading offsets and group metadata from __consumer_offsets-25 in 11 milliseconds for epoch 0, of which 11 milliseconds was spent in the scheduler. (kafka.coordinator.group.GroupMetadataManager)
kafka3  | 2026-09-25T22:30:05.003996101Z [2026-09-25 22:30:05,003] INFO [GroupMetadataManager brokerId=3] Finished loading offsets and group metadata from __consumer_offsets-39 in 11 milliseconds for epoch 0, of which 11 milliseconds was spent in the scheduler. (kafka.coordinator.group.GroupMetadataManager)
kafka3  | 2026-09-25T22:30:05.004106792Z [2026-09-25 22:30:05,003] INFO [GroupMetadataManager brokerId=3] Finished loading offsets and group metadata from __consumer_offsets-8 in 11 milliseconds for epoch 0, of which 11 milliseconds was spent in the scheduler. (kafka.coordinator.group.GroupMetadataManager)
kafka3  | 2026-09-25T22:30:05.004367834Z [2026-09-25 22:30:05,004] INFO [GroupMetadataManager brokerId=3] Finished loading offsets and group metadata from __consumer_offsets-38 in 12 milliseconds for epoch 0, of which 12 milliseconds was spent in the scheduler. (kafka.coordinator.group.GroupMetadataManager)
kafka3  | 2026-09-25T22:30:05.004381897Z [2026-09-25 22:30:05,004] INFO [GroupMetadataManager brokerId=3] Finished loading offsets and group metadata from __consumer_offsets-4 in 12 milliseconds for epoch 0, of which 12 milliseconds was spent in the scheduler. (kafka.coordinator.group.GroupMetadataManager)
kafka3  | 2026-09-25T22:30:05.004617723Z [2026-09-25 22:30:05,004] INFO [GroupMetadataManager brokerId=3] Finished loading offsets and group metadata from __consumer_offsets-2 in 12 milliseconds for epoch 0, of which 12 milliseconds was spent in the scheduler. (kafka.coordinator.group.GroupMetadataManager)
kafka3  | 2026-09-25T22:30:05.005512510Z [2026-09-25 22:30:05,004] INFO [GroupMetadataManager brokerId=3] Finished loading offsets and group metadata from __consumer_offsets-34 in 11 milliseconds for epoch 0, of which 11 milliseconds was spent in the scheduler. (kafka.coordinator.group.GroupMetadataManager)
kafka3  | 2026-09-25T22:30:05.006691530Z [2026-09-25 22:30:05,006] INFO [DynamicConfigPublisher broker id=3] Updating topic __consumer_offsets with new configuration : compression.type -> producer,cleanup.policy -> compact,segment.bytes -> 104857600 (kafka.server.metadata.DynamicConfigPublisher)
kafka3  | 2026-09-25T22:30:05.008465688Z [2026-09-25 22:30:05,008] INFO [GroupMetadataManager brokerId=3] Finished unloading __consumer_offsets-48 for coordinator epoch OptionalInt[0]. Removed 0 cached offsets and 0 cached groups. (kafka.coordinator.group.GroupMetadataManager)
kafka3  | 2026-09-25T22:30:05.008754807Z [2026-09-25 22:30:05,008] INFO [GroupMetadataManager brokerId=3] Finished unloading __consumer_offsets-13 for coordinator epoch OptionalInt[0]. Removed 0 cached offsets and 0 cached groups. (kafka.coordinator.group.GroupMetadataManager)
kafka3  | 2026-09-25T22:30:05.008764107Z [2026-09-25 22:30:05,008] INFO [GroupMetadataManager brokerId=3] Finished unloading __consumer_offsets-46 for coordinator epoch OptionalInt[0]. Removed 0 cached offsets and 0 cached groups. (kafka.coordinator.group.GroupMetadataManager)
kafka3  | 2026-09-25T22:30:05.008766251Z [2026-09-25 22:30:05,008] INFO [GroupMetadataManager brokerId=3] Finished unloading __consumer_offsets-44 for coordinator epoch OptionalInt[0]. Removed 0 cached offsets and 0 cached groups. (kafka.coordinator.group.GroupMetadataManager)
kafka3  | 2026-09-25T22:30:05.009021444Z [2026-09-25 22:30:05,008] INFO [GroupMetadataManager brokerId=3] Finished unloading __consumer_offsets-9 for coordinator epoch OptionalInt[0]. Removed 0 cached offsets and 0 cached groups. (kafka.coordinator.group.GroupMetadataManager)
kafka3  | 2026-09-25T22:30:05.009035658Z [2026-09-25 22:30:05,008] INFO [GroupMetadataManager brokerId=3] Finished unloading __consumer_offsets-42 for coordinator epoch OptionalInt[0]. Removed 0 cached offsets and 0 cached groups. (kafka.coordinator.group.GroupMetadataManager)
kafka3  | 2026-09-25T22:30:05.009038635Z [2026-09-25 22:30:05,008] INFO [GroupMetadataManager brokerId=3] Finished unloading __consumer_offsets-23 for coordinator epoch OptionalInt[0]. Removed 0 cached offsets and 0 cached groups. (kafka.coordinator.group.GroupMetadataManager)
kafka3  | 2026-09-25T22:30:05.010323186Z [2026-09-25 22:30:05,008] INFO [GroupMetadataManager brokerId=3] Finished unloading __consumer_offsets-19 for coordinator epoch OptionalInt[0]. Removed 0 cached offsets and 0 cached groups. (kafka.coordinator.group.GroupMetadataManager)
kafka3  | 2026-09-25T22:30:05.010348706Z [2026-09-25 22:30:05,009] INFO [GroupMetadataManager brokerId=3] Finished unloading __consumer_offsets-17 for coordinator epoch OptionalInt[0]. Removed 0 cached offsets and 0 cached groups. (kafka.coordinator.group.GroupMetadataManager)
kafka3  | 2026-09-25T22:30:05.010350744Z [2026-09-25 22:30:05,009] INFO [GroupMetadataManager brokerId=3] Finished unloading __consumer_offsets-30 for coordinator epoch OptionalInt[0]. Removed 0 cached offsets and 0 cached groups. (kafka.coordinator.group.GroupMetadataManager)
kafka3  | 2026-09-25T22:30:05.010352433Z [2026-09-25 22:30:05,009] INFO [GroupMetadataManager brokerId=3] Finished unloading __consumer_offsets-28 for coordinator epoch OptionalInt[0]. Removed 0 cached offsets and 0 cached groups. (kafka.coordinator.group.GroupMetadataManager)
kafka3  | 2026-09-25T22:30:05.010356869Z [2026-09-25 22:30:05,009] INFO [GroupMetadataManager brokerId=3] Finished unloading __consumer_offsets-26 for coordinator epoch OptionalInt[0]. Removed 0 cached offsets and 0 cached groups. (kafka.coordinator.group.GroupMetadataManager)
kafka3  | 2026-09-25T22:30:05.010359006Z [2026-09-25 22:30:05,009] INFO [GroupMetadataManager brokerId=3] Finished unloading __consumer_offsets-7 for coordinator epoch OptionalInt[0]. Removed 0 cached offsets and 0 cached groups. (kafka.coordinator.group.GroupMetadataManager)
kafka3  | 2026-09-25T22:30:05.010360909Z [2026-09-25 22:30:05,009] INFO [GroupMetadataManager brokerId=3] Finished unloading __consumer_offsets-40 for coordinator epoch OptionalInt[0]. Removed 0 cached offsets and 0 cached groups. (kafka.coordinator.group.GroupMetadataManager)
kafka3  | 2026-09-25T22:30:05.010362580Z [2026-09-25 22:30:05,009] INFO [GroupMetadataManager brokerId=3] Finished unloading __consumer_offsets-5 for coordinator epoch OptionalInt[0]. Removed 0 cached offsets and 0 cached groups. (kafka.coordinator.group.GroupMetadataManager)
kafka3  | 2026-09-25T22:30:05.010383974Z [2026-09-25 22:30:05,009] INFO [GroupMetadataManager brokerId=3] Finished unloading __consumer_offsets-3 for coordinator epoch OptionalInt[0]. Removed 0 cached offsets and 0 cached groups. (kafka.coordinator.group.GroupMetadataManager)
kafka3  | 2026-09-25T22:30:05.010386261Z [2026-09-25 22:30:05,009] INFO [GroupMetadataManager brokerId=3] Finished unloading __consumer_offsets-36 for coordinator epoch OptionalInt[0]. Removed 0 cached offsets and 0 cached groups. (kafka.coordinator.group.GroupMetadataManager)
kafka3  | 2026-09-25T22:30:05.010387570Z [2026-09-25 22:30:05,009] INFO [GroupMetadataManager brokerId=3] Finished unloading __consumer_offsets-1 for coordinator epoch OptionalInt[0]. Removed 0 cached offsets and 0 cached groups. (kafka.coordinator.group.GroupMetadataManager)
kafka3  | 2026-09-25T22:30:05.010388947Z [2026-09-25 22:30:05,009] INFO [GroupMetadataManager brokerId=3] Finished unloading __consumer_offsets-16 for coordinator epoch OptionalInt[0]. Removed 0 cached offsets and 0 cached groups. (kafka.coordinator.group.GroupMetadataManager)
kafka3  | 2026-09-25T22:30:05.010390313Z [2026-09-25 22:30:05,009] INFO [GroupMetadataManager brokerId=3] Finished unloading __consumer_offsets-45 for coordinator epoch OptionalInt[0]. Removed 0 cached offsets and 0 cached groups. (kafka.coordinator.group.GroupMetadataManager)
kafka3  | 2026-09-25T22:30:05.010391826Z [2026-09-25 22:30:05,009] INFO [GroupMetadataManager brokerId=3] Finished unloading __consumer_offsets-14 for coordinator epoch OptionalInt[0]. Removed 0 cached offsets and 0 cached groups. (kafka.coordinator.group.GroupMetadataManager)
kafka3  | 2026-09-25T22:30:05.010393233Z [2026-09-25 22:30:05,009] INFO [GroupMetadataManager brokerId=3] Finished unloading __consumer_offsets-41 for coordinator epoch OptionalInt[0]. Removed 0 cached offsets and 0 cached groups. (kafka.coordinator.group.GroupMetadataManager)
kafka3  | 2026-09-25T22:30:05.010394828Z [2026-09-25 22:30:05,009] INFO [GroupMetadataManager brokerId=3] Finished unloading __consumer_offsets-10 for coordinator epoch OptionalInt[0]. Removed 0 cached offsets and 0 cached groups. (kafka.coordinator.group.GroupMetadataManager)
kafka3  | 2026-09-25T22:30:05.010399437Z [2026-09-25 22:30:05,009] INFO [GroupMetadataManager brokerId=3] Finished unloading __consumer_offsets-24 for coordinator epoch OptionalInt[0]. Removed 0 cached offsets and 0 cached groups. (kafka.coordinator.group.GroupMetadataManager)
kafka3  | 2026-09-25T22:30:05.010401743Z [2026-09-25 22:30:05,009] INFO [GroupMetadataManager brokerId=3] Finished unloading __consumer_offsets-22 for coordinator epoch OptionalInt[0]. Removed 0 cached offsets and 0 cached groups. (kafka.coordinator.group.GroupMetadataManager)
kafka3  | 2026-09-25T22:30:05.010403306Z [2026-09-25 22:30:05,009] INFO [GroupMetadataManager brokerId=3] Finished unloading __consumer_offsets-20 for coordinator epoch OptionalInt[0]. Removed 0 cached offsets and 0 cached groups. (kafka.coordinator.group.GroupMetadataManager)
kafka3  | 2026-09-25T22:30:05.010404934Z [2026-09-25 22:30:05,009] INFO [GroupMetadataManager brokerId=3] Finished unloading __consumer_offsets-49 for coordinator epoch OptionalInt[0]. Removed 0 cached offsets and 0 cached groups. (kafka.coordinator.group.GroupMetadataManager)
kafka3  | 2026-09-25T22:30:05.010406408Z [2026-09-25 22:30:05,009] INFO [GroupMetadataManager brokerId=3] Finished unloading __consumer_offsets-31 for coordinator epoch OptionalInt[0]. Removed 0 cached offsets and 0 cached groups. (kafka.coordinator.group.GroupMetadataManager)
kafka3  | 2026-09-25T22:30:05.010412868Z [2026-09-25 22:30:05,009] INFO [GroupMetadataManager brokerId=3] Finished unloading __consumer_offsets-0 for coordinator epoch OptionalInt[0]. Removed 0 cached offsets and 0 cached groups. (kafka.coordinator.group.GroupMetadataManager)
kafka3  | 2026-09-25T22:30:05.010414831Z [2026-09-25 22:30:05,009] INFO [GroupMetadataManager brokerId=3] Finished unloading __consumer_offsets-27 for coordinator epoch OptionalInt[0]. Removed 0 cached offsets and 0 cached groups. (kafka.coordinator.group.GroupMetadataManager)
kafka3  | 2026-09-25T22:30:05.010416187Z [2026-09-25 22:30:05,009] INFO [GroupMetadataManager brokerId=3] Finished unloading __consumer_offsets-37 for coordinator epoch OptionalInt[0]. Removed 0 cached offsets and 0 cached groups. (kafka.coordinator.group.GroupMetadataManager)
kafka3  | 2026-09-25T22:30:05.010417774Z [2026-09-25 22:30:05,010] INFO [GroupMetadataManager brokerId=3] Finished unloading __consumer_offsets-6 for coordinator epoch OptionalInt[0]. Removed 0 cached offsets and 0 cached groups. (kafka.coordinator.group.GroupMetadataManager)
kafka3  | 2026-09-25T22:30:05.010422539Z [2026-09-25 22:30:05,010] INFO [GroupMetadataManager brokerId=3] Finished unloading __consumer_offsets-35 for coordinator epoch OptionalInt[0]. Removed 0 cached offsets and 0 cached groups. (kafka.coordinator.group.GroupMetadataManager)
kafka3  | 2026-09-25T22:30:05.010424364Z [2026-09-25 22:30:05,010] INFO [GroupMetadataManager brokerId=3] Finished unloading __consumer_offsets-33 for coordinator epoch OptionalInt[0]. Removed 0 cached offsets and 0 cached groups. (kafka.coordinator.group.GroupMetadataManager)
kafka3  | 2026-09-25T22:30:05.186309304Z [2026-09-25 22:30:05,185] INFO [ReplicaFetcher replicaId=3, leaderId=2, fetcherId=0] Truncating partition __consumer_offsets-14 with TruncationState(offset=0, completed=true) due to local high watermark 0 (kafka.server.ReplicaFetcherThread)
kafka3  | 2026-09-25T22:30:05.186356839Z [2026-09-25 22:30:05,186] INFO [UnifiedLog partition=__consumer_offsets-14, dir=/var/lib/kafka/data] Truncating to 0 has no effect as the largest offset in the log is -1 (kafka.log.UnifiedLog)
kafka3  | 2026-09-25T22:30:05.186657065Z [2026-09-25 22:30:05,186] INFO [ReplicaFetcher replicaId=3, leaderId=2, fetcherId=0] Truncating partition __consumer_offsets-46 with TruncationState(offset=0, completed=true) due to local high watermark 0 (kafka.server.ReplicaFetcherThread)
kafka3  | 2026-09-25T22:30:05.187038551Z [2026-09-25 22:30:05,186] INFO [UnifiedLog partition=__consumer_offsets-46, dir=/var/lib/kafka/data] Truncating to 0 has no effect as the largest offset in the log is -1 (kafka.log.UnifiedLog)
kafka3  | 2026-09-25T22:30:05.187077988Z [2026-09-25 22:30:05,186] INFO [ReplicaFetcher replicaId=3, leaderId=2, fetcherId=0] Truncating partition __consumer_offsets-44 with TruncationState(offset=0, completed=true) due to local high watermark 0 (kafka.server.ReplicaFetcherThread)
kafka3  | 2026-09-25T22:30:05.187098774Z [2026-09-25 22:30:05,186] INFO [UnifiedLog partition=__consumer_offsets-44, dir=/var/lib/kafka/data] Truncating to 0 has no effect as the largest offset in the log is -1 (kafka.log.UnifiedLog)
kafka3  | 2026-09-25T22:30:05.187480538Z [2026-09-25 22:30:05,187] INFO [ReplicaFetcher replicaId=3, leaderId=2, fetcherId=0] Truncating partition __consumer_offsets-41 with TruncationState(offset=0, completed=true) due to local high watermark 0 (kafka.server.ReplicaFetcherThread)
kafka3  | 2026-09-25T22:30:05.187498775Z [2026-09-25 22:30:05,187] INFO [UnifiedLog partition=__consumer_offsets-41, dir=/var/lib/kafka/data] Truncating to 0 has no effect as the largest offset in the log is -1 (kafka.log.UnifiedLog)
kafka3  | 2026-09-25T22:30:05.187858475Z [2026-09-25 22:30:05,187] INFO [ReplicaFetcher replicaId=3, leaderId=2, fetcherId=0] Truncating partition __consumer_offsets-9 with TruncationState(offset=0, completed=true) due to local high watermark 0 (kafka.server.ReplicaFetcherThread)
kafka3  | 2026-09-25T22:30:05.188125137Z [2026-09-25 22:30:05,187] INFO [UnifiedLog partition=__consumer_offsets-9, dir=/var/lib/kafka/data] Truncating to 0 has no effect as the largest offset in the log is -1 (kafka.log.UnifiedLog)
kafka3  | 2026-09-25T22:30:05.188144355Z [2026-09-25 22:30:05,187] INFO [ReplicaFetcher replicaId=3, leaderId=2, fetcherId=0] Truncating partition __consumer_offsets-24 with TruncationState(offset=0, completed=true) due to local high watermark 0 (kafka.server.ReplicaFetcherThread)
kafka3  | 2026-09-25T22:30:05.188149753Z [2026-09-25 22:30:05,188] INFO [UnifiedLog partition=__consumer_offsets-24, dir=/var/lib/kafka/data] Truncating to 0 has no effect as the largest offset in the log is -1 (kafka.log.UnifiedLog)
kafka3  | 2026-09-25T22:30:05.188520878Z [2026-09-25 22:30:05,188] INFO [ReplicaFetcher replicaId=3, leaderId=2, fetcherId=0] Truncating partition __consumer_offsets-22 with TruncationState(offset=0, completed=true) due to local high watermark 0 (kafka.server.ReplicaFetcherThread)
kafka3  | 2026-09-25T22:30:05.188857113Z [2026-09-25 22:30:05,188] INFO [UnifiedLog partition=__consumer_offsets-22, dir=/var/lib/kafka/data] Truncating to 0 has no effect as the largest offset in the log is -1 (kafka.log.UnifiedLog)
kafka3  | 2026-09-25T22:30:05.188873401Z [2026-09-25 22:30:05,188] INFO [ReplicaFetcher replicaId=3, leaderId=2, fetcherId=0] Truncating partition __consumer_offsets-19 with TruncationState(offset=0, completed=true) due to local high watermark 0 (kafka.server.ReplicaFetcherThread)
kafka3  | 2026-09-25T22:30:05.189084627Z [2026-09-25 22:30:05,188] INFO [UnifiedLog partition=__consumer_offsets-19, dir=/var/lib/kafka/data] Truncating to 0 has no effect as the largest offset in the log is -1 (kafka.log.UnifiedLog)
kafka3  | 2026-09-25T22:30:05.189482274Z [2026-09-25 22:30:05,189] INFO [ReplicaFetcher replicaId=3, leaderId=2, fetcherId=0] Truncating partition __consumer_offsets-17 with TruncationState(offset=0, completed=true) due to local high watermark 0 (kafka.server.ReplicaFetcherThread)
kafka3  | 2026-09-25T22:30:05.189510493Z [2026-09-25 22:30:05,189] INFO [UnifiedLog partition=__consumer_offsets-17, dir=/var/lib/kafka/data] Truncating to 0 has no effect as the largest offset in the log is -1 (kafka.log.UnifiedLog)
kafka3  | 2026-09-25T22:30:05.189923888Z [2026-09-25 22:30:05,189] INFO [ReplicaFetcher replicaId=3, leaderId=2, fetcherId=0] Truncating partition __consumer_offsets-49 with TruncationState(offset=0, completed=true) due to local high watermark 0 (kafka.server.ReplicaFetcherThread)
kafka3  | 2026-09-25T22:30:05.189944192Z [2026-09-25 22:30:05,189] INFO [UnifiedLog partition=__consumer_offsets-49, dir=/var/lib/kafka/data] Truncating to 0 has no effect as the largest offset in the log is -1 (kafka.log.UnifiedLog)
kafka3  | 2026-09-25T22:30:05.190418949Z [2026-09-25 22:30:05,190] INFO [ReplicaFetcher replicaId=3, leaderId=2, fetcherId=0] Truncating partition __consumer_offsets-31 with TruncationState(offset=0, completed=true) due to local high watermark 0 (kafka.server.ReplicaFetcherThread)
kafka3  | 2026-09-25T22:30:05.190449282Z [2026-09-25 22:30:05,190] INFO [UnifiedLog partition=__consumer_offsets-31, dir=/var/lib/kafka/data] Truncating to 0 has no effect as the largest offset in the log is -1 (kafka.log.UnifiedLog)
kafka3  | 2026-09-25T22:30:05.190877799Z [2026-09-25 22:30:05,190] INFO [ReplicaFetcher replicaId=3, leaderId=2, fetcherId=0] Truncating partition __consumer_offsets-27 with TruncationState(offset=0, completed=true) due to local high watermark 0 (kafka.server.ReplicaFetcherThread)
kafka3  | 2026-09-25T22:30:05.191066954Z [2026-09-25 22:30:05,190] INFO [UnifiedLog partition=__consumer_offsets-27, dir=/var/lib/kafka/data] Truncating to 0 has no effect as the largest offset in the log is -1 (kafka.log.UnifiedLog)
kafka3  | 2026-09-25T22:30:05.191685030Z [2026-09-25 22:30:05,191] INFO [ReplicaFetcher replicaId=3, leaderId=2, fetcherId=0] Truncating partition __consumer_offsets-7 with TruncationState(offset=0, completed=true) due to local high watermark 0 (kafka.server.ReplicaFetcherThread)
kafka3  | 2026-09-25T22:30:05.192047501Z [2026-09-25 22:30:05,191] INFO [UnifiedLog partition=__consumer_offsets-7, dir=/var/lib/kafka/data] Truncating to 0 has no effect as the largest offset in the log is -1 (kafka.log.UnifiedLog)
kafka3  | 2026-09-25T22:30:05.192073694Z [2026-09-25 22:30:05,191] INFO [ReplicaFetcher replicaId=3, leaderId=2, fetcherId=0] Truncating partition __consumer_offsets-35 with TruncationState(offset=0, completed=true) due to local high watermark 0 (kafka.server.ReplicaFetcherThread)
kafka3  | 2026-09-25T22:30:05.192080960Z [2026-09-25 22:30:05,191] INFO [UnifiedLog partition=__consumer_offsets-35, dir=/var/lib/kafka/data] Truncating to 0 has no effect as the largest offset in the log is -1 (kafka.log.UnifiedLog)
kafka3  | 2026-09-25T22:30:05.192607245Z [2026-09-25 22:30:05,192] INFO [ReplicaFetcher replicaId=3, leaderId=2, fetcherId=0] Truncating partition __consumer_offsets-3 with TruncationState(offset=0, completed=true) due to local high watermark 0 (kafka.server.ReplicaFetcherThread)
kafka3  | 2026-09-25T22:30:05.192630158Z [2026-09-25 22:30:05,192] INFO [UnifiedLog partition=__consumer_offsets-3, dir=/var/lib/kafka/data] Truncating to 0 has no effect as the largest offset in the log is -1 (kafka.log.UnifiedLog)
kafka3  | 2026-09-25T22:30:05.195422645Z [2026-09-25 22:30:05,194] INFO [ReplicaFetcher replicaId=3, leaderId=2, fetcherId=0] Truncating partition __consumer_offsets-36 with TruncationState(offset=0, completed=true) due to local high watermark 0 (kafka.server.ReplicaFetcherThread)
kafka3  | 2026-09-25T22:30:05.195452538Z [2026-09-25 22:30:05,195] INFO [UnifiedLog partition=__consumer_offsets-36, dir=/var/lib/kafka/data] Truncating to 0 has no effect as the largest offset in the log is -1 (kafka.log.UnifiedLog)
kafka3  | 2026-09-25T22:30:05.195802345Z [2026-09-25 22:30:05,195] INFO [ReplicaFetcher replicaId=3, leaderId=2, fetcherId=0] Truncating partition __consumer_offsets-1 with TruncationState(offset=0, completed=true) due to local high watermark 0 (kafka.server.ReplicaFetcherThread)
kafka3  | 2026-09-25T22:30:05.195821754Z [2026-09-25 22:30:05,195] INFO [UnifiedLog partition=__consumer_offsets-1, dir=/var/lib/kafka/data] Truncating to 0 has no effect as the largest offset in the log is -1 (kafka.log.UnifiedLog)
kafka3  | 2026-09-25T22:30:05.301969868Z [2026-09-25 22:30:05,301] INFO [ReplicaFetcher replicaId=3, leaderId=1, fetcherId=0] Truncating partition __consumer_offsets-16 with TruncationState(offset=0, completed=true) due to local high watermark 0 (kafka.server.ReplicaFetcherThread)
kafka3  | 2026-09-25T22:30:05.302337528Z [2026-09-25 22:30:05,301] INFO [UnifiedLog partition=__consumer_offsets-16, dir=/var/lib/kafka/data] Truncating to 0 has no effect as the largest offset in the log is -1 (kafka.log.UnifiedLog)
kafka3  | 2026-09-25T22:30:05.302702442Z [2026-09-25 22:30:05,302] INFO [ReplicaFetcher replicaId=3, leaderId=1, fetcherId=0] Truncating partition __consumer_offsets-48 with TruncationState(offset=0, completed=true) due to local high watermark 0 (kafka.server.ReplicaFetcherThread)
kafka3  | 2026-09-25T22:30:05.302742403Z [2026-09-25 22:30:05,302] INFO [UnifiedLog partition=__consumer_offsets-48, dir=/var/lib/kafka/data] Truncating to 0 has no effect as the largest offset in the log is -1 (kafka.log.UnifiedLog)
kafka3  | 2026-09-25T22:30:05.303147378Z [2026-09-25 22:30:05,302] INFO [ReplicaFetcher replicaId=3, leaderId=1, fetcherId=0] Truncating partition __consumer_offsets-13 with TruncationState(offset=0, completed=true) due to local high watermark 0 (kafka.server.ReplicaFetcherThread)
kafka3  | 2026-09-25T22:30:05.303210512Z [2026-09-25 22:30:05,303] INFO [UnifiedLog partition=__consumer_offsets-13, dir=/var/lib/kafka/data] Truncating to 0 has no effect as the largest offset in the log is -1 (kafka.log.UnifiedLog)
kafka3  | 2026-09-25T22:30:05.303370164Z [2026-09-25 22:30:05,303] INFO [ReplicaFetcher replicaId=3, leaderId=1, fetcherId=0] Truncating partition __consumer_offsets-45 with TruncationState(offset=0, completed=true) due to local high watermark 0 (kafka.server.ReplicaFetcherThread)
kafka3  | 2026-09-25T22:30:05.303557090Z [2026-09-25 22:30:05,303] INFO [UnifiedLog partition=__consumer_offsets-45, dir=/var/lib/kafka/data] Truncating to 0 has no effect as the largest offset in the log is -1 (kafka.log.UnifiedLog)
kafka3  | 2026-09-25T22:30:05.303565049Z [2026-09-25 22:30:05,303] INFO [ReplicaFetcher replicaId=3, leaderId=1, fetcherId=0] Truncating partition __consumer_offsets-42 with TruncationState(offset=0, completed=true) due to local high watermark 0 (kafka.server.ReplicaFetcherThread)
kafka3  | 2026-09-25T22:30:05.303567693Z [2026-09-25 22:30:05,303] INFO [UnifiedLog partition=__consumer_offsets-42, dir=/var/lib/kafka/data] Truncating to 0 has no effect as the largest offset in the log is -1 (kafka.log.UnifiedLog)
kafka3  | 2026-09-25T22:30:05.303569982Z [2026-09-25 22:30:05,303] INFO [ReplicaFetcher replicaId=3, leaderId=1, fetcherId=0] Truncating partition __consumer_offsets-10 with TruncationState(offset=0, completed=true) due to local high watermark 0 (kafka.server.ReplicaFetcherThread)
kafka3  | 2026-09-25T22:30:05.303630926Z [2026-09-25 22:30:05,303] INFO [UnifiedLog partition=__consumer_offsets-10, dir=/var/lib/kafka/data] Truncating to 0 has no effect as the largest offset in the log is -1 (kafka.log.UnifiedLog)
kafka3  | 2026-09-25T22:30:05.303943803Z [2026-09-25 22:30:05,303] INFO [ReplicaFetcher replicaId=3, leaderId=1, fetcherId=0] Truncating partition __consumer_offsets-23 with TruncationState(offset=0, completed=true) due to local high watermark 0 (kafka.server.ReplicaFetcherThread)
kafka3  | 2026-09-25T22:30:05.303964343Z [2026-09-25 22:30:05,303] INFO [UnifiedLog partition=__consumer_offsets-23, dir=/var/lib/kafka/data] Truncating to 0 has no effect as the largest offset in the log is -1 (kafka.log.UnifiedLog)
kafka3  | 2026-09-25T22:30:05.304067521Z [2026-09-25 22:30:05,303] INFO [ReplicaFetcher replicaId=3, leaderId=1, fetcherId=0] Truncating partition __consumer_offsets-20 with TruncationState(offset=0, completed=true) due to local high watermark 0 (kafka.server.ReplicaFetcherThread)
kafka3  | 2026-09-25T22:30:05.304111867Z [2026-09-25 22:30:05,304] INFO [UnifiedLog partition=__consumer_offsets-20, dir=/var/lib/kafka/data] Truncating to 0 has no effect as the largest offset in the log is -1 (kafka.log.UnifiedLog)
kafka3  | 2026-09-25T22:30:05.304366519Z [2026-09-25 22:30:05,304] INFO [ReplicaFetcher replicaId=3, leaderId=1, fetcherId=0] Truncating partition __consumer_offsets-0 with TruncationState(offset=0, completed=true) due to local high watermark 0 (kafka.server.ReplicaFetcherThread)
kafka3  | 2026-09-25T22:30:05.304404736Z [2026-09-25 22:30:05,304] INFO [UnifiedLog partition=__consumer_offsets-0, dir=/var/lib/kafka/data] Truncating to 0 has no effect as the largest offset in the log is -1 (kafka.log.UnifiedLog)
kafka3  | 2026-09-25T22:30:05.304421677Z [2026-09-25 22:30:05,304] INFO [ReplicaFetcher replicaId=3, leaderId=1, fetcherId=0] Truncating partition __consumer_offsets-30 with TruncationState(offset=0, completed=true) due to local high watermark 0 (kafka.server.ReplicaFetcherThread)
kafka3  | 2026-09-25T22:30:05.304504371Z [2026-09-25 22:30:05,304] INFO [UnifiedLog partition=__consumer_offsets-30, dir=/var/lib/kafka/data] Truncating to 0 has no effect as the largest offset in the log is -1 (kafka.log.UnifiedLog)
kafka3  | 2026-09-25T22:30:05.304614767Z [2026-09-25 22:30:05,304] INFO [ReplicaFetcher replicaId=3, leaderId=1, fetcherId=0] Truncating partition __consumer_offsets-28 with TruncationState(offset=0, completed=true) due to local high watermark 0 (kafka.server.ReplicaFetcherThread)
kafka3  | 2026-09-25T22:30:05.304624723Z [2026-09-25 22:30:05,304] INFO [UnifiedLog partition=__consumer_offsets-28, dir=/var/lib/kafka/data] Truncating to 0 has no effect as the largest offset in the log is -1 (kafka.log.UnifiedLog)
kafka3  | 2026-09-25T22:30:05.304811546Z [2026-09-25 22:30:05,304] INFO [ReplicaFetcher replicaId=3, leaderId=1, fetcherId=0] Truncating partition __consumer_offsets-26 with TruncationState(offset=0, completed=true) due to local high watermark 0 (kafka.server.ReplicaFetcherThread)
kafka3  | 2026-09-25T22:30:05.304822493Z [2026-09-25 22:30:05,304] INFO [UnifiedLog partition=__consumer_offsets-26, dir=/var/lib/kafka/data] Truncating to 0 has no effect as the largest offset in the log is -1 (kafka.log.UnifiedLog)
kafka3  | 2026-09-25T22:30:05.305086804Z [2026-09-25 22:30:05,304] INFO [ReplicaFetcher replicaId=3, leaderId=1, fetcherId=0] Truncating partition __consumer_offsets-40 with TruncationState(offset=0, completed=true) due to local high watermark 0 (kafka.server.ReplicaFetcherThread)
kafka3  | 2026-09-25T22:30:05.305107172Z [2026-09-25 22:30:05,305] INFO [UnifiedLog partition=__consumer_offsets-40, dir=/var/lib/kafka/data] Truncating to 0 has no effect as the largest offset in the log is -1 (kafka.log.UnifiedLog)
kafka3  | 2026-09-25T22:30:05.305410536Z [2026-09-25 22:30:05,305] INFO [ReplicaFetcher replicaId=3, leaderId=1, fetcherId=0] Truncating partition __consumer_offsets-37 with TruncationState(offset=0, completed=true) due to local high watermark 0 (kafka.server.ReplicaFetcherThread)
kafka3  | 2026-09-25T22:30:05.305427128Z [2026-09-25 22:30:05,305] INFO [UnifiedLog partition=__consumer_offsets-37, dir=/var/lib/kafka/data] Truncating to 0 has no effect as the largest offset in the log is -1 (kafka.log.UnifiedLog)
kafka3  | 2026-09-25T22:30:05.305431507Z [2026-09-25 22:30:05,305] INFO [ReplicaFetcher replicaId=3, leaderId=1, fetcherId=0] Truncating partition __consumer_offsets-5 with TruncationState(offset=0, completed=true) due to local high watermark 0 (kafka.server.ReplicaFetcherThread)
kafka3  | 2026-09-25T22:30:05.305514104Z [2026-09-25 22:30:05,305] INFO [UnifiedLog partition=__consumer_offsets-5, dir=/var/lib/kafka/data] Truncating to 0 has no effect as the largest offset in the log is -1 (kafka.log.UnifiedLog)
kafka3  | 2026-09-25T22:30:05.305523478Z [2026-09-25 22:30:05,305] INFO [ReplicaFetcher replicaId=3, leaderId=1, fetcherId=0] Truncating partition __consumer_offsets-6 with TruncationState(offset=0, completed=true) due to local high watermark 0 (kafka.server.ReplicaFetcherThread)
kafka3  | 2026-09-25T22:30:05.305645907Z [2026-09-25 22:30:05,305] INFO [UnifiedLog partition=__consumer_offsets-6, dir=/var/lib/kafka/data] Truncating to 0 has no effect as the largest offset in the log is -1 (kafka.log.UnifiedLog)
kafka3  | 2026-09-25T22:30:05.305655217Z [2026-09-25 22:30:05,305] INFO [ReplicaFetcher replicaId=3, leaderId=1, fetcherId=0] Truncating partition __consumer_offsets-33 with TruncationState(offset=0, completed=true) due to local high watermark 0 (kafka.server.ReplicaFetcherThread)
kafka3  | 2026-09-25T22:30:05.305952031Z [2026-09-25 22:30:05,305] INFO [UnifiedLog partition=__consumer_offsets-33, dir=/var/lib/kafka/data] Truncating to 0 has no effect as the largest offset in the log is -1 (kafka.log.UnifiedLog)
